date,hospital_name,borough,zip_code,er_visits_respiratory,total_er_visits,covid_cases,data_source
2020-02-29,Bronx Medical Center,BX,10451,1,12,0,NYC_COVID_REAL
2020-02-29,Brooklyn Health Center,BK,11201,1,21,0,NYC_COVID_REAL
2020-02-29,Manhattan Hospital,MN,10001,1,11,1,NYC_COVID_REAL
2020-02-29,Queens Medical Center,QN,11101,1,19,0,NYC_COVID_REAL
2020-02-29,Staten Island Hospital,SI,10301,1,19,0,NYC_COVID_REAL
2020-03-01,Bronx Medical Center,BX,10451,1,27,0,NYC_COVID_REAL
2020-03-01,Brooklyn Health Center,BK,11201,1,24,0,NYC_COVID_REAL
2020-03-01,Manhattan Hospital,MN,10001,1,29,0,NYC_COVID_REAL
2020-03-01,Queens Medical Center,QN,11101,1,26,0,NYC_COVID_REAL
2020-03-01,Staten Island Hospital,SI,10301,1,18,0,NYC_COVID_REAL
2020-03-02,Bronx Medical Center,BX,10451,1,11,0,NYC_COVID_REAL
2020-03-02,Brooklyn Health Center,BK,11201,2,20,0,NYC_COVID_REAL
2020-03-02,Manhattan Hospital,MN,10001,1,12,0,NYC_COVID_REAL
2020-03-02,Queens Medical Center,QN,11101,1,25,0,NYC_COVID_REAL
2020-03-02,Staten Island Hospital,SI,10301,1,30,0,NYC_COVID_REAL
2020-03-03,Bronx Medical Center,BX,10451,1,23,0,NYC_COVID_REAL
2020-03-03,Brooklyn Health Center,BK,11201,3,24,0,NYC_COVID_REAL
2020-03-03,Manhattan Hospital,MN,10001,1,14,0,NYC_COVID_REAL
2020-03-03,Queens Medical Center,QN,11101,3,24,1,NYC_COVID_REAL
2020-03-03,Staten Island Hospital,SI,10301,1,15,0,NYC_COVID_REAL
2020-03-04,Bronx Medical Center,BX,10451,1,22,0,NYC_COVID_REAL
2020-03-04,Brooklyn Health Center,BK,11201,1,28,1,NYC_COVID_REAL
2020-03-04,Manhattan Hospital,MN,10001,1,23,2,NYC_COVID_REAL
2020-03-04,Queens Medical Center,QN,11101,1,16,2,NYC_COVID_REAL
2020-03-04,Staten Island Hospital,SI,10301,1,21,0,NYC_COVID_REAL
2020-03-05,Bronx Medical Center,BX,10451,1,18,0,NYC_COVID_REAL
2020-03-05,Brooklyn Health Center,BK,11201,3,18,3,NYC_COVID_REAL
2020-03-05,Manhattan Hospital,MN,10001,5,20,0,NYC_COVID_REAL
2020-03-05,Queens Medical Center,QN,11101,4,31,0,NYC_COVID_REAL
2020-03-05,Staten Island Hospital,SI,10301,1,27,0,NYC_COVID_REAL
2020-03-06,Bronx Medical Center,BX,10451,1,28,2,NYC_COVID_REAL
2020-03-06,Brooklyn Health Center,BK,11201,1,21,1,NYC_COVID_REAL
2020-03-06,Manhattan Hospital,MN,10001,3,20,3,NYC_COVID_REAL
2020-03-06,Queens Medical Center,QN,11101,2,19,1,NYC_COVID_REAL
2020-03-06,Staten Island Hospital,SI,10301,1,24,1,NYC_COVID_REAL
2020-03-07,Bronx Medical Center,BX,10451,1,24,0,NYC_COVID_REAL
2020-03-07,Brooklyn Health Center,BK,11201,3,29,2,NYC_COVID_REAL
2020-03-07,Manhattan Hospital,MN,10001,1,27,1,NYC_COVID_REAL
2020-03-07,Queens Medical Center,QN,11101,4,24,3,NYC_COVID_REAL
2020-03-07,Staten Island Hospital,SI,10301,1,28,1,NYC_COVID_REAL
2020-03-08,Bronx Medical Center,BX,10451,5,29,3,NYC_COVID_REAL
2020-03-08,Brooklyn Health Center,BK,11201,8,37,5,NYC_COVID_REAL
2020-03-08,Manhattan Hospital,MN,10001,1,20,6,NYC_COVID_REAL
2020-03-08,Queens Medical Center,QN,11101,4,16,6,NYC_COVID_REAL
2020-03-08,Staten Island Hospital,SI,10301,1,19,1,NYC_COVID_REAL
2020-03-09,Bronx Medical Center,BX,10451,7,36,4,NYC_COVID_REAL
2020-03-09,Brooklyn Health Center,BK,11201,11,24,16,NYC_COVID_REAL
2020-03-09,Manhattan Hospital,MN,10001,9,33,24,NYC_COVID_REAL
2020-03-09,Queens Medical Center,QN,11101,8,34,10,NYC_COVID_REAL
2020-03-09,Staten Island Hospital,SI,10301,2,21,3,NYC_COVID_REAL
2020-03-10,Bronx Medical Center,BX,10451,7,35,8,NYC_COVID_REAL
2020-03-10,Brooklyn Health Center,BK,11201,13,31,11,NYC_COVID_REAL
2020-03-10,Manhattan Hospital,MN,10001,12,37,24,NYC_COVID_REAL
2020-03-10,Queens Medical Center,QN,11101,23,35,24,NYC_COVID_REAL
2020-03-10,Staten Island Hospital,SI,10301,5,26,2,NYC_COVID_REAL
2020-03-11,Bronx Medical Center,BX,10451,23,36,19,NYC_COVID_REAL
2020-03-11,Brooklyn Health Center,BK,11201,11,26,31,NYC_COVID_REAL
2020-03-11,Manhattan Hospital,MN,10001,19,47,62,NYC_COVID_REAL
2020-03-11,Queens Medical Center,QN,11101,23,39,40,NYC_COVID_REAL
2020-03-11,Staten Island Hospital,SI,10301,2,13,3,NYC_COVID_REAL
2020-03-12,Bronx Medical Center,BX,10451,19,38,29,NYC_COVID_REAL
2020-03-12,Brooklyn Health Center,BK,11201,33,50,96,NYC_COVID_REAL
2020-03-12,Manhattan Hospital,MN,10001,16,40,137,NYC_COVID_REAL
2020-03-12,Queens Medical Center,QN,11101,35,53,80,NYC_COVID_REAL
2020-03-12,Staten Island Hospital,SI,10301,3,24,13,NYC_COVID_REAL
2020-03-13,Bronx Medical Center,BX,10451,26,53,79,NYC_COVID_REAL
2020-03-13,Brooklyn Health Center,BK,11201,44,54,166,NYC_COVID_REAL
2020-03-13,Manhattan Hospital,MN,10001,31,42,182,NYC_COVID_REAL
2020-03-13,Queens Medical Center,QN,11101,49,67,166,NYC_COVID_REAL
2020-03-13,Staten Island Hospital,SI,10301,2,22,26,NYC_COVID_REAL
2020-03-14,Bronx Medical Center,BX,10451,22,45,86,NYC_COVID_REAL
2020-03-14,Brooklyn Health Center,BK,11201,40,61,163,NYC_COVID_REAL
2020-03-14,Manhattan Hospital,MN,10001,36,54,176,NYC_COVID_REAL
2020-03-14,Queens Medical Center,QN,11101,72,85,194,NYC_COVID_REAL
2020-03-14,Staten Island Hospital,SI,10301,7,24,23,NYC_COVID_REAL
2020-03-15,Bronx Medical Center,BX,10451,37,58,119,NYC_COVID_REAL
2020-03-15,Brooklyn Health Center,BK,11201,53,80,432,NYC_COVID_REAL
2020-03-15,Manhattan Hospital,MN,10001,33,44,205,NYC_COVID_REAL
2020-03-15,Queens Medical Center,QN,11101,67,96,231,NYC_COVID_REAL
2020-03-15,Staten Island Hospital,SI,10301,20,46,47,NYC_COVID_REAL
2020-03-16,Bronx Medical Center,BX,10451,72,98,305,NYC_COVID_REAL
2020-03-16,Brooklyn Health Center,BK,11201,92,112,740,NYC_COVID_REAL
2020-03-16,Manhattan Hospital,MN,10001,45,71,457,NYC_COVID_REAL
2020-03-16,Queens Medical Center,QN,11101,114,130,528,NYC_COVID_REAL
2020-03-16,Staten Island Hospital,SI,10301,15,33,91,NYC_COVID_REAL
2020-03-17,Bronx Medical Center,BX,10451,60,79,343,NYC_COVID_REAL
2020-03-17,Brooklyn Health Center,BK,11201,98,115,783,NYC_COVID_REAL
2020-03-17,Manhattan Hospital,MN,10001,76,101,567,NYC_COVID_REAL
2020-03-17,Queens Medical Center,QN,11101,128,153,650,NYC_COVID_REAL
2020-03-17,Staten Island Hospital,SI,10301,23,42,108,NYC_COVID_REAL
2020-03-18,Bronx Medical Center,BX,10451,110,128,482,NYC_COVID_REAL
2020-03-18,Brooklyn Health Center,BK,11201,123,146,965,NYC_COVID_REAL
2020-03-18,Manhattan Hospital,MN,10001,87,103,538,NYC_COVID_REAL
2020-03-18,Queens Medical Center,QN,11101,152,169,835,NYC_COVID_REAL
2020-03-18,Staten Island Hospital,SI,10301,22,38,150,NYC_COVID_REAL
2020-03-19,Bronx Medical Center,BX,10451,135,155,623,NYC_COVID_REAL
2020-03-19,Brooklyn Health Center,BK,11201,157,167,1204,NYC_COVID_REAL
2020-03-19,Manhattan Hospital,MN,10001,105,122,555,NYC_COVID_REAL
2020-03-19,Queens Medical Center,QN,11101,208,224,1065,NYC_COVID_REAL
2020-03-19,Staten Island Hospital,SI,10301,26,54,258,NYC_COVID_REAL
2020-03-20,Bronx Medical Center,BX,10451,126,138,723,NYC_COVID_REAL
2020-03-20,Brooklyn Health Center,BK,11201,220,244,1136,NYC_COVID_REAL
2020-03-20,Manhattan Hospital,MN,10001,112,141,653,NYC_COVID_REAL
2020-03-20,Queens Medical Center,QN,11101,247,269,1185,NYC_COVID_REAL
2020-03-20,Staten Island Hospital,SI,10301,33,57,310,NYC_COVID_REAL
2020-03-21,Bronx Medical Center,BX,10451,158,183,491,NYC_COVID_REAL
2020-03-21,Brooklyn Health Center,BK,11201,182,204,554,NYC_COVID_REAL
2020-03-21,Manhattan Hospital,MN,10001,117,128,399,NYC_COVID_REAL
2020-03-21,Queens Medical Center,QN,11101,244,257,947,NYC_COVID_REAL
2020-03-21,Staten Island Hospital,SI,10301,33,48,248,NYC_COVID_REAL
2020-03-22,Bronx Medical Center,BX,10451,173,197,495,NYC_COVID_REAL
2020-03-22,Brooklyn Health Center,BK,11201,206,231,755,NYC_COVID_REAL
2020-03-22,Manhattan Hospital,MN,10001,131,147,317,NYC_COVID_REAL
2020-03-22,Queens Medical Center,QN,11101,229,255,696,NYC_COVID_REAL
2020-03-22,Staten Island Hospital,SI,10301,34,54,317,NYC_COVID_REAL
2020-03-23,Bronx Medical Center,BX,10451,219,229,730,NYC_COVID_REAL
2020-03-23,Brooklyn Health Center,BK,11201,294,318,909,NYC_COVID_REAL
2020-03-23,Manhattan Hospital,MN,10001,185,204,530,NYC_COVID_REAL
2020-03-23,Queens Medical Center,QN,11101,390,416,1192,NYC_COVID_REAL
2020-03-23,Staten Island Hospital,SI,10301,43,53,209,NYC_COVID_REAL
2020-03-24,Bronx Medical Center,BX,10451,270,287,927,NYC_COVID_REAL
2020-03-24,Brooklyn Health Center,BK,11201,359,383,1212,NYC_COVID_REAL
2020-03-24,Manhattan Hospital,MN,10001,204,226,619,NYC_COVID_REAL
2020-03-24,Queens Medical Center,QN,11101,420,432,1389,NYC_COVID_REAL
2020-03-24,Staten Island Hospital,SI,10301,48,65,350,NYC_COVID_REAL
2020-03-25,Bronx Medical Center,BX,10451,313,323,1068,NYC_COVID_REAL
2020-03-25,Brooklyn Health Center,BK,11201,422,440,1255,NYC_COVID_REAL
2020-03-25,Manhattan Hospital,MN,10001,200,229,586,NYC_COVID_REAL
2020-03-25,Queens Medical Center,QN,11101,447,458,1570,NYC_COVID_REAL
2020-03-25,Staten Island Hospital,SI,10301,52,64,394,NYC_COVID_REAL
2020-03-26,Bronx Medical Center,BX,10451,316,326,998,NYC_COVID_REAL
2020-03-26,Brooklyn Health Center,BK,11201,487,500,1372,NYC_COVID_REAL
2020-03-26,Manhattan Hospital,MN,10001,225,236,625,NYC_COVID_REAL
2020-03-26,Queens Medical Center,QN,11101,451,478,1644,NYC_COVID_REAL
2020-03-26,Staten Island Hospital,SI,10301,56,79,405,NYC_COVID_REAL
2020-03-27,Bronx Medical Center,BX,10451,314,331,1090,NYC_COVID_REAL
2020-03-27,Brooklyn Health Center,BK,11201,472,496,1425,NYC_COVID_REAL
2020-03-27,Manhattan Hospital,MN,10001,222,241,656,NYC_COVID_REAL
2020-03-27,Queens Medical Center,QN,11101,513,526,1576,NYC_COVID_REAL
2020-03-27,Staten Island Hospital,SI,10301,64,81,372,NYC_COVID_REAL
2020-03-28,Bronx Medical Center,BX,10451,312,322,761,NYC_COVID_REAL
2020-03-28,Brooklyn Health Center,BK,11201,395,424,863,NYC_COVID_REAL
2020-03-28,Manhattan Hospital,MN,10001,186,205,388,NYC_COVID_REAL
2020-03-28,Queens Medical Center,QN,11101,451,467,1201,NYC_COVID_REAL
2020-03-28,Staten Island Hospital,SI,10301,50,65,265,NYC_COVID_REAL
2020-03-29,Bronx Medical Center,BX,10451,320,341,699,NYC_COVID_REAL
2020-03-29,Brooklyn Health Center,BK,11201,463,475,1149,NYC_COVID_REAL
2020-03-29,Manhattan Hospital,MN,10001,158,171,407,NYC_COVID_REAL
2020-03-29,Queens Medical Center,QN,11101,504,529,1075,NYC_COVID_REAL
2020-03-29,Staten Island Hospital,SI,10301,64,80,230,NYC_COVID_REAL
2020-03-30,Bronx Medical Center,BX,10451,350,364,1315,NYC_COVID_REAL
2020-03-30,Brooklyn Health Center,BK,11201,555,572,1754,NYC_COVID_REAL
2020-03-30,Manhattan Hospital,MN,10001,272,284,802,NYC_COVID_REAL
2020-03-30,Queens Medical Center,QN,11101,609,628,1859,NYC_COVID_REAL
2020-03-30,Staten Island Hospital,SI,10301,72,91,398,NYC_COVID_REAL
2020-03-31,Bronx Medical Center,BX,10451,390,410,1282,NYC_COVID_REAL
2020-03-31,Brooklyn Health Center,BK,11201,544,571,1512,NYC_COVID_REAL
2020-03-31,Manhattan Hospital,MN,10001,221,246,616,NYC_COVID_REAL
2020-03-31,Queens Medical Center,QN,11101,592,616,1811,NYC_COVID_REAL
2020-03-31,Staten Island Hospital,SI,10301,69,92,237,NYC_COVID_REAL
2020-04-01,Bronx Medical Center,BX,10451,374,397,1240,NYC_COVID_REAL
2020-04-01,Brooklyn Health Center,BK,11201,515,525,1590,NYC_COVID_REAL
2020-04-01,Manhattan Hospital,MN,10001,217,229,573,NYC_COVID_REAL
2020-04-01,Queens Medical Center,QN,11101,579,594,1781,NYC_COVID_REAL
2020-04-01,Staten Island Hospital,SI,10301,83,95,264,NYC_COVID_REAL
2020-04-02,Bronx Medical Center,BX,10451,354,383,1289,NYC_COVID_REAL
2020-04-02,Brooklyn Health Center,BK,11201,444,461,1610,NYC_COVID_REAL
2020-04-02,Manhattan Hospital,MN,10001,242,263,652,NYC_COVID_REAL
2020-04-02,Queens Medical Center,QN,11101,570,591,1826,NYC_COVID_REAL
2020-04-02,Staten Island Hospital,SI,10301,74,93,369,NYC_COVID_REAL
2020-04-03,Bronx Medical Center,BX,10451,381,401,1452,NYC_COVID_REAL
2020-04-03,Brooklyn Health Center,BK,11201,449,471,1440,NYC_COVID_REAL
2020-04-03,Manhattan Hospital,MN,10001,255,280,671,NYC_COVID_REAL
2020-04-03,Queens Medical Center,QN,11101,559,581,1762,NYC_COVID_REAL
2020-04-03,Staten Island Hospital,SI,10301,68,97,345,NYC_COVID_REAL
2020-04-04,Bronx Medical Center,BX,10451,312,332,1012,NYC_COVID_REAL
2020-04-04,Brooklyn Health Center,BK,11201,375,386,920,NYC_COVID_REAL
2020-04-04,Manhattan Hospital,MN,10001,198,223,385,NYC_COVID_REAL
2020-04-04,Queens Medical Center,QN,11101,521,542,1203,NYC_COVID_REAL
2020-04-04,Staten Island Hospital,SI,10301,54,82,345,NYC_COVID_REAL
2020-04-05,Bronx Medical Center,BX,10451,306,317,822,NYC_COVID_REAL
2020-04-05,Brooklyn Health Center,BK,11201,401,416,1144,NYC_COVID_REAL
2020-04-05,Manhattan Hospital,MN,10001,190,203,356,NYC_COVID_REAL
2020-04-05,Queens Medical Center,QN,11101,437,465,1136,NYC_COVID_REAL
2020-04-05,Staten Island Hospital,SI,10301,72,83,323,NYC_COVID_REAL
2020-04-06,Bronx Medical Center,BX,10451,388,400,1514,NYC_COVID_REAL
2020-04-06,Brooklyn Health Center,BK,11201,471,494,1461,NYC_COVID_REAL
2020-04-06,Manhattan Hospital,MN,10001,261,276,721,NYC_COVID_REAL
2020-04-06,Queens Medical Center,QN,11101,547,572,1927,NYC_COVID_REAL
2020-04-06,Staten Island Hospital,SI,10301,83,108,730,NYC_COVID_REAL
2020-04-07,Bronx Medical Center,BX,10451,331,355,1463,NYC_COVID_REAL
2020-04-07,Brooklyn Health Center,BK,11201,464,492,1397,NYC_COVID_REAL
2020-04-07,Manhattan Hospital,MN,10001,194,211,605,NYC_COVID_REAL
2020-04-07,Queens Medical Center,QN,11101,532,548,1949,NYC_COVID_REAL
2020-04-07,Staten Island Hospital,SI,10301,69,86,630,NYC_COVID_REAL
2020-04-08,Bronx Medical Center,BX,10451,356,381,1304,NYC_COVID_REAL
2020-04-08,Brooklyn Health Center,BK,11201,455,468,1305,NYC_COVID_REAL
2020-04-08,Manhattan Hospital,MN,10001,172,195,546,NYC_COVID_REAL
2020-04-08,Queens Medical Center,QN,11101,514,529,1857,NYC_COVID_REAL
2020-04-08,Staten Island Hospital,SI,10301,62,83,562,NYC_COVID_REAL
2020-04-09,Bronx Medical Center,BX,10451,271,283,1285,NYC_COVID_REAL
2020-04-09,Brooklyn Health Center,BK,11201,414,438,1369,NYC_COVID_REAL
2020-04-09,Manhattan Hospital,MN,10001,189,214,558,NYC_COVID_REAL
2020-04-09,Queens Medical Center,QN,11101,426,436,1560,NYC_COVID_REAL
2020-04-09,Staten Island Hospital,SI,10301,53,79,298,NYC_COVID_REAL
2020-04-10,Bronx Medical Center,BX,10451,293,315,1227,NYC_COVID_REAL
2020-04-10,Brooklyn Health Center,BK,11201,327,351,1145,NYC_COVID_REAL
2020-04-10,Manhattan Hospital,MN,10001,176,196,495,NYC_COVID_REAL
2020-04-10,Queens Medical Center,QN,11101,437,455,1342,NYC_COVID_REAL
2020-04-10,Staten Island Hospital,SI,10301,60,86,301,NYC_COVID_REAL
2020-04-11,Bronx Medical Center,BX,10451,245,259,998,NYC_COVID_REAL
2020-04-11,Brooklyn Health Center,BK,11201,296,313,1131,NYC_COVID_REAL
2020-04-11,Manhattan Hospital,MN,10001,131,159,304,NYC_COVID_REAL
2020-04-11,Queens Medical Center,QN,11101,329,352,987,NYC_COVID_REAL
2020-04-11,Staten Island Hospital,SI,10301,47,68,311,NYC_COVID_REAL
2020-04-12,Bronx Medical Center,BX,10451,227,247,763,NYC_COVID_REAL
2020-04-12,Brooklyn Health Center,BK,11201,254,275,703,NYC_COVID_REAL
2020-04-12,Manhattan Hospital,MN,10001,128,155,252,NYC_COVID_REAL
2020-04-12,Queens Medical Center,QN,11101,298,325,916,NYC_COVID_REAL
2020-04-12,Staten Island Hospital,SI,10301,44,68,253,NYC_COVID_REAL
2020-04-13,Bronx Medical Center,BX,10451,262,282,693,NYC_COVID_REAL
2020-04-13,Brooklyn Health Center,BK,11201,325,344,1066,NYC_COVID_REAL
2020-04-13,Manhattan Hospital,MN,10001,169,195,393,NYC_COVID_REAL
2020-04-13,Queens Medical Center,QN,11101,342,371,974,NYC_COVID_REAL
2020-04-13,Staten Island Hospital,SI,10301,58,68,185,NYC_COVID_REAL
2020-04-14,Bronx Medical Center,BX,10451,202,227,1076,NYC_COVID_REAL
2020-04-14,Brooklyn Health Center,BK,11201,261,282,1038,NYC_COVID_REAL
2020-04-14,Manhattan Hospital,MN,10001,139,166,440,NYC_COVID_REAL
2020-04-14,Queens Medical Center,QN,11101,336,351,1300,NYC_COVID_REAL
2020-04-14,Staten Island Hospital,SI,10301,46,69,290,NYC_COVID_REAL
2020-04-15,Bronx Medical Center,BX,10451,201,215,1068,NYC_COVID_REAL
2020-04-15,Brooklyn Health Center,BK,11201,243,272,882,NYC_COVID_REAL
2020-04-15,Manhattan Hospital,MN,10001,129,139,429,NYC_COVID_REAL
2020-04-15,Queens Medical Center,QN,11101,262,280,1180,NYC_COVID_REAL
2020-04-15,Staten Island Hospital,SI,10301,31,52,317,NYC_COVID_REAL
2020-04-16,Bronx Medical Center,BX,10451,172,199,940,NYC_COVID_REAL
2020-04-16,Brooklyn Health Center,BK,11201,228,243,885,NYC_COVID_REAL
2020-04-16,Manhattan Hospital,MN,10001,104,123,355,NYC_COVID_REAL
2020-04-16,Queens Medical Center,QN,11101,236,255,1139,NYC_COVID_REAL
2020-04-16,Staten Island Hospital,SI,10301,42,60,211,NYC_COVID_REAL
2020-04-17,Bronx Medical Center,BX,10451,169,182,916,NYC_COVID_REAL
2020-04-17,Brooklyn Health Center,BK,11201,231,246,962,NYC_COVID_REAL
2020-04-17,Manhattan Hospital,MN,10001,106,122,330,NYC_COVID_REAL
2020-04-17,Queens Medical Center,QN,11101,252,269,1099,NYC_COVID_REAL
2020-04-17,Staten Island Hospital,SI,10301,32,59,279,NYC_COVID_REAL
2020-04-18,Bronx Medical Center,BX,10451,133,152,552,NYC_COVID_REAL
2020-04-18,Brooklyn Health Center,BK,11201,155,174,575,NYC_COVID_REAL
2020-04-18,Manhattan Hospital,MN,10001,83,95,187,NYC_COVID_REAL
2020-04-18,Queens Medical Center,QN,11101,184,205,705,NYC_COVID_REAL
2020-04-18,Staten Island Hospital,SI,10301,29,56,153,NYC_COVID_REAL
2020-04-19,Bronx Medical Center,BX,10451,142,165,531,NYC_COVID_REAL
2020-04-19,Brooklyn Health Center,BK,11201,124,152,635,NYC_COVID_REAL
2020-04-19,Manhattan Hospital,MN,10001,69,79,176,NYC_COVID_REAL
2020-04-19,Queens Medical Center,QN,11101,173,189,866,NYC_COVID_REAL
2020-04-19,Staten Island Hospital,SI,10301,28,42,134,NYC_COVID_REAL
2020-04-20,Bronx Medical Center,BX,10451,141,166,981,NYC_COVID_REAL
2020-04-20,Brooklyn Health Center,BK,11201,187,210,983,NYC_COVID_REAL
2020-04-20,Manhattan Hospital,MN,10001,95,105,381,NYC_COVID_REAL
2020-04-20,Queens Medical Center,QN,11101,186,204,1223,NYC_COVID_REAL
2020-04-20,Staten Island Hospital,SI,10301,32,54,224,NYC_COVID_REAL
2020-04-21,Bronx Medical Center,BX,10451,141,154,641,NYC_COVID_REAL
2020-04-21,Brooklyn Health Center,BK,11201,160,178,896,NYC_COVID_REAL
2020-04-21,Manhattan Hospital,MN,10001,90,117,371,NYC_COVID_REAL
2020-04-21,Queens Medical Center,QN,11101,172,195,937,NYC_COVID_REAL
2020-04-21,Staten Island Hospital,SI,10301,24,38,216,NYC_COVID_REAL
2020-04-22,Bronx Medical Center,BX,10451,119,135,927,NYC_COVID_REAL
2020-04-22,Brooklyn Health Center,BK,11201,139,166,854,NYC_COVID_REAL
2020-04-22,Manhattan Hospital,MN,10001,90,107,382,NYC_COVID_REAL
2020-04-22,Queens Medical Center,QN,11101,154,176,1109,NYC_COVID_REAL
2020-04-22,Staten Island Hospital,SI,10301,17,33,173,NYC_COVID_REAL
2020-04-23,Bronx Medical Center,BX,10451,109,132,735,NYC_COVID_REAL
2020-04-23,Brooklyn Health Center,BK,11201,126,139,786,NYC_COVID_REAL
2020-04-23,Manhattan Hospital,MN,10001,55,82,400,NYC_COVID_REAL
2020-04-23,Queens Medical Center,QN,11101,136,165,793,NYC_COVID_REAL
2020-04-23,Staten Island Hospital,SI,10301,22,34,127,NYC_COVID_REAL
2020-04-24,Bronx Medical Center,BX,10451,99,112,579,NYC_COVID_REAL
2020-04-24,Brooklyn Health Center,BK,11201,128,154,630,NYC_COVID_REAL
2020-04-24,Manhattan Hospital,MN,10001,80,100,408,NYC_COVID_REAL
2020-04-24,Queens Medical Center,QN,11101,138,164,775,NYC_COVID_REAL
2020-04-24,Staten Island Hospital,SI,10301,29,51,143,NYC_COVID_REAL
2020-04-25,Bronx Medical Center,BX,10451,79,101,418,NYC_COVID_REAL
2020-04-25,Brooklyn Health Center,BK,11201,94,107,404,NYC_COVID_REAL
2020-04-25,Manhattan Hospital,MN,10001,42,67,145,NYC_COVID_REAL
2020-04-25,Queens Medical Center,QN,11101,89,115,540,NYC_COVID_REAL
2020-04-25,Staten Island Hospital,SI,10301,23,36,88,NYC_COVID_REAL
2020-04-26,Bronx Medical Center,BX,10451,74,90,196,NYC_COVID_REAL
2020-04-26,Brooklyn Health Center,BK,11201,75,95,332,NYC_COVID_REAL
2020-04-26,Manhattan Hospital,MN,10001,41,62,98,NYC_COVID_REAL
2020-04-26,Queens Medical Center,QN,11101,100,112,331,NYC_COVID_REAL
2020-04-26,Staten Island Hospital,SI,10301,17,37,46,NYC_COVID_REAL
2020-04-27,Bronx Medical Center,BX,10451,90,110,551,NYC_COVID_REAL
2020-04-27,Brooklyn Health Center,BK,11201,92,102,607,NYC_COVID_REAL
2020-04-27,Manhattan Hospital,MN,10001,61,74,302,NYC_COVID_REAL
2020-04-27,Queens Medical Center,QN,11101,107,135,723,NYC_COVID_REAL
2020-04-27,Staten Island Hospital,SI,10301,20,44,107,NYC_COVID_REAL
2020-04-28,Bronx Medical Center,BX,10451,88,112,668,NYC_COVID_REAL
2020-04-28,Brooklyn Health Center,BK,11201,92,120,709,NYC_COVID_REAL
2020-04-28,Manhattan Hospital,MN,10001,56,68,323,NYC_COVID_REAL
2020-04-28,Queens Medical Center,QN,11101,106,117,896,NYC_COVID_REAL
2020-04-28,Staten Island Hospital,SI,10301,14,43,130,NYC_COVID_REAL
2020-04-29,Bronx Medical Center,BX,10451,77,102,557,NYC_COVID_REAL
2020-04-29,Brooklyn Health Center,BK,11201,93,117,683,NYC_COVID_REAL
2020-04-29,Manhattan Hospital,MN,10001,43,54,285,NYC_COVID_REAL
2020-04-29,Queens Medical Center,QN,11101,87,112,691,NYC_COVID_REAL
2020-04-29,Staten Island Hospital,SI,10301,13,23,123,NYC_COVID_REAL
2020-04-30,Bronx Medical Center,BX,10451,58,74,482,NYC_COVID_REAL
2020-04-30,Brooklyn Health Center,BK,11201,74,102,600,NYC_COVID_REAL
2020-04-30,Manhattan Hospital,MN,10001,31,58,217,NYC_COVID_REAL
2020-04-30,Queens Medical Center,QN,11101,79,104,592,NYC_COVID_REAL
2020-04-30,Staten Island Hospital,SI,10301,12,33,130,NYC_COVID_REAL
2020-05-01,Bronx Medical Center,BX,10451,70,86,450,NYC_COVID_REAL
2020-05-01,Brooklyn Health Center,BK,11201,66,81,497,NYC_COVID_REAL
2020-05-01,Manhattan Hospital,MN,10001,33,44,240,NYC_COVID_REAL
2020-05-01,Queens Medical Center,QN,11101,81,97,621,NYC_COVID_REAL
2020-05-01,Staten Island Hospital,SI,10301,13,36,78,NYC_COVID_REAL
2020-05-02,Bronx Medical Center,BX,10451,50,66,263,NYC_COVID_REAL
2020-05-02,Brooklyn Health Center,BK,11201,53,76,263,NYC_COVID_REAL
2020-05-02,Manhattan Hospital,MN,10001,23,49,138,NYC_COVID_REAL
2020-05-02,Queens Medical Center,QN,11101,64,83,333,NYC_COVID_REAL
2020-05-02,Staten Island Hospital,SI,10301,18,42,61,NYC_COVID_REAL
2020-05-03,Bronx Medical Center,BX,10451,44,69,153,NYC_COVID_REAL
2020-05-03,Brooklyn Health Center,BK,11201,57,72,245,NYC_COVID_REAL
2020-05-03,Manhattan Hospital,MN,10001,33,62,103,NYC_COVID_REAL
2020-05-03,Queens Medical Center,QN,11101,69,98,251,NYC_COVID_REAL
2020-05-03,Staten Island Hospital,SI,10301,13,36,35,NYC_COVID_REAL
2020-05-04,Bronx Medical Center,BX,10451,57,84,349,NYC_COVID_REAL
2020-05-04,Brooklyn Health Center,BK,11201,72,101,461,NYC_COVID_REAL
2020-05-04,Manhattan Hospital,MN,10001,38,54,214,NYC_COVID_REAL
2020-05-04,Queens Medical Center,QN,11101,60,74,437,NYC_COVID_REAL
2020-05-04,Staten Island Hospital,SI,10301,14,40,88,NYC_COVID_REAL
2020-05-05,Bronx Medical Center,BX,10451,64,87,294,NYC_COVID_REAL
2020-05-05,Brooklyn Health Center,BK,11201,64,76,432,NYC_COVID_REAL
2020-05-05,Manhattan Hospital,MN,10001,25,52,242,NYC_COVID_REAL
2020-05-05,Queens Medical Center,QN,11101,49,73,462,NYC_COVID_REAL
2020-05-05,Staten Island Hospital,SI,10301,11,37,82,NYC_COVID_REAL
2020-05-06,Bronx Medical Center,BX,10451,56,70,279,NYC_COVID_REAL
2020-05-06,Brooklyn Health Center,BK,11201,62,77,450,NYC_COVID_REAL
2020-05-06,Manhattan Hospital,MN,10001,27,43,165,NYC_COVID_REAL
2020-05-06,Queens Medical Center,QN,11101,54,73,443,NYC_COVID_REAL
2020-05-06,Staten Island Hospital,SI,10301,14,34,60,NYC_COVID_REAL
2020-05-07,Bronx Medical Center,BX,10451,43,56,298,NYC_COVID_REAL
2020-05-07,Brooklyn Health Center,BK,11201,52,66,403,NYC_COVID_REAL
2020-05-07,Manhattan Hospital,MN,10001,18,32,119,NYC_COVID_REAL
2020-05-07,Queens Medical Center,QN,11101,50,76,358,NYC_COVID_REAL
2020-05-07,Staten Island Hospital,SI,10301,13,38,60,NYC_COVID_REAL
2020-05-08,Bronx Medical Center,BX,10451,41,60,250,NYC_COVID_REAL
2020-05-08,Brooklyn Health Center,BK,11201,52,71,344,NYC_COVID_REAL
2020-05-08,Manhattan Hospital,MN,10001,20,39,99,NYC_COVID_REAL
2020-05-08,Queens Medical Center,QN,11101,42,61,344,NYC_COVID_REAL
2020-05-08,Staten Island Hospital,SI,10301,11,30,42,NYC_COVID_REAL
2020-05-09,Bronx Medical Center,BX,10451,31,60,175,NYC_COVID_REAL
2020-05-09,Brooklyn Health Center,BK,11201,38,64,119,NYC_COVID_REAL
2020-05-09,Manhattan Hospital,MN,10001,12,40,75,NYC_COVID_REAL
2020-05-09,Queens Medical Center,QN,11101,33,50,256,NYC_COVID_REAL
2020-05-09,Staten Island Hospital,SI,10301,9,26,32,NYC_COVID_REAL
2020-05-10,Bronx Medical Center,BX,10451,24,46,75,NYC_COVID_REAL
2020-05-10,Brooklyn Health Center,BK,11201,36,61,188,NYC_COVID_REAL
2020-05-10,Manhattan Hospital,MN,10001,22,33,95,NYC_COVID_REAL
2020-05-10,Queens Medical Center,QN,11101,18,31,85,NYC_COVID_REAL
2020-05-10,Staten Island Hospital,SI,10301,5,32,14,NYC_COVID_REAL
2020-05-11,Bronx Medical Center,BX,10451,46,75,226,NYC_COVID_REAL
2020-05-11,Brooklyn Health Center,BK,11201,49,74,410,NYC_COVID_REAL
2020-05-11,Manhattan Hospital,MN,10001,23,41,192,NYC_COVID_REAL
2020-05-11,Queens Medical Center,QN,11101,58,87,376,NYC_COVID_REAL
2020-05-11,Staten Island Hospital,SI,10301,4,32,27,NYC_COVID_REAL
2020-05-12,Bronx Medical Center,BX,10451,26,37,355,NYC_COVID_REAL
2020-05-12,Brooklyn Health Center,BK,11201,38,55,400,NYC_COVID_REAL
2020-05-12,Manhattan Hospital,MN,10001,13,23,163,NYC_COVID_REAL
2020-05-12,Queens Medical Center,QN,11101,26,48,314,NYC_COVID_REAL
2020-05-12,Staten Island Hospital,SI,10301,10,34,53,NYC_COVID_REAL
2020-05-13,Bronx Medical Center,BX,10451,27,44,461,NYC_COVID_REAL
2020-05-13,Brooklyn Health Center,BK,11201,46,72,362,NYC_COVID_REAL
2020-05-13,Manhattan Hospital,MN,10001,18,36,156,NYC_COVID_REAL
2020-05-13,Queens Medical Center,QN,11101,27,47,307,NYC_COVID_REAL
2020-05-13,Staten Island Hospital,SI,10301,12,28,47,NYC_COVID_REAL
2020-05-14,Bronx Medical Center,BX,10451,26,36,256,NYC_COVID_REAL
2020-05-14,Brooklyn Health Center,BK,11201,38,55,332,NYC_COVID_REAL
2020-05-14,Manhattan Hospital,MN,10001,23,48,149,NYC_COVID_REAL
2020-05-14,Queens Medical Center,QN,11101,44,56,332,NYC_COVID_REAL
2020-05-14,Staten Island Hospital,SI,10301,11,39,42,NYC_COVID_REAL
2020-05-15,Bronx Medical Center,BX,10451,25,52,181,NYC_COVID_REAL
2020-05-15,Brooklyn Health Center,BK,11201,43,55,259,NYC_COVID_REAL
2020-05-15,Manhattan Hospital,MN,10001,22,38,135,NYC_COVID_REAL
2020-05-15,Queens Medical Center,QN,11101,31,44,265,NYC_COVID_REAL
2020-05-15,Staten Island Hospital,SI,10301,7,24,33,NYC_COVID_REAL
2020-05-16,Bronx Medical Center,BX,10451,17,41,108,NYC_COVID_REAL
2020-05-16,Brooklyn Health Center,BK,11201,30,52,165,NYC_COVID_REAL
2020-05-16,Manhattan Hospital,MN,10001,11,27,51,NYC_COVID_REAL
2020-05-16,Queens Medical Center,QN,11101,30,49,136,NYC_COVID_REAL
2020-05-16,Staten Island Hospital,SI,10301,3,20,25,NYC_COVID_REAL
2020-05-17,Bronx Medical Center,BX,10451,23,43,56,NYC_COVID_REAL
2020-05-17,Brooklyn Health Center,BK,11201,18,39,138,NYC_COVID_REAL
2020-05-17,Manhattan Hospital,MN,10001,7,27,50,NYC_COVID_REAL
2020-05-17,Queens Medical Center,QN,11101,27,55,106,NYC_COVID_REAL
2020-05-17,Staten Island Hospital,SI,10301,5,34,10,NYC_COVID_REAL
2020-05-18,Bronx Medical Center,BX,10451,21,44,187,NYC_COVID_REAL
2020-05-18,Brooklyn Health Center,BK,11201,28,53,266,NYC_COVID_REAL
2020-05-18,Manhattan Hospital,MN,10001,23,44,128,NYC_COVID_REAL
2020-05-18,Queens Medical Center,QN,11101,33,58,275,NYC_COVID_REAL
2020-05-18,Staten Island Hospital,SI,10301,6,23,38,NYC_COVID_REAL
2020-05-19,Bronx Medical Center,BX,10451,26,51,182,NYC_COVID_REAL
2020-05-19,Brooklyn Health Center,BK,11201,38,52,326,NYC_COVID_REAL
2020-05-19,Manhattan Hospital,MN,10001,19,36,165,NYC_COVID_REAL
2020-05-19,Queens Medical Center,QN,11101,25,53,287,NYC_COVID_REAL
2020-05-19,Staten Island Hospital,SI,10301,6,30,42,NYC_COVID_REAL
2020-05-20,Bronx Medical Center,BX,10451,17,37,278,NYC_COVID_REAL
2020-05-20,Brooklyn Health Center,BK,11201,32,51,323,NYC_COVID_REAL
2020-05-20,Manhattan Hospital,MN,10001,11,37,164,NYC_COVID_REAL
2020-05-20,Queens Medical Center,QN,11101,15,33,256,NYC_COVID_REAL
2020-05-20,Staten Island Hospital,SI,10301,5,30,56,NYC_COVID_REAL
2020-05-21,Bronx Medical Center,BX,10451,20,32,199,NYC_COVID_REAL
2020-05-21,Brooklyn Health Center,BK,11201,30,52,336,NYC_COVID_REAL
2020-05-21,Manhattan Hospital,MN,10001,9,31,145,NYC_COVID_REAL
2020-05-21,Queens Medical Center,QN,11101,19,42,311,NYC_COVID_REAL
2020-05-21,Staten Island Hospital,SI,10301,5,34,78,NYC_COVID_REAL
2020-05-22,Bronx Medical Center,BX,10451,25,43,264,NYC_COVID_REAL
2020-05-22,Brooklyn Health Center,BK,11201,33,55,350,NYC_COVID_REAL
2020-05-22,Manhattan Hospital,MN,10001,14,43,153,NYC_COVID_REAL
2020-05-22,Queens Medical Center,QN,11101,26,53,237,NYC_COVID_REAL
2020-05-22,Staten Island Hospital,SI,10301,4,30,32,NYC_COVID_REAL
2020-05-23,Bronx Medical Center,BX,10451,18,42,90,NYC_COVID_REAL
2020-05-23,Brooklyn Health Center,BK,11201,22,41,143,NYC_COVID_REAL
2020-05-23,Manhattan Hospital,MN,10001,10,29,47,NYC_COVID_REAL
2020-05-23,Queens Medical Center,QN,11101,21,36,138,NYC_COVID_REAL
2020-05-23,Staten Island Hospital,SI,10301,4,16,37,NYC_COVID_REAL
2020-05-24,Bronx Medical Center,BX,10451,19,47,101,NYC_COVID_REAL
2020-05-24,Brooklyn Health Center,BK,11201,22,46,161,NYC_COVID_REAL
2020-05-24,Manhattan Hospital,MN,10001,21,45,69,NYC_COVID_REAL
2020-05-24,Queens Medical Center,QN,11101,19,41,121,NYC_COVID_REAL
2020-05-24,Staten Island Hospital,SI,10301,5,15,15,NYC_COVID_REAL
2020-05-25,Bronx Medical Center,BX,10451,25,40,103,NYC_COVID_REAL
2020-05-25,Brooklyn Health Center,BK,11201,20,39,160,NYC_COVID_REAL
2020-05-25,Manhattan Hospital,MN,10001,11,21,69,NYC_COVID_REAL
2020-05-25,Queens Medical Center,QN,11101,20,35,116,NYC_COVID_REAL
2020-05-25,Staten Island Hospital,SI,10301,3,25,16,NYC_COVID_REAL
2020-05-26,Bronx Medical Center,BX,10451,22,35,283,NYC_COVID_REAL
2020-05-26,Brooklyn Health Center,BK,11201,20,43,313,NYC_COVID_REAL
2020-05-26,Manhattan Hospital,MN,10001,9,28,127,NYC_COVID_REAL
2020-05-26,Queens Medical Center,QN,11101,21,47,269,NYC_COVID_REAL
2020-05-26,Staten Island Hospital,SI,10301,4,14,58,NYC_COVID_REAL
2020-05-27,Bronx Medical Center,BX,10451,18,39,184,NYC_COVID_REAL
2020-05-27,Brooklyn Health Center,BK,11201,19,48,241,NYC_COVID_REAL
2020-05-27,Manhattan Hospital,MN,10001,11,36,107,NYC_COVID_REAL
2020-05-27,Queens Medical Center,QN,11101,24,44,165,NYC_COVID_REAL
2020-05-27,Staten Island Hospital,SI,10301,3,31,43,NYC_COVID_REAL
2020-05-28,Bronx Medical Center,BX,10451,14,39,119,NYC_COVID_REAL
2020-05-28,Brooklyn Health Center,BK,11201,26,39,219,NYC_COVID_REAL
2020-05-28,Manhattan Hospital,MN,10001,11,27,97,NYC_COVID_REAL
2020-05-28,Queens Medical Center,QN,11101,21,46,181,NYC_COVID_REAL
2020-05-28,Staten Island Hospital,SI,10301,7,28,30,NYC_COVID_REAL
2020-05-29,Bronx Medical Center,BX,10451,20,39,164,NYC_COVID_REAL
2020-05-29,Brooklyn Health Center,BK,11201,22,47,161,NYC_COVID_REAL
2020-05-29,Manhattan Hospital,MN,10001,11,26,74,NYC_COVID_REAL
2020-05-29,Queens Medical Center,QN,11101,28,57,212,NYC_COVID_REAL
2020-05-29,Staten Island Hospital,SI,10301,3,28,27,NYC_COVID_REAL
2020-05-30,Bronx Medical Center,BX,10451,14,29,82,NYC_COVID_REAL
2020-05-30,Brooklyn Health Center,BK,11201,18,30,101,NYC_COVID_REAL
2020-05-30,Manhattan Hospital,MN,10001,6,21,38,NYC_COVID_REAL
2020-05-30,Queens Medical Center,QN,11101,14,30,110,NYC_COVID_REAL
2020-05-30,Staten Island Hospital,SI,10301,2,27,15,NYC_COVID_REAL
2020-05-31,Bronx Medical Center,BX,10451,13,35,30,NYC_COVID_REAL
2020-05-31,Brooklyn Health Center,BK,11201,17,44,84,NYC_COVID_REAL
2020-05-31,Manhattan Hospital,MN,10001,9,22,25,NYC_COVID_REAL
2020-05-31,Queens Medical Center,QN,11101,21,46,79,NYC_COVID_REAL
2020-05-31,Staten Island Hospital,SI,10301,1,18,12,NYC_COVID_REAL
2020-06-01,Bronx Medical Center,BX,10451,17,34,158,NYC_COVID_REAL
2020-06-01,Brooklyn Health Center,BK,11201,34,52,250,NYC_COVID_REAL
2020-06-01,Manhattan Hospital,MN,10001,13,32,77,NYC_COVID_REAL
2020-06-01,Queens Medical Center,QN,11101,15,39,158,NYC_COVID_REAL
2020-06-01,Staten Island Hospital,SI,10301,2,29,43,NYC_COVID_REAL
2020-06-02,Bronx Medical Center,BX,10451,12,34,123,NYC_COVID_REAL
2020-06-02,Brooklyn Health Center,BK,11201,23,33,178,NYC_COVID_REAL
2020-06-02,Manhattan Hospital,MN,10001,9,29,72,NYC_COVID_REAL
2020-06-02,Queens Medical Center,QN,11101,14,43,163,NYC_COVID_REAL
2020-06-02,Staten Island Hospital,SI,10301,6,25,34,NYC_COVID_REAL
2020-06-03,Bronx Medical Center,BX,10451,16,37,116,NYC_COVID_REAL
2020-06-03,Brooklyn Health Center,BK,11201,28,41,131,NYC_COVID_REAL
2020-06-03,Manhattan Hospital,MN,10001,7,25,75,NYC_COVID_REAL
2020-06-03,Queens Medical Center,QN,11101,19,43,148,NYC_COVID_REAL
2020-06-03,Staten Island Hospital,SI,10301,3,28,45,NYC_COVID_REAL
2020-06-04,Bronx Medical Center,BX,10451,15,26,127,NYC_COVID_REAL
2020-06-04,Brooklyn Health Center,BK,11201,28,39,127,NYC_COVID_REAL
2020-06-04,Manhattan Hospital,MN,10001,10,34,86,NYC_COVID_REAL
2020-06-04,Queens Medical Center,QN,11101,21,45,148,NYC_COVID_REAL
2020-06-04,Staten Island Hospital,SI,10301,1,30,29,NYC_COVID_REAL
2020-06-05,Bronx Medical Center,BX,10451,9,34,108,NYC_COVID_REAL
2020-06-05,Brooklyn Health Center,BK,11201,17,44,131,NYC_COVID_REAL
2020-06-05,Manhattan Hospital,MN,10001,8,24,52,NYC_COVID_REAL
2020-06-05,Queens Medical Center,QN,11101,18,32,103,NYC_COVID_REAL
2020-06-05,Staten Island Hospital,SI,10301,1,13,8,NYC_COVID_REAL
2020-06-06,Bronx Medical Center,BX,10451,10,30,50,NYC_COVID_REAL
2020-06-06,Brooklyn Health Center,BK,11201,10,21,58,NYC_COVID_REAL
2020-06-06,Manhattan Hospital,MN,10001,6,30,33,NYC_COVID_REAL
2020-06-06,Queens Medical Center,QN,11101,14,39,99,NYC_COVID_REAL
2020-06-06,Staten Island Hospital,SI,10301,2,30,7,NYC_COVID_REAL
2020-06-07,Bronx Medical Center,BX,10451,13,24,43,NYC_COVID_REAL
2020-06-07,Brooklyn Health Center,BK,11201,18,33,52,NYC_COVID_REAL
2020-06-07,Manhattan Hospital,MN,10001,9,32,24,NYC_COVID_REAL
2020-06-07,Queens Medical Center,QN,11101,10,28,74,NYC_COVID_REAL
2020-06-07,Staten Island Hospital,SI,10301,4,23,4,NYC_COVID_REAL
2020-06-08,Bronx Medical Center,BX,10451,9,25,96,NYC_COVID_REAL
2020-06-08,Brooklyn Health Center,BK,11201,20,31,111,NYC_COVID_REAL
2020-06-08,Manhattan Hospital,MN,10001,9,38,75,NYC_COVID_REAL
2020-06-08,Queens Medical Center,QN,11101,20,36,146,NYC_COVID_REAL
2020-06-08,Staten Island Hospital,SI,10301,2,25,19,NYC_COVID_REAL
2020-06-09,Bronx Medical Center,BX,10451,14,31,84,NYC_COVID_REAL
2020-06-09,Brooklyn Health Center,BK,11201,23,47,119,NYC_COVID_REAL
2020-06-09,Manhattan Hospital,MN,10001,11,37,66,NYC_COVID_REAL
2020-06-09,Queens Medical Center,QN,11101,13,28,131,NYC_COVID_REAL
2020-06-09,Staten Island Hospital,SI,10301,4,22,19,NYC_COVID_REAL
2020-06-10,Bronx Medical Center,BX,10451,14,33,75,NYC_COVID_REAL
2020-06-10,Brooklyn Health Center,BK,11201,17,30,99,NYC_COVID_REAL
2020-06-10,Manhattan Hospital,MN,10001,14,31,67,NYC_COVID_REAL
2020-06-10,Queens Medical Center,QN,11101,17,40,108,NYC_COVID_REAL
2020-06-10,Staten Island Hospital,SI,10301,3,15,14,NYC_COVID_REAL
2020-06-11,Bronx Medical Center,BX,10451,11,35,66,NYC_COVID_REAL
2020-06-11,Brooklyn Health Center,BK,11201,14,36,113,NYC_COVID_REAL
2020-06-11,Manhattan Hospital,MN,10001,8,30,54,NYC_COVID_REAL
2020-06-11,Queens Medical Center,QN,11101,15,43,114,NYC_COVID_REAL
2020-06-11,Staten Island Hospital,SI,10301,1,15,16,NYC_COVID_REAL
2020-06-12,Bronx Medical Center,BX,10451,13,28,80,NYC_COVID_REAL
2020-06-12,Brooklyn Health Center,BK,11201,21,41,122,NYC_COVID_REAL
2020-06-12,Manhattan Hospital,MN,10001,5,28,58,NYC_COVID_REAL
2020-06-12,Queens Medical Center,QN,11101,10,39,131,NYC_COVID_REAL
2020-06-12,Staten Island Hospital,SI,10301,3,17,18,NYC_COVID_REAL
2020-06-13,Bronx Medical Center,BX,10451,4,18,47,NYC_COVID_REAL
2020-06-13,Brooklyn Health Center,BK,11201,11,25,50,NYC_COVID_REAL
2020-06-13,Manhattan Hospital,MN,10001,5,22,23,NYC_COVID_REAL
2020-06-13,Queens Medical Center,QN,11101,14,29,74,NYC_COVID_REAL
2020-06-13,Staten Island Hospital,SI,10301,1,15,2,NYC_COVID_REAL
2020-06-14,Bronx Medical Center,BX,10451,12,35,27,NYC_COVID_REAL
2020-06-14,Brooklyn Health Center,BK,11201,14,37,53,NYC_COVID_REAL
2020-06-14,Manhattan Hospital,MN,10001,5,16,28,NYC_COVID_REAL
2020-06-14,Queens Medical Center,QN,11101,16,44,68,NYC_COVID_REAL
2020-06-14,Staten Island Hospital,SI,10301,1,27,4,NYC_COVID_REAL
2020-06-15,Bronx Medical Center,BX,10451,14,28,81,NYC_COVID_REAL
2020-06-15,Brooklyn Health Center,BK,11201,22,48,103,NYC_COVID_REAL
2020-06-15,Manhattan Hospital,MN,10001,5,28,55,NYC_COVID_REAL
2020-06-15,Queens Medical Center,QN,11101,11,28,123,NYC_COVID_REAL
2020-06-15,Staten Island Hospital,SI,10301,1,11,18,NYC_COVID_REAL
2020-06-16,Bronx Medical Center,BX,10451,12,37,80,NYC_COVID_REAL
2020-06-16,Brooklyn Health Center,BK,11201,23,35,132,NYC_COVID_REAL
2020-06-16,Manhattan Hospital,MN,10001,6,19,67,NYC_COVID_REAL
2020-06-16,Queens Medical Center,QN,11101,19,42,120,NYC_COVID_REAL
2020-06-16,Staten Island Hospital,SI,10301,1,24,20,NYC_COVID_REAL
2020-06-17,Bronx Medical Center,BX,10451,11,39,68,NYC_COVID_REAL
2020-06-17,Brooklyn Health Center,BK,11201,15,41,115,NYC_COVID_REAL
2020-06-17,Manhattan Hospital,MN,10001,6,17,65,NYC_COVID_REAL
2020-06-17,Queens Medical Center,QN,11101,17,44,92,NYC_COVID_REAL
2020-06-17,Staten Island Hospital,SI,10301,1,24,16,NYC_COVID_REAL
2020-06-18,Bronx Medical Center,BX,10451,9,22,60,NYC_COVID_REAL
2020-06-18,Brooklyn Health Center,BK,11201,16,26,112,NYC_COVID_REAL
2020-06-18,Manhattan Hospital,MN,10001,6,17,58,NYC_COVID_REAL
2020-06-18,Queens Medical Center,QN,11101,24,39,123,NYC_COVID_REAL
2020-06-18,Staten Island Hospital,SI,10301,1,25,25,NYC_COVID_REAL
2020-06-19,Bronx Medical Center,BX,10451,11,40,82,NYC_COVID_REAL
2020-06-19,Brooklyn Health Center,BK,11201,23,43,91,NYC_COVID_REAL
2020-06-19,Manhattan Hospital,MN,10001,2,31,56,NYC_COVID_REAL
2020-06-19,Queens Medical Center,QN,11101,8,34,123,NYC_COVID_REAL
2020-06-19,Staten Island Hospital,SI,10301,1,23,9,NYC_COVID_REAL
2020-06-20,Bronx Medical Center,BX,10451,5,27,53,NYC_COVID_REAL
2020-06-20,Brooklyn Health Center,BK,11201,9,23,46,NYC_COVID_REAL
2020-06-20,Manhattan Hospital,MN,10001,3,15,44,NYC_COVID_REAL
2020-06-20,Queens Medical Center,QN,11101,8,28,54,NYC_COVID_REAL
2020-06-20,Staten Island Hospital,SI,10301,1,14,6,NYC_COVID_REAL
2020-06-21,Bronx Medical Center,BX,10451,6,24,25,NYC_COVID_REAL
2020-06-21,Brooklyn Health Center,BK,11201,16,36,55,NYC_COVID_REAL
2020-06-21,Manhattan Hospital,MN,10001,7,19,25,NYC_COVID_REAL
2020-06-21,Queens Medical Center,QN,11101,13,37,58,NYC_COVID_REAL
2020-06-21,Staten Island Hospital,SI,10301,2,12,9,NYC_COVID_REAL
2020-06-22,Bronx Medical Center,BX,10451,12,23,92,NYC_COVID_REAL
2020-06-22,Brooklyn Health Center,BK,11201,16,35,110,NYC_COVID_REAL
2020-06-22,Manhattan Hospital,MN,10001,8,22,63,NYC_COVID_REAL
2020-06-22,Queens Medical Center,QN,11101,10,36,119,NYC_COVID_REAL
2020-06-22,Staten Island Hospital,SI,10301,2,18,18,NYC_COVID_REAL
2020-06-23,Bronx Medical Center,BX,10451,7,23,73,NYC_COVID_REAL
2020-06-23,Brooklyn Health Center,BK,11201,17,30,95,NYC_COVID_REAL
2020-06-23,Manhattan Hospital,MN,10001,5,26,76,NYC_COVID_REAL
2020-06-23,Queens Medical Center,QN,11101,13,34,121,NYC_COVID_REAL
2020-06-23,Staten Island Hospital,SI,10301,2,26,16,NYC_COVID_REAL
2020-06-24,Bronx Medical Center,BX,10451,7,33,90,NYC_COVID_REAL
2020-06-24,Brooklyn Health Center,BK,11201,19,36,101,NYC_COVID_REAL
2020-06-24,Manhattan Hospital,MN,10001,7,29,73,NYC_COVID_REAL
2020-06-24,Queens Medical Center,QN,11101,15,31,103,NYC_COVID_REAL
2020-06-24,Staten Island Hospital,SI,10301,4,16,14,NYC_COVID_REAL
2020-06-25,Bronx Medical Center,BX,10451,13,24,65,NYC_COVID_REAL
2020-06-25,Brooklyn Health Center,BK,11201,10,23,81,NYC_COVID_REAL
2020-06-25,Manhattan Hospital,MN,10001,5,18,46,NYC_COVID_REAL
2020-06-25,Queens Medical Center,QN,11101,12,27,78,NYC_COVID_REAL
2020-06-25,Staten Island Hospital,SI,10301,3,28,28,NYC_COVID_REAL
2020-06-26,Bronx Medical Center,BX,10451,8,27,66,NYC_COVID_REAL
2020-06-26,Brooklyn Health Center,BK,11201,14,27,95,NYC_COVID_REAL
2020-06-26,Manhattan Hospital,MN,10001,4,18,63,NYC_COVID_REAL
2020-06-26,Queens Medical Center,QN,11101,5,26,77,NYC_COVID_REAL
2020-06-26,Staten Island Hospital,SI,10301,2,14,16,NYC_COVID_REAL
2020-06-27,Bronx Medical Center,BX,10451,10,37,26,NYC_COVID_REAL
2020-06-27,Brooklyn Health Center,BK,11201,20,44,70,NYC_COVID_REAL
2020-06-27,Manhattan Hospital,MN,10001,6,33,37,NYC_COVID_REAL
2020-06-27,Queens Medical Center,QN,11101,6,26,60,NYC_COVID_REAL
2020-06-27,Staten Island Hospital,SI,10301,1,18,13,NYC_COVID_REAL
2020-06-28,Bronx Medical Center,BX,10451,6,32,35,NYC_COVID_REAL
2020-06-28,Brooklyn Health Center,BK,11201,11,35,57,NYC_COVID_REAL
2020-06-28,Manhattan Hospital,MN,10001,3,31,41,NYC_COVID_REAL
2020-06-28,Queens Medical Center,QN,11101,12,33,57,NYC_COVID_REAL
2020-06-28,Staten Island Hospital,SI,10301,1,12,11,NYC_COVID_REAL
2020-06-29,Bronx Medical Center,BX,10451,7,17,75,NYC_COVID_REAL
2020-06-29,Brooklyn Health Center,BK,11201,21,33,127,NYC_COVID_REAL
2020-06-29,Manhattan Hospital,MN,10001,4,27,80,NYC_COVID_REAL
2020-06-29,Queens Medical Center,QN,11101,14,30,132,NYC_COVID_REAL
2020-06-29,Staten Island Hospital,SI,10301,1,16,23,NYC_COVID_REAL
2020-06-30,Bronx Medical Center,BX,10451,8,29,77,NYC_COVID_REAL
2020-06-30,Brooklyn Health Center,BK,11201,17,33,127,NYC_COVID_REAL
2020-06-30,Manhattan Hospital,MN,10001,8,20,95,NYC_COVID_REAL
2020-06-30,Queens Medical Center,QN,11101,10,36,114,NYC_COVID_REAL
2020-06-30,Staten Island Hospital,SI,10301,2,17,29,NYC_COVID_REAL
2020-07-01,Bronx Medical Center,BX,10451,8,18,59,NYC_COVID_REAL
2020-07-01,Brooklyn Health Center,BK,11201,12,29,121,NYC_COVID_REAL
2020-07-01,Manhattan Hospital,MN,10001,7,33,83,NYC_COVID_REAL
2020-07-01,Queens Medical Center,QN,11101,12,25,94,NYC_COVID_REAL
2020-07-01,Staten Island Hospital,SI,10301,1,22,39,NYC_COVID_REAL
2020-07-02,Bronx Medical Center,BX,10451,10,25,76,NYC_COVID_REAL
2020-07-02,Brooklyn Health Center,BK,11201,13,35,127,NYC_COVID_REAL
2020-07-02,Manhattan Hospital,MN,10001,8,31,79,NYC_COVID_REAL
2020-07-02,Queens Medical Center,QN,11101,14,41,117,NYC_COVID_REAL
2020-07-02,Staten Island Hospital,SI,10301,1,24,17,NYC_COVID_REAL
2020-07-03,Bronx Medical Center,BX,10451,4,15,41,NYC_COVID_REAL
2020-07-03,Brooklyn Health Center,BK,11201,14,28,72,NYC_COVID_REAL
2020-07-03,Manhattan Hospital,MN,10001,7,35,48,NYC_COVID_REAL
2020-07-03,Queens Medical Center,QN,11101,4,27,64,NYC_COVID_REAL
2020-07-03,Staten Island Hospital,SI,10301,1,15,8,NYC_COVID_REAL
2020-07-04,Bronx Medical Center,BX,10451,4,30,21,NYC_COVID_REAL
2020-07-04,Brooklyn Health Center,BK,11201,8,22,23,NYC_COVID_REAL
2020-07-04,Manhattan Hospital,MN,10001,8,32,32,NYC_COVID_REAL
2020-07-04,Queens Medical Center,QN,11101,9,35,32,NYC_COVID_REAL
2020-07-04,Staten Island Hospital,SI,10301,1,19,12,NYC_COVID_REAL
2020-07-05,Bronx Medical Center,BX,10451,6,31,20,NYC_COVID_REAL
2020-07-05,Brooklyn Health Center,BK,11201,5,32,53,NYC_COVID_REAL
2020-07-05,Manhattan Hospital,MN,10001,6,21,32,NYC_COVID_REAL
2020-07-05,Queens Medical Center,QN,11101,12,34,38,NYC_COVID_REAL
2020-07-05,Staten Island Hospital,SI,10301,1,11,12,NYC_COVID_REAL
2020-07-06,Bronx Medical Center,BX,10451,8,36,68,NYC_COVID_REAL
2020-07-06,Brooklyn Health Center,BK,11201,18,44,142,NYC_COVID_REAL
2020-07-06,Manhattan Hospital,MN,10001,7,30,76,NYC_COVID_REAL
2020-07-06,Queens Medical Center,QN,11101,19,40,117,NYC_COVID_REAL
2020-07-06,Staten Island Hospital,SI,10301,2,17,28,NYC_COVID_REAL
2020-07-07,Bronx Medical Center,BX,10451,20,44,112,NYC_COVID_REAL
2020-07-07,Brooklyn Health Center,BK,11201,6,25,123,NYC_COVID_REAL
2020-07-07,Manhattan Hospital,MN,10001,8,18,88,NYC_COVID_REAL
2020-07-07,Queens Medical Center,QN,11101,12,28,106,NYC_COVID_REAL
2020-07-07,Staten Island Hospital,SI,10301,1,17,32,NYC_COVID_REAL
2020-07-08,Bronx Medical Center,BX,10451,8,25,83,NYC_COVID_REAL
2020-07-08,Brooklyn Health Center,BK,11201,12,41,121,NYC_COVID_REAL
2020-07-08,Manhattan Hospital,MN,10001,8,37,120,NYC_COVID_REAL
2020-07-08,Queens Medical Center,QN,11101,4,21,88,NYC_COVID_REAL
2020-07-08,Staten Island Hospital,SI,10301,2,16,25,NYC_COVID_REAL
2020-07-09,Bronx Medical Center,BX,10451,17,31,90,NYC_COVID_REAL
2020-07-09,Brooklyn Health Center,BK,11201,11,32,104,NYC_COVID_REAL
2020-07-09,Manhattan Hospital,MN,10001,6,32,85,NYC_COVID_REAL
2020-07-09,Queens Medical Center,QN,11101,11,35,94,NYC_COVID_REAL
2020-07-09,Staten Island Hospital,SI,10301,1,12,18,NYC_COVID_REAL
2020-07-10,Bronx Medical Center,BX,10451,9,37,65,NYC_COVID_REAL
2020-07-10,Brooklyn Health Center,BK,11201,17,29,90,NYC_COVID_REAL
2020-07-10,Manhattan Hospital,MN,10001,1,19,48,NYC_COVID_REAL
2020-07-10,Queens Medical Center,QN,11101,15,35,91,NYC_COVID_REAL
2020-07-10,Staten Island Hospital,SI,10301,3,31,13,NYC_COVID_REAL
2020-07-11,Bronx Medical Center,BX,10451,6,33,40,NYC_COVID_REAL
2020-07-11,Brooklyn Health Center,BK,11201,14,38,73,NYC_COVID_REAL
2020-07-11,Manhattan Hospital,MN,10001,5,30,47,NYC_COVID_REAL
2020-07-11,Queens Medical Center,QN,11101,9,20,86,NYC_COVID_REAL
2020-07-11,Staten Island Hospital,SI,10301,1,19,13,NYC_COVID_REAL
2020-07-12,Bronx Medical Center,BX,10451,7,24,44,NYC_COVID_REAL
2020-07-12,Brooklyn Health Center,BK,11201,10,27,55,NYC_COVID_REAL
2020-07-12,Manhattan Hospital,MN,10001,3,18,42,NYC_COVID_REAL
2020-07-12,Queens Medical Center,QN,11101,6,34,69,NYC_COVID_REAL
2020-07-12,Staten Island Hospital,SI,10301,1,20,13,NYC_COVID_REAL
2020-07-13,Bronx Medical Center,BX,10451,11,33,108,NYC_COVID_REAL
2020-07-13,Brooklyn Health Center,BK,11201,15,44,123,NYC_COVID_REAL
2020-07-13,Manhattan Hospital,MN,10001,7,27,79,NYC_COVID_REAL
2020-07-13,Queens Medical Center,QN,11101,11,36,138,NYC_COVID_REAL
2020-07-13,Staten Island Hospital,SI,10301,5,20,35,NYC_COVID_REAL
2020-07-14,Bronx Medical Center,BX,10451,11,27,70,NYC_COVID_REAL
2020-07-14,Brooklyn Health Center,BK,11201,9,25,111,NYC_COVID_REAL
2020-07-14,Manhattan Hospital,MN,10001,8,21,82,NYC_COVID_REAL
2020-07-14,Queens Medical Center,QN,11101,15,41,121,NYC_COVID_REAL
2020-07-14,Staten Island Hospital,SI,10301,1,18,19,NYC_COVID_REAL
2020-07-15,Bronx Medical Center,BX,10451,9,22,107,NYC_COVID_REAL
2020-07-15,Brooklyn Health Center,BK,11201,21,47,149,NYC_COVID_REAL
2020-07-15,Manhattan Hospital,MN,10001,3,30,70,NYC_COVID_REAL
2020-07-15,Queens Medical Center,QN,11101,10,28,92,NYC_COVID_REAL
2020-07-15,Staten Island Hospital,SI,10301,1,14,22,NYC_COVID_REAL
2020-07-16,Bronx Medical Center,BX,10451,13,37,94,NYC_COVID_REAL
2020-07-16,Brooklyn Health Center,BK,11201,7,18,90,NYC_COVID_REAL
2020-07-16,Manhattan Hospital,MN,10001,4,18,83,NYC_COVID_REAL
2020-07-16,Queens Medical Center,QN,11101,7,35,109,NYC_COVID_REAL
2020-07-16,Staten Island Hospital,SI,10301,3,15,35,NYC_COVID_REAL
2020-07-17,Bronx Medical Center,BX,10451,7,19,75,NYC_COVID_REAL
2020-07-17,Brooklyn Health Center,BK,11201,14,26,106,NYC_COVID_REAL
2020-07-17,Manhattan Hospital,MN,10001,11,23,104,NYC_COVID_REAL
2020-07-17,Queens Medical Center,QN,11101,17,43,106,NYC_COVID_REAL
2020-07-17,Staten Island Hospital,SI,10301,1,18,22,NYC_COVID_REAL
2020-07-18,Bronx Medical Center,BX,10451,6,26,54,NYC_COVID_REAL
2020-07-18,Brooklyn Health Center,BK,11201,6,17,58,NYC_COVID_REAL
2020-07-18,Manhattan Hospital,MN,10001,5,30,36,NYC_COVID_REAL
2020-07-18,Queens Medical Center,QN,11101,8,30,49,NYC_COVID_REAL
2020-07-18,Staten Island Hospital,SI,10301,1,12,19,NYC_COVID_REAL
2020-07-19,Bronx Medical Center,BX,10451,7,25,39,NYC_COVID_REAL
2020-07-19,Brooklyn Health Center,BK,11201,11,32,41,NYC_COVID_REAL
2020-07-19,Manhattan Hospital,MN,10001,2,21,33,NYC_COVID_REAL
2020-07-19,Queens Medical Center,QN,11101,16,36,45,NYC_COVID_REAL
2020-07-19,Staten Island Hospital,SI,10301,2,19,17,NYC_COVID_REAL
2020-07-20,Bronx Medical Center,BX,10451,12,24,95,NYC_COVID_REAL
2020-07-20,Brooklyn Health Center,BK,11201,11,28,87,NYC_COVID_REAL
2020-07-20,Manhattan Hospital,MN,10001,5,26,81,NYC_COVID_REAL
2020-07-20,Queens Medical Center,QN,11101,7,24,109,NYC_COVID_REAL
2020-07-20,Staten Island Hospital,SI,10301,3,13,32,NYC_COVID_REAL
2020-07-21,Bronx Medical Center,BX,10451,5,27,71,NYC_COVID_REAL
2020-07-21,Brooklyn Health Center,BK,11201,9,37,79,NYC_COVID_REAL
2020-07-21,Manhattan Hospital,MN,10001,2,21,70,NYC_COVID_REAL
2020-07-21,Queens Medical Center,QN,11101,6,33,100,NYC_COVID_REAL
2020-07-21,Staten Island Hospital,SI,10301,2,26,21,NYC_COVID_REAL
2020-07-22,Bronx Medical Center,BX,10451,8,27,79,NYC_COVID_REAL
2020-07-22,Brooklyn Health Center,BK,11201,14,38,95,NYC_COVID_REAL
2020-07-22,Manhattan Hospital,MN,10001,5,16,58,NYC_COVID_REAL
2020-07-22,Queens Medical Center,QN,11101,11,39,76,NYC_COVID_REAL
2020-07-22,Staten Island Hospital,SI,10301,2,19,20,NYC_COVID_REAL
2020-07-23,Bronx Medical Center,BX,10451,4,27,69,NYC_COVID_REAL
2020-07-23,Brooklyn Health Center,BK,11201,7,20,85,NYC_COVID_REAL
2020-07-23,Manhattan Hospital,MN,10001,10,31,65,NYC_COVID_REAL
2020-07-23,Queens Medical Center,QN,11101,7,20,63,NYC_COVID_REAL
2020-07-23,Staten Island Hospital,SI,10301,5,28,27,NYC_COVID_REAL
2020-07-24,Bronx Medical Center,BX,10451,12,35,73,NYC_COVID_REAL
2020-07-24,Brooklyn Health Center,BK,11201,12,27,68,NYC_COVID_REAL
2020-07-24,Manhattan Hospital,MN,10001,4,18,54,NYC_COVID_REAL
2020-07-24,Queens Medical Center,QN,11101,11,38,76,NYC_COVID_REAL
2020-07-24,Staten Island Hospital,SI,10301,1,11,28,NYC_COVID_REAL
2020-07-25,Bronx Medical Center,BX,10451,8,36,25,NYC_COVID_REAL
2020-07-25,Brooklyn Health Center,BK,11201,12,36,35,NYC_COVID_REAL
2020-07-25,Manhattan Hospital,MN,10001,3,31,34,NYC_COVID_REAL
2020-07-25,Queens Medical Center,QN,11101,8,34,46,NYC_COVID_REAL
2020-07-25,Staten Island Hospital,SI,10301,4,20,13,NYC_COVID_REAL
2020-07-26,Bronx Medical Center,BX,10451,6,22,30,NYC_COVID_REAL
2020-07-26,Brooklyn Health Center,BK,11201,6,35,40,NYC_COVID_REAL
2020-07-26,Manhattan Hospital,MN,10001,6,16,18,NYC_COVID_REAL
2020-07-26,Queens Medical Center,QN,11101,5,23,33,NYC_COVID_REAL
2020-07-26,Staten Island Hospital,SI,10301,2,13,19,NYC_COVID_REAL
2020-07-27,Bronx Medical Center,BX,10451,11,39,58,NYC_COVID_REAL
2020-07-27,Brooklyn Health Center,BK,11201,10,22,78,NYC_COVID_REAL
2020-07-27,Manhattan Hospital,MN,10001,5,33,72,NYC_COVID_REAL
2020-07-27,Queens Medical Center,QN,11101,10,29,79,NYC_COVID_REAL
2020-07-27,Staten Island Hospital,SI,10301,1,15,26,NYC_COVID_REAL
2020-07-28,Bronx Medical Center,BX,10451,7,21,58,NYC_COVID_REAL
2020-07-28,Brooklyn Health Center,BK,11201,18,39,106,NYC_COVID_REAL
2020-07-28,Manhattan Hospital,MN,10001,2,18,58,NYC_COVID_REAL
2020-07-28,Queens Medical Center,QN,11101,7,25,73,NYC_COVID_REAL
2020-07-28,Staten Island Hospital,SI,10301,4,26,18,NYC_COVID_REAL
2020-07-29,Bronx Medical Center,BX,10451,5,15,80,NYC_COVID_REAL
2020-07-29,Brooklyn Health Center,BK,11201,12,29,73,NYC_COVID_REAL
2020-07-29,Manhattan Hospital,MN,10001,6,28,54,NYC_COVID_REAL
2020-07-29,Queens Medical Center,QN,11101,5,28,67,NYC_COVID_REAL
2020-07-29,Staten Island Hospital,SI,10301,2,31,13,NYC_COVID_REAL
2020-07-30,Bronx Medical Center,BX,10451,6,18,58,NYC_COVID_REAL
2020-07-30,Brooklyn Health Center,BK,11201,15,29,99,NYC_COVID_REAL
2020-07-30,Manhattan Hospital,MN,10001,3,18,44,NYC_COVID_REAL
2020-07-30,Queens Medical Center,QN,11101,11,21,61,NYC_COVID_REAL
2020-07-30,Staten Island Hospital,SI,10301,2,15,12,NYC_COVID_REAL
2020-07-31,Bronx Medical Center,BX,10451,8,30,55,NYC_COVID_REAL
2020-07-31,Brooklyn Health Center,BK,11201,8,23,80,NYC_COVID_REAL
2020-07-31,Manhattan Hospital,MN,10001,9,36,51,NYC_COVID_REAL
2020-07-31,Queens Medical Center,QN,11101,6,28,58,NYC_COVID_REAL
2020-07-31,Staten Island Hospital,SI,10301,3,24,18,NYC_COVID_REAL
2020-08-01,Bronx Medical Center,BX,10451,5,18,37,NYC_COVID_REAL
2020-08-01,Brooklyn Health Center,BK,11201,15,37,58,NYC_COVID_REAL
2020-08-01,Manhattan Hospital,MN,10001,4,14,33,NYC_COVID_REAL
2020-08-01,Queens Medical Center,QN,11101,1,19,54,NYC_COVID_REAL
2020-08-01,Staten Island Hospital,SI,10301,2,17,7,NYC_COVID_REAL
2020-08-02,Bronx Medical Center,BX,10451,5,17,30,NYC_COVID_REAL
2020-08-02,Brooklyn Health Center,BK,11201,9,24,38,NYC_COVID_REAL
2020-08-02,Manhattan Hospital,MN,10001,3,20,26,NYC_COVID_REAL
2020-08-02,Queens Medical Center,QN,11101,12,37,33,NYC_COVID_REAL
2020-08-02,Staten Island Hospital,SI,10301,4,20,8,NYC_COVID_REAL
2020-08-03,Bronx Medical Center,BX,10451,13,41,96,NYC_COVID_REAL
2020-08-03,Brooklyn Health Center,BK,11201,12,35,93,NYC_COVID_REAL
2020-08-03,Manhattan Hospital,MN,10001,6,27,56,NYC_COVID_REAL
2020-08-03,Queens Medical Center,QN,11101,8,18,84,NYC_COVID_REAL
2020-08-03,Staten Island Hospital,SI,10301,1,14,19,NYC_COVID_REAL
2020-08-04,Bronx Medical Center,BX,10451,11,22,47,NYC_COVID_REAL
2020-08-04,Brooklyn Health Center,BK,11201,12,34,49,NYC_COVID_REAL
2020-08-04,Manhattan Hospital,MN,10001,2,18,38,NYC_COVID_REAL
2020-08-04,Queens Medical Center,QN,11101,6,21,46,NYC_COVID_REAL
2020-08-04,Staten Island Hospital,SI,10301,1,25,7,NYC_COVID_REAL
2020-08-05,Bronx Medical Center,BX,10451,9,36,66,NYC_COVID_REAL
2020-08-05,Brooklyn Health Center,BK,11201,14,28,90,NYC_COVID_REAL
2020-08-05,Manhattan Hospital,MN,10001,3,19,47,NYC_COVID_REAL
2020-08-05,Queens Medical Center,QN,11101,12,37,80,NYC_COVID_REAL
2020-08-05,Staten Island Hospital,SI,10301,1,17,15,NYC_COVID_REAL
2020-08-06,Bronx Medical Center,BX,10451,8,21,65,NYC_COVID_REAL
2020-08-06,Brooklyn Health Center,BK,11201,12,41,86,NYC_COVID_REAL
2020-08-06,Manhattan Hospital,MN,10001,4,32,53,NYC_COVID_REAL
2020-08-06,Queens Medical Center,QN,11101,7,34,66,NYC_COVID_REAL
2020-08-06,Staten Island Hospital,SI,10301,3,31,18,NYC_COVID_REAL
2020-08-07,Bronx Medical Center,BX,10451,7,17,53,NYC_COVID_REAL
2020-08-07,Brooklyn Health Center,BK,11201,9,25,90,NYC_COVID_REAL
2020-08-07,Manhattan Hospital,MN,10001,4,16,49,NYC_COVID_REAL
2020-08-07,Queens Medical Center,QN,11101,3,29,57,NYC_COVID_REAL
2020-08-07,Staten Island Hospital,SI,10301,1,17,6,NYC_COVID_REAL
2020-08-08,Bronx Medical Center,BX,10451,7,22,30,NYC_COVID_REAL
2020-08-08,Brooklyn Health Center,BK,11201,8,27,57,NYC_COVID_REAL
2020-08-08,Manhattan Hospital,MN,10001,1,30,23,NYC_COVID_REAL
2020-08-08,Queens Medical Center,QN,11101,5,33,43,NYC_COVID_REAL
2020-08-08,Staten Island Hospital,SI,10301,1,29,7,NYC_COVID_REAL
2020-08-09,Bronx Medical Center,BX,10451,8,23,19,NYC_COVID_REAL
2020-08-09,Brooklyn Health Center,BK,11201,9,34,48,NYC_COVID_REAL
2020-08-09,Manhattan Hospital,MN,10001,2,17,18,NYC_COVID_REAL
2020-08-09,Queens Medical Center,QN,11101,6,26,36,NYC_COVID_REAL
2020-08-09,Staten Island Hospital,SI,10301,1,19,12,NYC_COVID_REAL
2020-08-10,Bronx Medical Center,BX,10451,10,25,89,NYC_COVID_REAL
2020-08-10,Brooklyn Health Center,BK,11201,14,36,75,NYC_COVID_REAL
2020-08-10,Manhattan Hospital,MN,10001,6,16,49,NYC_COVID_REAL
2020-08-10,Queens Medical Center,QN,11101,9,20,77,NYC_COVID_REAL
2020-08-10,Staten Island Hospital,SI,10301,2,20,22,NYC_COVID_REAL
2020-08-11,Bronx Medical Center,BX,10451,10,32,70,NYC_COVID_REAL
2020-08-11,Brooklyn Health Center,BK,11201,9,19,82,NYC_COVID_REAL
2020-08-11,Manhattan Hospital,MN,10001,1,17,42,NYC_COVID_REAL
2020-08-11,Queens Medical Center,QN,11101,2,13,51,NYC_COVID_REAL
2020-08-11,Staten Island Hospital,SI,10301,4,30,18,NYC_COVID_REAL
2020-08-12,Bronx Medical Center,BX,10451,7,22,59,NYC_COVID_REAL
2020-08-12,Brooklyn Health Center,BK,11201,7,27,114,NYC_COVID_REAL
2020-08-12,Manhattan Hospital,MN,10001,6,20,43,NYC_COVID_REAL
2020-08-12,Queens Medical Center,QN,11101,11,25,86,NYC_COVID_REAL
2020-08-12,Staten Island Hospital,SI,10301,1,20,18,NYC_COVID_REAL
2020-08-13,Bronx Medical Center,BX,10451,9,25,61,NYC_COVID_REAL
2020-08-13,Brooklyn Health Center,BK,11201,13,28,86,NYC_COVID_REAL
2020-08-13,Manhattan Hospital,MN,10001,7,19,50,NYC_COVID_REAL
2020-08-13,Queens Medical Center,QN,11101,10,33,67,NYC_COVID_REAL
2020-08-13,Staten Island Hospital,SI,10301,1,19,12,NYC_COVID_REAL
2020-08-14,Bronx Medical Center,BX,10451,6,29,68,NYC_COVID_REAL
2020-08-14,Brooklyn Health Center,BK,11201,11,26,80,NYC_COVID_REAL
2020-08-14,Manhattan Hospital,MN,10001,5,26,44,NYC_COVID_REAL
2020-08-14,Queens Medical Center,QN,11101,14,43,69,NYC_COVID_REAL
2020-08-14,Staten Island Hospital,SI,10301,2,25,16,NYC_COVID_REAL
2020-08-15,Bronx Medical Center,BX,10451,6,31,42,NYC_COVID_REAL
2020-08-15,Brooklyn Health Center,BK,11201,7,36,33,NYC_COVID_REAL
2020-08-15,Manhattan Hospital,MN,10001,3,29,25,NYC_COVID_REAL
2020-08-15,Queens Medical Center,QN,11101,5,33,42,NYC_COVID_REAL
2020-08-15,Staten Island Hospital,SI,10301,2,24,9,NYC_COVID_REAL
2020-08-16,Bronx Medical Center,BX,10451,10,30,23,NYC_COVID_REAL
2020-08-16,Brooklyn Health Center,BK,11201,5,34,49,NYC_COVID_REAL
2020-08-16,Manhattan Hospital,MN,10001,1,21,22,NYC_COVID_REAL
2020-08-16,Queens Medical Center,QN,11101,5,24,39,NYC_COVID_REAL
2020-08-16,Staten Island Hospital,SI,10301,1,29,7,NYC_COVID_REAL
2020-08-17,Bronx Medical Center,BX,10451,9,30,71,NYC_COVID_REAL
2020-08-17,Brooklyn Health Center,BK,11201,5,18,96,NYC_COVID_REAL
2020-08-17,Manhattan Hospital,MN,10001,4,22,57,NYC_COVID_REAL
2020-08-17,Queens Medical Center,QN,11101,15,32,95,NYC_COVID_REAL
2020-08-17,Staten Island Hospital,SI,10301,1,29,14,NYC_COVID_REAL
2020-08-18,Bronx Medical Center,BX,10451,14,37,55,NYC_COVID_REAL
2020-08-18,Brooklyn Health Center,BK,11201,9,35,66,NYC_COVID_REAL
2020-08-18,Manhattan Hospital,MN,10001,2,20,61,NYC_COVID_REAL
2020-08-18,Queens Medical Center,QN,11101,12,33,87,NYC_COVID_REAL
2020-08-18,Staten Island Hospital,SI,10301,2,19,14,NYC_COVID_REAL
2020-08-19,Bronx Medical Center,BX,10451,5,20,50,NYC_COVID_REAL
2020-08-19,Brooklyn Health Center,BK,11201,14,33,69,NYC_COVID_REAL
2020-08-19,Manhattan Hospital,MN,10001,8,37,51,NYC_COVID_REAL
2020-08-19,Queens Medical Center,QN,11101,7,34,69,NYC_COVID_REAL
2020-08-19,Staten Island Hospital,SI,10301,1,30,18,NYC_COVID_REAL
2020-08-20,Bronx Medical Center,BX,10451,14,25,64,NYC_COVID_REAL
2020-08-20,Brooklyn Health Center,BK,11201,8,30,56,NYC_COVID_REAL
2020-08-20,Manhattan Hospital,MN,10001,4,17,33,NYC_COVID_REAL
2020-08-20,Queens Medical Center,QN,11101,10,38,54,NYC_COVID_REAL
2020-08-20,Staten Island Hospital,SI,10301,1,17,20,NYC_COVID_REAL
2020-08-21,Bronx Medical Center,BX,10451,9,26,52,NYC_COVID_REAL
2020-08-21,Brooklyn Health Center,BK,11201,9,31,75,NYC_COVID_REAL
2020-08-21,Manhattan Hospital,MN,10001,4,26,51,NYC_COVID_REAL
2020-08-21,Queens Medical Center,QN,11101,9,23,60,NYC_COVID_REAL
2020-08-21,Staten Island Hospital,SI,10301,1,11,14,NYC_COVID_REAL
2020-08-22,Bronx Medical Center,BX,10451,6,19,29,NYC_COVID_REAL
2020-08-22,Brooklyn Health Center,BK,11201,6,21,36,NYC_COVID_REAL
2020-08-22,Manhattan Hospital,MN,10001,7,19,30,NYC_COVID_REAL
2020-08-22,Queens Medical Center,QN,11101,7,33,34,NYC_COVID_REAL
2020-08-22,Staten Island Hospital,SI,10301,1,13,7,NYC_COVID_REAL
2020-08-23,Bronx Medical Center,BX,10451,3,19,32,NYC_COVID_REAL
2020-08-23,Brooklyn Health Center,BK,11201,7,30,55,NYC_COVID_REAL
2020-08-23,Manhattan Hospital,MN,10001,2,28,16,NYC_COVID_REAL
2020-08-23,Queens Medical Center,QN,11101,11,40,40,NYC_COVID_REAL
2020-08-23,Staten Island Hospital,SI,10301,1,20,7,NYC_COVID_REAL
2020-08-24,Bronx Medical Center,BX,10451,14,32,64,NYC_COVID_REAL
2020-08-24,Brooklyn Health Center,BK,11201,9,27,85,NYC_COVID_REAL
2020-08-24,Manhattan Hospital,MN,10001,6,25,49,NYC_COVID_REAL
2020-08-24,Queens Medical Center,QN,11101,5,24,84,NYC_COVID_REAL
2020-08-24,Staten Island Hospital,SI,10301,2,20,15,NYC_COVID_REAL
2020-08-25,Bronx Medical Center,BX,10451,10,29,64,NYC_COVID_REAL
2020-08-25,Brooklyn Health Center,BK,11201,14,24,84,NYC_COVID_REAL
2020-08-25,Manhattan Hospital,MN,10001,7,24,54,NYC_COVID_REAL
2020-08-25,Queens Medical Center,QN,11101,8,30,69,NYC_COVID_REAL
2020-08-25,Staten Island Hospital,SI,10301,1,25,12,NYC_COVID_REAL
2020-08-26,Bronx Medical Center,BX,10451,5,22,64,NYC_COVID_REAL
2020-08-26,Brooklyn Health Center,BK,11201,14,39,117,NYC_COVID_REAL
2020-08-26,Manhattan Hospital,MN,10001,2,17,50,NYC_COVID_REAL
2020-08-26,Queens Medical Center,QN,11101,5,27,66,NYC_COVID_REAL
2020-08-26,Staten Island Hospital,SI,10301,2,14,16,NYC_COVID_REAL
2020-08-27,Bronx Medical Center,BX,10451,8,25,53,NYC_COVID_REAL
2020-08-27,Brooklyn Health Center,BK,11201,9,31,99,NYC_COVID_REAL
2020-08-27,Manhattan Hospital,MN,10001,2,29,48,NYC_COVID_REAL
2020-08-27,Queens Medical Center,QN,11101,10,36,61,NYC_COVID_REAL
2020-08-27,Staten Island Hospital,SI,10301,2,27,13,NYC_COVID_REAL
2020-08-28,Bronx Medical Center,BX,10451,4,20,77,NYC_COVID_REAL
2020-08-28,Brooklyn Health Center,BK,11201,9,38,78,NYC_COVID_REAL
2020-08-28,Manhattan Hospital,MN,10001,1,16,52,NYC_COVID_REAL
2020-08-28,Queens Medical Center,QN,11101,7,32,52,NYC_COVID_REAL
2020-08-28,Staten Island Hospital,SI,10301,1,17,21,NYC_COVID_REAL
2020-08-29,Bronx Medical Center,BX,10451,7,18,28,NYC_COVID_REAL
2020-08-29,Brooklyn Health Center,BK,11201,9,20,38,NYC_COVID_REAL
2020-08-29,Manhattan Hospital,MN,10001,1,26,23,NYC_COVID_REAL
2020-08-29,Queens Medical Center,QN,11101,4,17,32,NYC_COVID_REAL
2020-08-29,Staten Island Hospital,SI,10301,1,12,7,NYC_COVID_REAL
2020-08-30,Bronx Medical Center,BX,10451,2,18,20,NYC_COVID_REAL
2020-08-30,Brooklyn Health Center,BK,11201,5,30,62,NYC_COVID_REAL
2020-08-30,Manhattan Hospital,MN,10001,3,23,37,NYC_COVID_REAL
2020-08-30,Queens Medical Center,QN,11101,6,26,42,NYC_COVID_REAL
2020-08-30,Staten Island Hospital,SI,10301,4,15,25,NYC_COVID_REAL
2020-08-31,Bronx Medical Center,BX,10451,9,22,46,NYC_COVID_REAL
2020-08-31,Brooklyn Health Center,BK,11201,14,37,118,NYC_COVID_REAL
2020-08-31,Manhattan Hospital,MN,10001,6,31,52,NYC_COVID_REAL
2020-08-31,Queens Medical Center,QN,11101,12,27,77,NYC_COVID_REAL
2020-08-31,Staten Island Hospital,SI,10301,1,16,22,NYC_COVID_REAL
2020-09-01,Bronx Medical Center,BX,10451,5,30,52,NYC_COVID_REAL
2020-09-01,Brooklyn Health Center,BK,11201,9,37,89,NYC_COVID_REAL
2020-09-01,Manhattan Hospital,MN,10001,1,12,55,NYC_COVID_REAL
2020-09-01,Queens Medical Center,QN,11101,5,33,73,NYC_COVID_REAL
2020-09-01,Staten Island Hospital,SI,10301,1,26,24,NYC_COVID_REAL
2020-09-02,Bronx Medical Center,BX,10451,4,22,42,NYC_COVID_REAL
2020-09-02,Brooklyn Health Center,BK,11201,14,41,94,NYC_COVID_REAL
2020-09-02,Manhattan Hospital,MN,10001,1,11,48,NYC_COVID_REAL
2020-09-02,Queens Medical Center,QN,11101,10,22,69,NYC_COVID_REAL
2020-09-02,Staten Island Hospital,SI,10301,1,20,17,NYC_COVID_REAL
2020-09-03,Bronx Medical Center,BX,10451,2,20,40,NYC_COVID_REAL
2020-09-03,Brooklyn Health Center,BK,11201,7,25,91,NYC_COVID_REAL
2020-09-03,Manhattan Hospital,MN,10001,1,26,35,NYC_COVID_REAL
2020-09-03,Queens Medical Center,QN,11101,7,23,90,NYC_COVID_REAL
2020-09-03,Staten Island Hospital,SI,10301,1,11,17,NYC_COVID_REAL
2020-09-04,Bronx Medical Center,BX,10451,10,21,44,NYC_COVID_REAL
2020-09-04,Brooklyn Health Center,BK,11201,8,20,70,NYC_COVID_REAL
2020-09-04,Manhattan Hospital,MN,10001,2,18,30,NYC_COVID_REAL
2020-09-04,Queens Medical Center,QN,11101,9,25,59,NYC_COVID_REAL
2020-09-04,Staten Island Hospital,SI,10301,2,26,26,NYC_COVID_REAL
2020-09-05,Bronx Medical Center,BX,10451,5,18,30,NYC_COVID_REAL
2020-09-05,Brooklyn Health Center,BK,11201,10,39,46,NYC_COVID_REAL
2020-09-05,Manhattan Hospital,MN,10001,2,25,22,NYC_COVID_REAL
2020-09-05,Queens Medical Center,QN,11101,5,24,34,NYC_COVID_REAL
2020-09-05,Staten Island Hospital,SI,10301,1,26,24,NYC_COVID_REAL
2020-09-06,Bronx Medical Center,BX,10451,4,28,18,NYC_COVID_REAL
2020-09-06,Brooklyn Health Center,BK,11201,15,36,87,NYC_COVID_REAL
2020-09-06,Manhattan Hospital,MN,10001,3,18,27,NYC_COVID_REAL
2020-09-06,Queens Medical Center,QN,11101,8,37,62,NYC_COVID_REAL
2020-09-06,Staten Island Hospital,SI,10301,1,18,13,NYC_COVID_REAL
2020-09-07,Bronx Medical Center,BX,10451,2,29,32,NYC_COVID_REAL
2020-09-07,Brooklyn Health Center,BK,11201,7,20,75,NYC_COVID_REAL
2020-09-07,Manhattan Hospital,MN,10001,2,21,40,NYC_COVID_REAL
2020-09-07,Queens Medical Center,QN,11101,6,28,52,NYC_COVID_REAL
2020-09-07,Staten Island Hospital,SI,10301,2,22,18,NYC_COVID_REAL
2020-09-08,Bronx Medical Center,BX,10451,8,32,81,NYC_COVID_REAL
2020-09-08,Brooklyn Health Center,BK,11201,8,27,126,NYC_COVID_REAL
2020-09-08,Manhattan Hospital,MN,10001,3,27,58,NYC_COVID_REAL
2020-09-08,Queens Medical Center,QN,11101,6,27,98,NYC_COVID_REAL
2020-09-08,Staten Island Hospital,SI,10301,1,14,30,NYC_COVID_REAL
2020-09-09,Bronx Medical Center,BX,10451,6,27,56,NYC_COVID_REAL
2020-09-09,Brooklyn Health Center,BK,11201,11,33,119,NYC_COVID_REAL
2020-09-09,Manhattan Hospital,MN,10001,3,20,71,NYC_COVID_REAL
2020-09-09,Queens Medical Center,QN,11101,10,27,82,NYC_COVID_REAL
2020-09-09,Staten Island Hospital,SI,10301,1,27,25,NYC_COVID_REAL
2020-09-10,Bronx Medical Center,BX,10451,2,24,45,NYC_COVID_REAL
2020-09-10,Brooklyn Health Center,BK,11201,9,25,124,NYC_COVID_REAL
2020-09-10,Manhattan Hospital,MN,10001,4,30,57,NYC_COVID_REAL
2020-09-10,Queens Medical Center,QN,11101,7,23,70,NYC_COVID_REAL
2020-09-10,Staten Island Hospital,SI,10301,3,31,27,NYC_COVID_REAL
2020-09-11,Bronx Medical Center,BX,10451,9,19,55,NYC_COVID_REAL
2020-09-11,Brooklyn Health Center,BK,11201,9,37,111,NYC_COVID_REAL
2020-09-11,Manhattan Hospital,MN,10001,5,25,54,NYC_COVID_REAL
2020-09-11,Queens Medical Center,QN,11101,7,33,77,NYC_COVID_REAL
2020-09-11,Staten Island Hospital,SI,10301,2,12,16,NYC_COVID_REAL
2020-09-12,Bronx Medical Center,BX,10451,2,30,35,NYC_COVID_REAL
2020-09-12,Brooklyn Health Center,BK,11201,3,31,51,NYC_COVID_REAL
2020-09-12,Manhattan Hospital,MN,10001,1,26,36,NYC_COVID_REAL
2020-09-12,Queens Medical Center,QN,11101,4,31,61,NYC_COVID_REAL
2020-09-12,Staten Island Hospital,SI,10301,1,19,19,NYC_COVID_REAL
2020-09-13,Bronx Medical Center,BX,10451,2,27,19,NYC_COVID_REAL
2020-09-13,Brooklyn Health Center,BK,11201,8,31,118,NYC_COVID_REAL
2020-09-13,Manhattan Hospital,MN,10001,1,29,45,NYC_COVID_REAL
2020-09-13,Queens Medical Center,QN,11101,5,23,68,NYC_COVID_REAL
2020-09-13,Staten Island Hospital,SI,10301,1,14,13,NYC_COVID_REAL
2020-09-14,Bronx Medical Center,BX,10451,4,32,75,NYC_COVID_REAL
2020-09-14,Brooklyn Health Center,BK,11201,15,32,178,NYC_COVID_REAL
2020-09-14,Manhattan Hospital,MN,10001,6,20,77,NYC_COVID_REAL
2020-09-14,Queens Medical Center,QN,11101,5,21,105,NYC_COVID_REAL
2020-09-14,Staten Island Hospital,SI,10301,2,21,26,NYC_COVID_REAL
2020-09-15,Bronx Medical Center,BX,10451,10,37,62,NYC_COVID_REAL
2020-09-15,Brooklyn Health Center,BK,11201,6,32,189,NYC_COVID_REAL
2020-09-15,Manhattan Hospital,MN,10001,4,32,64,NYC_COVID_REAL
2020-09-15,Queens Medical Center,QN,11101,8,28,81,NYC_COVID_REAL
2020-09-15,Staten Island Hospital,SI,10301,1,21,18,NYC_COVID_REAL
2020-09-16,Bronx Medical Center,BX,10451,7,31,60,NYC_COVID_REAL
2020-09-16,Brooklyn Health Center,BK,11201,24,39,200,NYC_COVID_REAL
2020-09-16,Manhattan Hospital,MN,10001,4,15,84,NYC_COVID_REAL
2020-09-16,Queens Medical Center,QN,11101,10,38,94,NYC_COVID_REAL
2020-09-16,Staten Island Hospital,SI,10301,1,14,18,NYC_COVID_REAL
2020-09-17,Bronx Medical Center,BX,10451,10,33,61,NYC_COVID_REAL
2020-09-17,Brooklyn Health Center,BK,11201,13,37,163,NYC_COVID_REAL
2020-09-17,Manhattan Hospital,MN,10001,4,26,88,NYC_COVID_REAL
2020-09-17,Queens Medical Center,QN,11101,5,21,104,NYC_COVID_REAL
2020-09-17,Staten Island Hospital,SI,10301,2,16,25,NYC_COVID_REAL
2020-09-18,Bronx Medical Center,BX,10451,10,34,45,NYC_COVID_REAL
2020-09-18,Brooklyn Health Center,BK,11201,15,40,108,NYC_COVID_REAL
2020-09-18,Manhattan Hospital,MN,10001,5,20,46,NYC_COVID_REAL
2020-09-18,Queens Medical Center,QN,11101,7,19,69,NYC_COVID_REAL
2020-09-18,Staten Island Hospital,SI,10301,1,28,24,NYC_COVID_REAL
2020-09-19,Bronx Medical Center,BX,10451,3,16,30,NYC_COVID_REAL
2020-09-19,Brooklyn Health Center,BK,11201,6,28,67,NYC_COVID_REAL
2020-09-19,Manhattan Hospital,MN,10001,4,28,48,NYC_COVID_REAL
2020-09-19,Queens Medical Center,QN,11101,7,34,60,NYC_COVID_REAL
2020-09-19,Staten Island Hospital,SI,10301,1,18,13,NYC_COVID_REAL
2020-09-20,Bronx Medical Center,BX,10451,8,34,32,NYC_COVID_REAL
2020-09-20,Brooklyn Health Center,BK,11201,9,21,78,NYC_COVID_REAL
2020-09-20,Manhattan Hospital,MN,10001,3,14,46,NYC_COVID_REAL
2020-09-20,Queens Medical Center,QN,11101,3,18,43,NYC_COVID_REAL
2020-09-20,Staten Island Hospital,SI,10301,1,18,21,NYC_COVID_REAL
2020-09-21,Bronx Medical Center,BX,10451,8,22,73,NYC_COVID_REAL
2020-09-21,Brooklyn Health Center,BK,11201,13,37,264,NYC_COVID_REAL
2020-09-21,Manhattan Hospital,MN,10001,1,19,75,NYC_COVID_REAL
2020-09-21,Queens Medical Center,QN,11101,6,19,122,NYC_COVID_REAL
2020-09-21,Staten Island Hospital,SI,10301,2,14,24,NYC_COVID_REAL
2020-09-22,Bronx Medical Center,BX,10451,7,30,67,NYC_COVID_REAL
2020-09-22,Brooklyn Health Center,BK,11201,12,35,209,NYC_COVID_REAL
2020-09-22,Manhattan Hospital,MN,10001,2,19,88,NYC_COVID_REAL
2020-09-22,Queens Medical Center,QN,11101,13,42,107,NYC_COVID_REAL
2020-09-22,Staten Island Hospital,SI,10301,1,26,26,NYC_COVID_REAL
2020-09-23,Bronx Medical Center,BX,10451,5,30,89,NYC_COVID_REAL
2020-09-23,Brooklyn Health Center,BK,11201,24,34,271,NYC_COVID_REAL
2020-09-23,Manhattan Hospital,MN,10001,2,25,100,NYC_COVID_REAL
2020-09-23,Queens Medical Center,QN,11101,7,31,115,NYC_COVID_REAL
2020-09-23,Staten Island Hospital,SI,10301,1,17,37,NYC_COVID_REAL
2020-09-24,Bronx Medical Center,BX,10451,7,21,71,NYC_COVID_REAL
2020-09-24,Brooklyn Health Center,BK,11201,15,25,263,NYC_COVID_REAL
2020-09-24,Manhattan Hospital,MN,10001,6,27,82,NYC_COVID_REAL
2020-09-24,Queens Medical Center,QN,11101,11,37,100,NYC_COVID_REAL
2020-09-24,Staten Island Hospital,SI,10301,3,30,26,NYC_COVID_REAL
2020-09-25,Bronx Medical Center,BX,10451,8,25,49,NYC_COVID_REAL
2020-09-25,Brooklyn Health Center,BK,11201,20,45,192,NYC_COVID_REAL
2020-09-25,Manhattan Hospital,MN,10001,6,33,69,NYC_COVID_REAL
2020-09-25,Queens Medical Center,QN,11101,11,30,125,NYC_COVID_REAL
2020-09-25,Staten Island Hospital,SI,10301,1,23,28,NYC_COVID_REAL
2020-09-26,Bronx Medical Center,BX,10451,5,33,42,NYC_COVID_REAL
2020-09-26,Brooklyn Health Center,BK,11201,7,21,109,NYC_COVID_REAL
2020-09-26,Manhattan Hospital,MN,10001,3,27,35,NYC_COVID_REAL
2020-09-26,Queens Medical Center,QN,11101,9,29,61,NYC_COVID_REAL
2020-09-26,Staten Island Hospital,SI,10301,2,13,33,NYC_COVID_REAL
2020-09-27,Bronx Medical Center,BX,10451,5,16,32,NYC_COVID_REAL
2020-09-27,Brooklyn Health Center,BK,11201,19,38,181,NYC_COVID_REAL
2020-09-27,Manhattan Hospital,MN,10001,2,22,35,NYC_COVID_REAL
2020-09-27,Queens Medical Center,QN,11101,8,27,106,NYC_COVID_REAL
2020-09-27,Staten Island Hospital,SI,10301,3,19,28,NYC_COVID_REAL
2020-09-28,Bronx Medical Center,BX,10451,7,29,82,NYC_COVID_REAL
2020-09-28,Brooklyn Health Center,BK,11201,12,23,139,NYC_COVID_REAL
2020-09-28,Manhattan Hospital,MN,10001,3,16,58,NYC_COVID_REAL
2020-09-28,Queens Medical Center,QN,11101,14,43,110,NYC_COVID_REAL
2020-09-28,Staten Island Hospital,SI,10301,2,13,47,NYC_COVID_REAL
2020-09-29,Bronx Medical Center,BX,10451,7,24,65,NYC_COVID_REAL
2020-09-29,Brooklyn Health Center,BK,11201,18,38,355,NYC_COVID_REAL
2020-09-29,Manhattan Hospital,MN,10001,9,35,95,NYC_COVID_REAL
2020-09-29,Queens Medical Center,QN,11101,13,29,175,NYC_COVID_REAL
2020-09-29,Staten Island Hospital,SI,10301,3,31,33,NYC_COVID_REAL
2020-09-30,Bronx Medical Center,BX,10451,1,17,52,NYC_COVID_REAL
2020-09-30,Brooklyn Health Center,BK,11201,33,56,284,NYC_COVID_REAL
2020-09-30,Manhattan Hospital,MN,10001,8,22,93,NYC_COVID_REAL
2020-09-30,Queens Medical Center,QN,11101,9,38,136,NYC_COVID_REAL
2020-09-30,Staten Island Hospital,SI,10301,1,27,41,NYC_COVID_REAL
2020-10-01,Bronx Medical Center,BX,10451,7,24,82,NYC_COVID_REAL
2020-10-01,Brooklyn Health Center,BK,11201,22,32,332,NYC_COVID_REAL
2020-10-01,Manhattan Hospital,MN,10001,5,33,120,NYC_COVID_REAL
2020-10-01,Queens Medical Center,QN,11101,6,20,145,NYC_COVID_REAL
2020-10-01,Staten Island Hospital,SI,10301,1,18,26,NYC_COVID_REAL
2020-10-02,Bronx Medical Center,BX,10451,5,28,80,NYC_COVID_REAL
2020-10-02,Brooklyn Health Center,BK,11201,26,55,271,NYC_COVID_REAL
2020-10-02,Manhattan Hospital,MN,10001,3,21,78,NYC_COVID_REAL
2020-10-02,Queens Medical Center,QN,11101,13,32,140,NYC_COVID_REAL
2020-10-02,Staten Island Hospital,SI,10301,2,15,36,NYC_COVID_REAL
2020-10-03,Bronx Medical Center,BX,10451,1,15,34,NYC_COVID_REAL
2020-10-03,Brooklyn Health Center,BK,11201,12,35,93,NYC_COVID_REAL
2020-10-03,Manhattan Hospital,MN,10001,4,15,57,NYC_COVID_REAL
2020-10-03,Queens Medical Center,QN,11101,5,34,98,NYC_COVID_REAL
2020-10-03,Staten Island Hospital,SI,10301,3,21,17,NYC_COVID_REAL
2020-10-04,Bronx Medical Center,BX,10451,4,32,34,NYC_COVID_REAL
2020-10-04,Brooklyn Health Center,BK,11201,22,34,162,NYC_COVID_REAL
2020-10-04,Manhattan Hospital,MN,10001,3,21,29,NYC_COVID_REAL
2020-10-04,Queens Medical Center,QN,11101,11,24,84,NYC_COVID_REAL
2020-10-04,Staten Island Hospital,SI,10301,4,32,26,NYC_COVID_REAL
2020-10-05,Bronx Medical Center,BX,10451,10,38,94,NYC_COVID_REAL
2020-10-05,Brooklyn Health Center,BK,11201,24,45,355,NYC_COVID_REAL
2020-10-05,Manhattan Hospital,MN,10001,2,27,84,NYC_COVID_REAL
2020-10-05,Queens Medical Center,QN,11101,17,44,196,NYC_COVID_REAL
2020-10-05,Staten Island Hospital,SI,10301,2,12,37,NYC_COVID_REAL
2020-10-06,Bronx Medical Center,BX,10451,5,18,67,NYC_COVID_REAL
2020-10-06,Brooklyn Health Center,BK,11201,23,36,251,NYC_COVID_REAL
2020-10-06,Manhattan Hospital,MN,10001,7,34,79,NYC_COVID_REAL
2020-10-06,Queens Medical Center,QN,11101,11,21,145,NYC_COVID_REAL
2020-10-06,Staten Island Hospital,SI,10301,1,16,29,NYC_COVID_REAL
2020-10-07,Bronx Medical Center,BX,10451,9,19,75,NYC_COVID_REAL
2020-10-07,Brooklyn Health Center,BK,11201,22,48,223,NYC_COVID_REAL
2020-10-07,Manhattan Hospital,MN,10001,5,31,74,NYC_COVID_REAL
2020-10-07,Queens Medical Center,QN,11101,10,21,132,NYC_COVID_REAL
2020-10-07,Staten Island Hospital,SI,10301,1,19,37,NYC_COVID_REAL
2020-10-08,Bronx Medical Center,BX,10451,8,21,83,NYC_COVID_REAL
2020-10-08,Brooklyn Health Center,BK,11201,20,34,218,NYC_COVID_REAL
2020-10-08,Manhattan Hospital,MN,10001,7,23,80,NYC_COVID_REAL
2020-10-08,Queens Medical Center,QN,11101,8,31,112,NYC_COVID_REAL
2020-10-08,Staten Island Hospital,SI,10301,4,14,33,NYC_COVID_REAL
2020-10-09,Bronx Medical Center,BX,10451,6,33,92,NYC_COVID_REAL
2020-10-09,Brooklyn Health Center,BK,11201,29,50,184,NYC_COVID_REAL
2020-10-09,Manhattan Hospital,MN,10001,4,33,74,NYC_COVID_REAL
2020-10-09,Queens Medical Center,QN,11101,13,23,143,NYC_COVID_REAL
2020-10-09,Staten Island Hospital,SI,10301,3,29,31,NYC_COVID_REAL
2020-10-10,Bronx Medical Center,BX,10451,3,31,36,NYC_COVID_REAL
2020-10-10,Brooklyn Health Center,BK,11201,18,32,96,NYC_COVID_REAL
2020-10-10,Manhattan Hospital,MN,10001,5,26,46,NYC_COVID_REAL
2020-10-10,Queens Medical Center,QN,11101,7,29,99,NYC_COVID_REAL
2020-10-10,Staten Island Hospital,SI,10301,5,16,36,NYC_COVID_REAL
2020-10-11,Bronx Medical Center,BX,10451,12,24,38,NYC_COVID_REAL
2020-10-11,Brooklyn Health Center,BK,11201,20,47,115,NYC_COVID_REAL
2020-10-11,Manhattan Hospital,MN,10001,5,26,29,NYC_COVID_REAL
2020-10-11,Queens Medical Center,QN,11101,11,24,85,NYC_COVID_REAL
2020-10-11,Staten Island Hospital,SI,10301,1,25,14,NYC_COVID_REAL
2020-10-12,Bronx Medical Center,BX,10451,3,17,53,NYC_COVID_REAL
2020-10-12,Brooklyn Health Center,BK,11201,29,57,223,NYC_COVID_REAL
2020-10-12,Manhattan Hospital,MN,10001,7,30,85,NYC_COVID_REAL
2020-10-12,Queens Medical Center,QN,11101,13,35,116,NYC_COVID_REAL
2020-10-12,Staten Island Hospital,SI,10301,1,17,37,NYC_COVID_REAL
2020-10-13,Bronx Medical Center,BX,10451,9,31,91,NYC_COVID_REAL
2020-10-13,Brooklyn Health Center,BK,11201,18,43,224,NYC_COVID_REAL
2020-10-13,Manhattan Hospital,MN,10001,2,12,100,NYC_COVID_REAL
2020-10-13,Queens Medical Center,QN,11101,16,32,128,NYC_COVID_REAL
2020-10-13,Staten Island Hospital,SI,10301,5,19,45,NYC_COVID_REAL
2020-10-14,Bronx Medical Center,BX,10451,4,32,89,NYC_COVID_REAL
2020-10-14,Brooklyn Health Center,BK,11201,23,39,215,NYC_COVID_REAL
2020-10-14,Manhattan Hospital,MN,10001,6,26,86,NYC_COVID_REAL
2020-10-14,Queens Medical Center,QN,11101,20,49,159,NYC_COVID_REAL
2020-10-14,Staten Island Hospital,SI,10301,5,26,33,NYC_COVID_REAL
2020-10-15,Bronx Medical Center,BX,10451,13,40,91,NYC_COVID_REAL
2020-10-15,Brooklyn Health Center,BK,11201,33,43,239,NYC_COVID_REAL
2020-10-15,Manhattan Hospital,MN,10001,5,16,90,NYC_COVID_REAL
2020-10-15,Queens Medical Center,QN,11101,20,43,143,NYC_COVID_REAL
2020-10-15,Staten Island Hospital,SI,10301,3,18,40,NYC_COVID_REAL
2020-10-16,Bronx Medical Center,BX,10451,9,35,78,NYC_COVID_REAL
2020-10-16,Brooklyn Health Center,BK,11201,18,39,163,NYC_COVID_REAL
2020-10-16,Manhattan Hospital,MN,10001,5,18,91,NYC_COVID_REAL
2020-10-16,Queens Medical Center,QN,11101,12,29,133,NYC_COVID_REAL
2020-10-16,Staten Island Hospital,SI,10301,4,16,38,NYC_COVID_REAL
2020-10-17,Bronx Medical Center,BX,10451,7,20,64,NYC_COVID_REAL
2020-10-17,Brooklyn Health Center,BK,11201,9,37,91,NYC_COVID_REAL
2020-10-17,Manhattan Hospital,MN,10001,4,19,61,NYC_COVID_REAL
2020-10-17,Queens Medical Center,QN,11101,9,26,110,NYC_COVID_REAL
2020-10-17,Staten Island Hospital,SI,10301,6,28,39,NYC_COVID_REAL
2020-10-18,Bronx Medical Center,BX,10451,5,27,45,NYC_COVID_REAL
2020-10-18,Brooklyn Health Center,BK,11201,17,34,172,NYC_COVID_REAL
2020-10-18,Manhattan Hospital,MN,10001,4,29,39,NYC_COVID_REAL
2020-10-18,Queens Medical Center,QN,11101,11,33,123,NYC_COVID_REAL
2020-10-18,Staten Island Hospital,SI,10301,3,14,33,NYC_COVID_REAL
2020-10-19,Bronx Medical Center,BX,10451,10,30,107,NYC_COVID_REAL
2020-10-19,Brooklyn Health Center,BK,11201,26,54,204,NYC_COVID_REAL
2020-10-19,Manhattan Hospital,MN,10001,11,30,101,NYC_COVID_REAL
2020-10-19,Queens Medical Center,QN,11101,18,32,178,NYC_COVID_REAL
2020-10-19,Staten Island Hospital,SI,10301,4,25,36,NYC_COVID_REAL
2020-10-20,Bronx Medical Center,BX,10451,9,28,91,NYC_COVID_REAL
2020-10-20,Brooklyn Health Center,BK,11201,33,56,214,NYC_COVID_REAL
2020-10-20,Manhattan Hospital,MN,10001,9,34,104,NYC_COVID_REAL
2020-10-20,Queens Medical Center,QN,11101,19,29,154,NYC_COVID_REAL
2020-10-20,Staten Island Hospital,SI,10301,4,21,38,NYC_COVID_REAL
2020-10-21,Bronx Medical Center,BX,10451,9,38,96,NYC_COVID_REAL
2020-10-21,Brooklyn Health Center,BK,11201,19,32,203,NYC_COVID_REAL
2020-10-21,Manhattan Hospital,MN,10001,4,28,118,NYC_COVID_REAL
2020-10-21,Queens Medical Center,QN,11101,12,30,188,NYC_COVID_REAL
2020-10-21,Staten Island Hospital,SI,10301,8,23,49,NYC_COVID_REAL
2020-10-22,Bronx Medical Center,BX,10451,9,31,122,NYC_COVID_REAL
2020-10-22,Brooklyn Health Center,BK,11201,14,39,242,NYC_COVID_REAL
2020-10-22,Manhattan Hospital,MN,10001,10,35,137,NYC_COVID_REAL
2020-10-22,Queens Medical Center,QN,11101,16,40,182,NYC_COVID_REAL
2020-10-22,Staten Island Hospital,SI,10301,4,16,76,NYC_COVID_REAL
2020-10-23,Bronx Medical Center,BX,10451,9,30,115,NYC_COVID_REAL
2020-10-23,Brooklyn Health Center,BK,11201,24,42,199,NYC_COVID_REAL
2020-10-23,Manhattan Hospital,MN,10001,6,16,78,NYC_COVID_REAL
2020-10-23,Queens Medical Center,QN,11101,18,29,161,NYC_COVID_REAL
2020-10-23,Staten Island Hospital,SI,10301,3,26,48,NYC_COVID_REAL
2020-10-24,Bronx Medical Center,BX,10451,8,36,73,NYC_COVID_REAL
2020-10-24,Brooklyn Health Center,BK,11201,24,53,120,NYC_COVID_REAL
2020-10-24,Manhattan Hospital,MN,10001,5,23,58,NYC_COVID_REAL
2020-10-24,Queens Medical Center,QN,11101,6,25,103,NYC_COVID_REAL
2020-10-24,Staten Island Hospital,SI,10301,4,19,32,NYC_COVID_REAL
2020-10-25,Bronx Medical Center,BX,10451,8,26,67,NYC_COVID_REAL
2020-10-25,Brooklyn Health Center,BK,11201,23,47,128,NYC_COVID_REAL
2020-10-25,Manhattan Hospital,MN,10001,3,28,48,NYC_COVID_REAL
2020-10-25,Queens Medical Center,QN,11101,7,29,87,NYC_COVID_REAL
2020-10-25,Staten Island Hospital,SI,10301,3,29,32,NYC_COVID_REAL
2020-10-26,Bronx Medical Center,BX,10451,9,26,132,NYC_COVID_REAL
2020-10-26,Brooklyn Health Center,BK,11201,13,23,221,NYC_COVID_REAL
2020-10-26,Manhattan Hospital,MN,10001,7,29,118,NYC_COVID_REAL
2020-10-26,Queens Medical Center,QN,11101,22,36,154,NYC_COVID_REAL
2020-10-26,Staten Island Hospital,SI,10301,5,28,69,NYC_COVID_REAL
2020-10-27,Bronx Medical Center,BX,10451,8,22,119,NYC_COVID_REAL
2020-10-27,Brooklyn Health Center,BK,11201,25,49,237,NYC_COVID_REAL
2020-10-27,Manhattan Hospital,MN,10001,4,30,129,NYC_COVID_REAL
2020-10-27,Queens Medical Center,QN,11101,6,26,180,NYC_COVID_REAL
2020-10-27,Staten Island Hospital,SI,10301,3,14,76,NYC_COVID_REAL
2020-10-28,Bronx Medical Center,BX,10451,8,33,124,NYC_COVID_REAL
2020-10-28,Brooklyn Health Center,BK,11201,16,37,231,NYC_COVID_REAL
2020-10-28,Manhattan Hospital,MN,10001,4,25,135,NYC_COVID_REAL
2020-10-28,Queens Medical Center,QN,11101,14,29,202,NYC_COVID_REAL
2020-10-28,Staten Island Hospital,SI,10301,3,16,90,NYC_COVID_REAL
2020-10-29,Bronx Medical Center,BX,10451,11,26,100,NYC_COVID_REAL
2020-10-29,Brooklyn Health Center,BK,11201,22,32,192,NYC_COVID_REAL
2020-10-29,Manhattan Hospital,MN,10001,9,26,117,NYC_COVID_REAL
2020-10-29,Queens Medical Center,QN,11101,12,34,156,NYC_COVID_REAL
2020-10-29,Staten Island Hospital,SI,10301,5,24,56,NYC_COVID_REAL
2020-10-30,Bronx Medical Center,BX,10451,11,25,115,NYC_COVID_REAL
2020-10-30,Brooklyn Health Center,BK,11201,17,33,192,NYC_COVID_REAL
2020-10-30,Manhattan Hospital,MN,10001,5,19,102,NYC_COVID_REAL
2020-10-30,Queens Medical Center,QN,11101,20,33,168,NYC_COVID_REAL
2020-10-30,Staten Island Hospital,SI,10301,6,31,77,NYC_COVID_REAL
2020-10-31,Bronx Medical Center,BX,10451,7,32,65,NYC_COVID_REAL
2020-10-31,Brooklyn Health Center,BK,11201,18,43,117,NYC_COVID_REAL
2020-10-31,Manhattan Hospital,MN,10001,5,17,52,NYC_COVID_REAL
2020-10-31,Queens Medical Center,QN,11101,13,30,117,NYC_COVID_REAL
2020-10-31,Staten Island Hospital,SI,10301,5,20,52,NYC_COVID_REAL
2020-11-01,Bronx Medical Center,BX,10451,8,32,57,NYC_COVID_REAL
2020-11-01,Brooklyn Health Center,BK,11201,19,41,231,NYC_COVID_REAL
2020-11-01,Manhattan Hospital,MN,10001,9,24,66,NYC_COVID_REAL
2020-11-01,Queens Medical Center,QN,11101,11,35,102,NYC_COVID_REAL
2020-11-01,Staten Island Hospital,SI,10301,8,28,45,NYC_COVID_REAL
2020-11-02,Bronx Medical Center,BX,10451,14,24,159,NYC_COVID_REAL
2020-11-02,Brooklyn Health Center,BK,11201,22,43,337,NYC_COVID_REAL
2020-11-02,Manhattan Hospital,MN,10001,7,33,144,NYC_COVID_REAL
2020-11-02,Queens Medical Center,QN,11101,18,32,220,NYC_COVID_REAL
2020-11-02,Staten Island Hospital,SI,10301,3,21,93,NYC_COVID_REAL
2020-11-03,Bronx Medical Center,BX,10451,11,37,153,NYC_COVID_REAL
2020-11-03,Brooklyn Health Center,BK,11201,29,53,319,NYC_COVID_REAL
2020-11-03,Manhattan Hospital,MN,10001,12,31,158,NYC_COVID_REAL
2020-11-03,Queens Medical Center,QN,11101,18,28,181,NYC_COVID_REAL
2020-11-03,Staten Island Hospital,SI,10301,5,29,92,NYC_COVID_REAL
2020-11-04,Bronx Medical Center,BX,10451,12,28,187,NYC_COVID_REAL
2020-11-04,Brooklyn Health Center,BK,11201,28,46,312,NYC_COVID_REAL
2020-11-04,Manhattan Hospital,MN,10001,10,36,199,NYC_COVID_REAL
2020-11-04,Queens Medical Center,QN,11101,12,36,277,NYC_COVID_REAL
2020-11-04,Staten Island Hospital,SI,10301,6,26,138,NYC_COVID_REAL
2020-11-05,Bronx Medical Center,BX,10451,14,41,198,NYC_COVID_REAL
2020-11-05,Brooklyn Health Center,BK,11201,28,51,312,NYC_COVID_REAL
2020-11-05,Manhattan Hospital,MN,10001,14,40,212,NYC_COVID_REAL
2020-11-05,Queens Medical Center,QN,11101,20,36,306,NYC_COVID_REAL
2020-11-05,Staten Island Hospital,SI,10301,9,25,111,NYC_COVID_REAL
2020-11-06,Bronx Medical Center,BX,10451,9,33,192,NYC_COVID_REAL
2020-11-06,Brooklyn Health Center,BK,11201,20,31,238,NYC_COVID_REAL
2020-11-06,Manhattan Hospital,MN,10001,14,34,179,NYC_COVID_REAL
2020-11-06,Queens Medical Center,QN,11101,20,38,297,NYC_COVID_REAL
2020-11-06,Staten Island Hospital,SI,10301,1,26,131,NYC_COVID_REAL
2020-11-07,Bronx Medical Center,BX,10451,16,27,134,NYC_COVID_REAL
2020-11-07,Brooklyn Health Center,BK,11201,12,38,224,NYC_COVID_REAL
2020-11-07,Manhattan Hospital,MN,10001,6,17,148,NYC_COVID_REAL
2020-11-07,Queens Medical Center,QN,11101,23,52,250,NYC_COVID_REAL
2020-11-07,Staten Island Hospital,SI,10301,3,28,89,NYC_COVID_REAL
2020-11-08,Bronx Medical Center,BX,10451,11,30,106,NYC_COVID_REAL
2020-11-08,Brooklyn Health Center,BK,11201,20,47,224,NYC_COVID_REAL
2020-11-08,Manhattan Hospital,MN,10001,7,35,133,NYC_COVID_REAL
2020-11-08,Queens Medical Center,QN,11101,16,29,226,NYC_COVID_REAL
2020-11-08,Staten Island Hospital,SI,10301,11,21,99,NYC_COVID_REAL
2020-11-09,Bronx Medical Center,BX,10451,18,32,240,NYC_COVID_REAL
2020-11-09,Brooklyn Health Center,BK,11201,28,39,418,NYC_COVID_REAL
2020-11-09,Manhattan Hospital,MN,10001,8,28,268,NYC_COVID_REAL
2020-11-09,Queens Medical Center,QN,11101,21,34,417,NYC_COVID_REAL
2020-11-09,Staten Island Hospital,SI,10301,5,27,202,NYC_COVID_REAL
2020-11-10,Bronx Medical Center,BX,10451,19,30,274,NYC_COVID_REAL
2020-11-10,Brooklyn Health Center,BK,11201,30,49,459,NYC_COVID_REAL
2020-11-10,Manhattan Hospital,MN,10001,9,38,311,NYC_COVID_REAL
2020-11-10,Queens Medical Center,QN,11101,22,32,408,NYC_COVID_REAL
2020-11-10,Staten Island Hospital,SI,10301,9,30,146,NYC_COVID_REAL
2020-11-11,Bronx Medical Center,BX,10451,23,34,239,NYC_COVID_REAL
2020-11-11,Brooklyn Health Center,BK,11201,13,40,394,NYC_COVID_REAL
2020-11-11,Manhattan Hospital,MN,10001,17,46,290,NYC_COVID_REAL
2020-11-11,Queens Medical Center,QN,11101,28,57,447,NYC_COVID_REAL
2020-11-11,Staten Island Hospital,SI,10301,18,46,169,NYC_COVID_REAL
2020-11-12,Bronx Medical Center,BX,10451,19,33,248,NYC_COVID_REAL
2020-11-12,Brooklyn Health Center,BK,11201,21,44,383,NYC_COVID_REAL
2020-11-12,Manhattan Hospital,MN,10001,10,32,300,NYC_COVID_REAL
2020-11-12,Queens Medical Center,QN,11101,19,42,406,NYC_COVID_REAL
2020-11-12,Staten Island Hospital,SI,10301,11,30,165,NYC_COVID_REAL
2020-11-13,Bronx Medical Center,BX,10451,20,47,272,NYC_COVID_REAL
2020-11-13,Brooklyn Health Center,BK,11201,31,47,356,NYC_COVID_REAL
2020-11-13,Manhattan Hospital,MN,10001,9,30,263,NYC_COVID_REAL
2020-11-13,Queens Medical Center,QN,11101,20,41,430,NYC_COVID_REAL
2020-11-13,Staten Island Hospital,SI,10301,12,25,173,NYC_COVID_REAL
2020-11-14,Bronx Medical Center,BX,10451,25,38,193,NYC_COVID_REAL
2020-11-14,Brooklyn Health Center,BK,11201,31,57,238,NYC_COVID_REAL
2020-11-14,Manhattan Hospital,MN,10001,11,24,159,NYC_COVID_REAL
2020-11-14,Queens Medical Center,QN,11101,23,48,324,NYC_COVID_REAL
2020-11-14,Staten Island Hospital,SI,10301,11,34,111,NYC_COVID_REAL
2020-11-15,Bronx Medical Center,BX,10451,14,26,135,NYC_COVID_REAL
2020-11-15,Brooklyn Health Center,BK,11201,25,36,232,NYC_COVID_REAL
2020-11-15,Manhattan Hospital,MN,10001,13,37,134,NYC_COVID_REAL
2020-11-15,Queens Medical Center,QN,11101,28,44,243,NYC_COVID_REAL
2020-11-15,Staten Island Hospital,SI,10301,11,30,152,NYC_COVID_REAL
2020-11-16,Bronx Medical Center,BX,10451,24,51,314,NYC_COVID_REAL
2020-11-16,Brooklyn Health Center,BK,11201,34,49,496,NYC_COVID_REAL
2020-11-16,Manhattan Hospital,MN,10001,15,44,332,NYC_COVID_REAL
2020-11-16,Queens Medical Center,QN,11101,44,61,503,NYC_COVID_REAL
2020-11-16,Staten Island Hospital,SI,10301,10,28,187,NYC_COVID_REAL
2020-11-17,Bronx Medical Center,BX,10451,21,44,337,NYC_COVID_REAL
2020-11-17,Brooklyn Health Center,BK,11201,29,52,493,NYC_COVID_REAL
2020-11-17,Manhattan Hospital,MN,10001,12,33,288,NYC_COVID_REAL
2020-11-17,Queens Medical Center,QN,11101,31,59,422,NYC_COVID_REAL
2020-11-17,Staten Island Hospital,SI,10301,8,37,190,NYC_COVID_REAL
2020-11-18,Bronx Medical Center,BX,10451,24,37,307,NYC_COVID_REAL
2020-11-18,Brooklyn Health Center,BK,11201,40,64,467,NYC_COVID_REAL
2020-11-18,Manhattan Hospital,MN,10001,13,39,336,NYC_COVID_REAL
2020-11-18,Queens Medical Center,QN,11101,30,55,446,NYC_COVID_REAL
2020-11-18,Staten Island Hospital,SI,10301,13,37,197,NYC_COVID_REAL
2020-11-19,Bronx Medical Center,BX,10451,22,44,362,NYC_COVID_REAL
2020-11-19,Brooklyn Health Center,BK,11201,37,54,491,NYC_COVID_REAL
2020-11-19,Manhattan Hospital,MN,10001,14,42,347,NYC_COVID_REAL
2020-11-19,Queens Medical Center,QN,11101,38,64,457,NYC_COVID_REAL
2020-11-19,Staten Island Hospital,SI,10301,20,45,200,NYC_COVID_REAL
2020-11-20,Bronx Medical Center,BX,10451,24,43,329,NYC_COVID_REAL
2020-11-20,Brooklyn Health Center,BK,11201,40,60,435,NYC_COVID_REAL
2020-11-20,Manhattan Hospital,MN,10001,18,33,328,NYC_COVID_REAL
2020-11-20,Queens Medical Center,QN,11101,36,50,458,NYC_COVID_REAL
2020-11-20,Staten Island Hospital,SI,10301,17,44,224,NYC_COVID_REAL
2020-11-21,Bronx Medical Center,BX,10451,18,44,254,NYC_COVID_REAL
2020-11-21,Brooklyn Health Center,BK,11201,26,52,354,NYC_COVID_REAL
2020-11-21,Manhattan Hospital,MN,10001,14,43,196,NYC_COVID_REAL
2020-11-21,Queens Medical Center,QN,11101,41,56,325,NYC_COVID_REAL
2020-11-21,Staten Island Hospital,SI,10301,20,42,161,NYC_COVID_REAL
2020-11-22,Bronx Medical Center,BX,10451,15,34,183,NYC_COVID_REAL
2020-11-22,Brooklyn Health Center,BK,11201,38,52,340,NYC_COVID_REAL
2020-11-22,Manhattan Hospital,MN,10001,14,27,159,NYC_COVID_REAL
2020-11-22,Queens Medical Center,QN,11101,30,40,287,NYC_COVID_REAL
2020-11-22,Staten Island Hospital,SI,10301,19,45,178,NYC_COVID_REAL
2020-11-23,Bronx Medical Center,BX,10451,34,55,437,NYC_COVID_REAL
2020-11-23,Brooklyn Health Center,BK,11201,38,55,575,NYC_COVID_REAL
2020-11-23,Manhattan Hospital,MN,10001,15,25,411,NYC_COVID_REAL
2020-11-23,Queens Medical Center,QN,11101,38,48,605,NYC_COVID_REAL
2020-11-23,Staten Island Hospital,SI,10301,25,53,289,NYC_COVID_REAL
2020-11-24,Bronx Medical Center,BX,10451,19,37,376,NYC_COVID_REAL
2020-11-24,Brooklyn Health Center,BK,11201,39,60,553,NYC_COVID_REAL
2020-11-24,Manhattan Hospital,MN,10001,12,27,372,NYC_COVID_REAL
2020-11-24,Queens Medical Center,QN,11101,41,52,535,NYC_COVID_REAL
2020-11-24,Staten Island Hospital,SI,10301,19,36,238,NYC_COVID_REAL
2020-11-25,Bronx Medical Center,BX,10451,25,37,425,NYC_COVID_REAL
2020-11-25,Brooklyn Health Center,BK,11201,42,67,632,NYC_COVID_REAL
2020-11-25,Manhattan Hospital,MN,10001,12,25,384,NYC_COVID_REAL
2020-11-25,Queens Medical Center,QN,11101,42,63,634,NYC_COVID_REAL
2020-11-25,Staten Island Hospital,SI,10301,20,44,295,NYC_COVID_REAL
2020-11-26,Bronx Medical Center,BX,10451,26,40,137,NYC_COVID_REAL
2020-11-26,Brooklyn Health Center,BK,11201,41,54,246,NYC_COVID_REAL
2020-11-26,Manhattan Hospital,MN,10001,27,40,138,NYC_COVID_REAL
2020-11-26,Queens Medical Center,QN,11101,43,71,204,NYC_COVID_REAL
2020-11-26,Staten Island Hospital,SI,10301,19,29,92,NYC_COVID_REAL
2020-11-27,Bronx Medical Center,BX,10451,24,41,387,NYC_COVID_REAL
2020-11-27,Brooklyn Health Center,BK,11201,45,55,603,NYC_COVID_REAL
2020-11-27,Manhattan Hospital,MN,10001,23,50,386,NYC_COVID_REAL
2020-11-27,Queens Medical Center,QN,11101,38,54,650,NYC_COVID_REAL
2020-11-27,Staten Island Hospital,SI,10301,27,55,273,NYC_COVID_REAL
2020-11-28,Bronx Medical Center,BX,10451,21,43,333,NYC_COVID_REAL
2020-11-28,Brooklyn Health Center,BK,11201,32,46,453,NYC_COVID_REAL
2020-11-28,Manhattan Hospital,MN,10001,19,34,329,NYC_COVID_REAL
2020-11-28,Queens Medical Center,QN,11101,42,55,509,NYC_COVID_REAL
2020-11-28,Staten Island Hospital,SI,10301,12,40,215,NYC_COVID_REAL
2020-11-29,Bronx Medical Center,BX,10451,31,55,244,NYC_COVID_REAL
2020-11-29,Brooklyn Health Center,BK,11201,43,62,562,NYC_COVID_REAL
2020-11-29,Manhattan Hospital,MN,10001,18,32,299,NYC_COVID_REAL
2020-11-29,Queens Medical Center,QN,11101,48,65,506,NYC_COVID_REAL
2020-11-29,Staten Island Hospital,SI,10301,23,43,280,NYC_COVID_REAL
2020-11-30,Bronx Medical Center,BX,10451,41,53,460,NYC_COVID_REAL
2020-11-30,Brooklyn Health Center,BK,11201,41,56,899,NYC_COVID_REAL
2020-11-30,Manhattan Hospital,MN,10001,33,51,424,NYC_COVID_REAL
2020-11-30,Queens Medical Center,QN,11101,60,83,734,NYC_COVID_REAL
2020-11-30,Staten Island Hospital,SI,10301,12,23,378,NYC_COVID_REAL
2020-12-01,Bronx Medical Center,BX,10451,44,57,589,NYC_COVID_REAL
2020-12-01,Brooklyn Health Center,BK,11201,46,70,948,NYC_COVID_REAL
2020-12-01,Manhattan Hospital,MN,10001,21,35,551,NYC_COVID_REAL
2020-12-01,Queens Medical Center,QN,11101,64,78,858,NYC_COVID_REAL
2020-12-01,Staten Island Hospital,SI,10301,25,42,362,NYC_COVID_REAL
2020-12-02,Bronx Medical Center,BX,10451,26,47,540,NYC_COVID_REAL
2020-12-02,Brooklyn Health Center,BK,11201,51,70,861,NYC_COVID_REAL
2020-12-02,Manhattan Hospital,MN,10001,24,47,502,NYC_COVID_REAL
2020-12-02,Queens Medical Center,QN,11101,50,76,843,NYC_COVID_REAL
2020-12-02,Staten Island Hospital,SI,10301,23,34,384,NYC_COVID_REAL
2020-12-03,Bronx Medical Center,BX,10451,47,71,523,NYC_COVID_REAL
2020-12-03,Brooklyn Health Center,BK,11201,60,80,847,NYC_COVID_REAL
2020-12-03,Manhattan Hospital,MN,10001,19,38,455,NYC_COVID_REAL
2020-12-03,Queens Medical Center,QN,11101,56,73,783,NYC_COVID_REAL
2020-12-03,Staten Island Hospital,SI,10301,35,50,337,NYC_COVID_REAL
2020-12-04,Bronx Medical Center,BX,10451,36,50,562,NYC_COVID_REAL
2020-12-04,Brooklyn Health Center,BK,11201,60,88,768,NYC_COVID_REAL
2020-12-04,Manhattan Hospital,MN,10001,22,34,402,NYC_COVID_REAL
2020-12-04,Queens Medical Center,QN,11101,41,57,757,NYC_COVID_REAL
2020-12-04,Staten Island Hospital,SI,10301,23,33,328,NYC_COVID_REAL
2020-12-05,Bronx Medical Center,BX,10451,30,59,325,NYC_COVID_REAL
2020-12-05,Brooklyn Health Center,BK,11201,43,62,506,NYC_COVID_REAL
2020-12-05,Manhattan Hospital,MN,10001,26,51,210,NYC_COVID_REAL
2020-12-05,Queens Medical Center,QN,11101,58,87,597,NYC_COVID_REAL
2020-12-05,Staten Island Hospital,SI,10301,20,34,249,NYC_COVID_REAL
2020-12-06,Bronx Medical Center,BX,10451,36,63,249,NYC_COVID_REAL
2020-12-06,Brooklyn Health Center,BK,11201,50,70,556,NYC_COVID_REAL
2020-12-06,Manhattan Hospital,MN,10001,19,41,216,NYC_COVID_REAL
2020-12-06,Queens Medical Center,QN,11101,46,58,517,NYC_COVID_REAL
2020-12-06,Staten Island Hospital,SI,10301,22,32,215,NYC_COVID_REAL
2020-12-07,Bronx Medical Center,BX,10451,45,67,554,NYC_COVID_REAL
2020-12-07,Brooklyn Health Center,BK,11201,56,67,965,NYC_COVID_REAL
2020-12-07,Manhattan Hospital,MN,10001,27,50,449,NYC_COVID_REAL
2020-12-07,Queens Medical Center,QN,11101,61,75,966,NYC_COVID_REAL
2020-12-07,Staten Island Hospital,SI,10301,31,44,370,NYC_COVID_REAL
2020-12-08,Bronx Medical Center,BX,10451,39,55,496,NYC_COVID_REAL
2020-12-08,Brooklyn Health Center,BK,11201,68,96,923,NYC_COVID_REAL
2020-12-08,Manhattan Hospital,MN,10001,35,60,450,NYC_COVID_REAL
2020-12-08,Queens Medical Center,QN,11101,56,71,900,NYC_COVID_REAL
2020-12-08,Staten Island Hospital,SI,10301,22,40,291,NYC_COVID_REAL
2020-12-09,Bronx Medical Center,BX,10451,57,86,528,NYC_COVID_REAL
2020-12-09,Brooklyn Health Center,BK,11201,76,97,913,NYC_COVID_REAL
2020-12-09,Manhattan Hospital,MN,10001,46,70,495,NYC_COVID_REAL
2020-12-09,Queens Medical Center,QN,11101,62,77,851,NYC_COVID_REAL
2020-12-09,Staten Island Hospital,SI,10301,37,65,318,NYC_COVID_REAL
2020-12-10,Bronx Medical Center,BX,10451,44,57,571,NYC_COVID_REAL
2020-12-10,Brooklyn Health Center,BK,11201,75,92,940,NYC_COVID_REAL
2020-12-10,Manhattan Hospital,MN,10001,28,53,463,NYC_COVID_REAL
2020-12-10,Queens Medical Center,QN,11101,71,99,897,NYC_COVID_REAL
2020-12-10,Staten Island Hospital,SI,10301,27,38,277,NYC_COVID_REAL
2020-12-11,Bronx Medical Center,BX,10451,58,85,501,NYC_COVID_REAL
2020-12-11,Brooklyn Health Center,BK,11201,61,83,836,NYC_COVID_REAL
2020-12-11,Manhattan Hospital,MN,10001,32,59,492,NYC_COVID_REAL
2020-12-11,Queens Medical Center,QN,11101,68,96,880,NYC_COVID_REAL
2020-12-11,Staten Island Hospital,SI,10301,23,43,266,NYC_COVID_REAL
2020-12-12,Bronx Medical Center,BX,10451,38,49,392,NYC_COVID_REAL
2020-12-12,Brooklyn Health Center,BK,11201,61,89,600,NYC_COVID_REAL
2020-12-12,Manhattan Hospital,MN,10001,28,39,297,NYC_COVID_REAL
2020-12-12,Queens Medical Center,QN,11101,59,74,699,NYC_COVID_REAL
2020-12-12,Staten Island Hospital,SI,10301,23,39,218,NYC_COVID_REAL
2020-12-13,Bronx Medical Center,BX,10451,40,67,311,NYC_COVID_REAL
2020-12-13,Brooklyn Health Center,BK,11201,58,75,645,NYC_COVID_REAL
2020-12-13,Manhattan Hospital,MN,10001,32,48,297,NYC_COVID_REAL
2020-12-13,Queens Medical Center,QN,11101,78,95,676,NYC_COVID_REAL
2020-12-13,Staten Island Hospital,SI,10301,19,44,248,NYC_COVID_REAL
2020-12-14,Bronx Medical Center,BX,10451,51,66,614,NYC_COVID_REAL
2020-12-14,Brooklyn Health Center,BK,11201,80,93,1111,NYC_COVID_REAL
2020-12-14,Manhattan Hospital,MN,10001,36,52,501,NYC_COVID_REAL
2020-12-14,Queens Medical Center,QN,11101,79,107,1005,NYC_COVID_REAL
2020-12-14,Staten Island Hospital,SI,10301,19,41,350,NYC_COVID_REAL
2020-12-15,Bronx Medical Center,BX,10451,40,50,634,NYC_COVID_REAL
2020-12-15,Brooklyn Health Center,BK,11201,78,100,1065,NYC_COVID_REAL
2020-12-15,Manhattan Hospital,MN,10001,40,51,551,NYC_COVID_REAL
2020-12-15,Queens Medical Center,QN,11101,62,87,1092,NYC_COVID_REAL
2020-12-15,Staten Island Hospital,SI,10301,17,44,339,NYC_COVID_REAL
2020-12-16,Bronx Medical Center,BX,10451,46,74,445,NYC_COVID_REAL
2020-12-16,Brooklyn Health Center,BK,11201,69,95,842,NYC_COVID_REAL
2020-12-16,Manhattan Hospital,MN,10001,21,39,454,NYC_COVID_REAL
2020-12-16,Queens Medical Center,QN,11101,65,79,811,NYC_COVID_REAL
2020-12-16,Staten Island Hospital,SI,10301,13,33,236,NYC_COVID_REAL
2020-12-17,Bronx Medical Center,BX,10451,48,65,266,NYC_COVID_REAL
2020-12-17,Brooklyn Health Center,BK,11201,70,91,649,NYC_COVID_REAL
2020-12-17,Manhattan Hospital,MN,10001,30,51,336,NYC_COVID_REAL
2020-12-17,Queens Medical Center,QN,11101,62,75,489,NYC_COVID_REAL
2020-12-17,Staten Island Hospital,SI,10301,20,42,187,NYC_COVID_REAL
2020-12-18,Bronx Medical Center,BX,10451,68,96,619,NYC_COVID_REAL
2020-12-18,Brooklyn Health Center,BK,11201,78,106,1024,NYC_COVID_REAL
2020-12-18,Manhattan Hospital,MN,10001,37,64,521,NYC_COVID_REAL
2020-12-18,Queens Medical Center,QN,11101,71,88,928,NYC_COVID_REAL
2020-12-18,Staten Island Hospital,SI,10301,19,46,335,NYC_COVID_REAL
2020-12-19,Bronx Medical Center,BX,10451,45,57,405,NYC_COVID_REAL
2020-12-19,Brooklyn Health Center,BK,11201,69,92,764,NYC_COVID_REAL
2020-12-19,Manhattan Hospital,MN,10001,32,45,331,NYC_COVID_REAL
2020-12-19,Queens Medical Center,QN,11101,73,102,797,NYC_COVID_REAL
2020-12-19,Staten Island Hospital,SI,10301,19,29,260,NYC_COVID_REAL
2020-12-20,Bronx Medical Center,BX,10451,40,50,292,NYC_COVID_REAL
2020-12-20,Brooklyn Health Center,BK,11201,82,95,768,NYC_COVID_REAL
2020-12-20,Manhattan Hospital,MN,10001,31,50,295,NYC_COVID_REAL
2020-12-20,Queens Medical Center,QN,11101,67,81,698,NYC_COVID_REAL
2020-12-20,Staten Island Hospital,SI,10301,22,49,293,NYC_COVID_REAL
2020-12-21,Bronx Medical Center,BX,10451,61,90,717,NYC_COVID_REAL
2020-12-21,Brooklyn Health Center,BK,11201,98,124,1307,NYC_COVID_REAL
2020-12-21,Manhattan Hospital,MN,10001,58,78,598,NYC_COVID_REAL
2020-12-21,Queens Medical Center,QN,11101,91,105,1288,NYC_COVID_REAL
2020-12-21,Staten Island Hospital,SI,10301,20,32,429,NYC_COVID_REAL
2020-12-22,Bronx Medical Center,BX,10451,54,75,732,NYC_COVID_REAL
2020-12-22,Brooklyn Health Center,BK,11201,88,108,1252,NYC_COVID_REAL
2020-12-22,Manhattan Hospital,MN,10001,49,65,549,NYC_COVID_REAL
2020-12-22,Queens Medical Center,QN,11101,71,91,1207,NYC_COVID_REAL
2020-12-22,Staten Island Hospital,SI,10301,24,39,364,NYC_COVID_REAL
2020-12-23,Bronx Medical Center,BX,10451,48,66,635,NYC_COVID_REAL
2020-12-23,Brooklyn Health Center,BK,11201,113,128,1100,NYC_COVID_REAL
2020-12-23,Manhattan Hospital,MN,10001,43,64,525,NYC_COVID_REAL
2020-12-23,Queens Medical Center,QN,11101,74,92,1184,NYC_COVID_REAL
2020-12-23,Staten Island Hospital,SI,10301,23,45,399,NYC_COVID_REAL
2020-12-24,Bronx Medical Center,BX,10451,49,76,503,NYC_COVID_REAL
2020-12-24,Brooklyn Health Center,BK,11201,96,124,965,NYC_COVID_REAL
2020-12-24,Manhattan Hospital,MN,10001,37,66,433,NYC_COVID_REAL
2020-12-24,Queens Medical Center,QN,11101,81,106,874,NYC_COVID_REAL
2020-12-24,Staten Island Hospital,SI,10301,13,38,241,NYC_COVID_REAL
2020-12-25,Bronx Medical Center,BX,10451,43,57,154,NYC_COVID_REAL
2020-12-25,Brooklyn Health Center,BK,11201,85,106,345,NYC_COVID_REAL
2020-12-25,Manhattan Hospital,MN,10001,49,66,153,NYC_COVID_REAL
2020-12-25,Queens Medical Center,QN,11101,75,87,298,NYC_COVID_REAL
2020-12-25,Staten Island Hospital,SI,10301,13,24,96,NYC_COVID_REAL
2020-12-26,Bronx Medical Center,BX,10451,43,57,537,NYC_COVID_REAL
2020-12-26,Brooklyn Health Center,BK,11201,89,105,1024,NYC_COVID_REAL
2020-12-26,Manhattan Hospital,MN,10001,34,48,427,NYC_COVID_REAL
2020-12-26,Queens Medical Center,QN,11101,78,88,1072,NYC_COVID_REAL
2020-12-26,Staten Island Hospital,SI,10301,20,38,393,NYC_COVID_REAL
2020-12-27,Bronx Medical Center,BX,10451,34,44,480,NYC_COVID_REAL
2020-12-27,Brooklyn Health Center,BK,11201,90,110,915,NYC_COVID_REAL
2020-12-27,Manhattan Hospital,MN,10001,31,48,314,NYC_COVID_REAL
2020-12-27,Queens Medical Center,QN,11101,67,91,867,NYC_COVID_REAL
2020-12-27,Staten Island Hospital,SI,10301,19,39,312,NYC_COVID_REAL
2020-12-28,Bronx Medical Center,BX,10451,66,82,1020,NYC_COVID_REAL
2020-12-28,Brooklyn Health Center,BK,11201,107,129,1601,NYC_COVID_REAL
2020-12-28,Manhattan Hospital,MN,10001,56,73,679,NYC_COVID_REAL
2020-12-28,Queens Medical Center,QN,11101,105,119,1531,NYC_COVID_REAL
2020-12-28,Staten Island Hospital,SI,10301,20,41,561,NYC_COVID_REAL
2020-12-29,Bronx Medical Center,BX,10451,63,80,993,NYC_COVID_REAL
2020-12-29,Brooklyn Health Center,BK,11201,88,104,1414,NYC_COVID_REAL
2020-12-29,Manhattan Hospital,MN,10001,55,72,613,NYC_COVID_REAL
2020-12-29,Queens Medical Center,QN,11101,98,115,1602,NYC_COVID_REAL
2020-12-29,Staten Island Hospital,SI,10301,19,35,584,NYC_COVID_REAL
2020-12-30,Bronx Medical Center,BX,10451,69,95,967,NYC_COVID_REAL
2020-12-30,Brooklyn Health Center,BK,11201,96,114,1398,NYC_COVID_REAL
2020-12-30,Manhattan Hospital,MN,10001,41,69,661,NYC_COVID_REAL
2020-12-30,Queens Medical Center,QN,11101,93,114,1491,NYC_COVID_REAL
2020-12-30,Staten Island Hospital,SI,10301,17,34,465,NYC_COVID_REAL
2020-12-31,Bronx Medical Center,BX,10451,55,77,664,NYC_COVID_REAL
2020-12-31,Brooklyn Health Center,BK,11201,90,111,936,NYC_COVID_REAL
2020-12-31,Manhattan Hospital,MN,10001,41,68,396,NYC_COVID_REAL
2020-12-31,Queens Medical Center,QN,11101,81,93,1007,NYC_COVID_REAL
2020-12-31,Staten Island Hospital,SI,10301,19,30,387,NYC_COVID_REAL
2021-01-01,Bronx Medical Center,BX,10451,59,85,206,NYC_COVID_REAL
2021-01-01,Brooklyn Health Center,BK,11201,81,100,415,NYC_COVID_REAL
2021-01-01,Manhattan Hospital,MN,10001,36,53,163,NYC_COVID_REAL
2021-01-01,Queens Medical Center,QN,11101,94,107,434,NYC_COVID_REAL
2021-01-01,Staten Island Hospital,SI,10301,27,49,122,NYC_COVID_REAL
2021-01-02,Bronx Medical Center,BX,10451,54,76,723,NYC_COVID_REAL
2021-01-02,Brooklyn Health Center,BK,11201,97,123,1107,NYC_COVID_REAL
2021-01-02,Manhattan Hospital,MN,10001,48,68,519,NYC_COVID_REAL
2021-01-02,Queens Medical Center,QN,11101,100,116,1341,NYC_COVID_REAL
2021-01-02,Staten Island Hospital,SI,10301,26,36,509,NYC_COVID_REAL
2021-01-03,Bronx Medical Center,BX,10451,53,64,512,NYC_COVID_REAL
2021-01-03,Brooklyn Health Center,BK,11201,94,110,1065,NYC_COVID_REAL
2021-01-03,Manhattan Hospital,MN,10001,36,63,396,NYC_COVID_REAL
2021-01-03,Queens Medical Center,QN,11101,101,118,1092,NYC_COVID_REAL
2021-01-03,Staten Island Hospital,SI,10301,15,28,399,NYC_COVID_REAL
2021-01-04,Bronx Medical Center,BX,10451,65,84,1257,NYC_COVID_REAL
2021-01-04,Brooklyn Health Center,BK,11201,139,153,1896,NYC_COVID_REAL
2021-01-04,Manhattan Hospital,MN,10001,62,82,917,NYC_COVID_REAL
2021-01-04,Queens Medical Center,QN,11101,115,128,1880,NYC_COVID_REAL
2021-01-04,Staten Island Hospital,SI,10301,29,53,658,NYC_COVID_REAL
2021-01-05,Bronx Medical Center,BX,10451,72,85,1166,NYC_COVID_REAL
2021-01-05,Brooklyn Health Center,BK,11201,101,114,1759,NYC_COVID_REAL
2021-01-05,Manhattan Hospital,MN,10001,52,72,890,NYC_COVID_REAL
2021-01-05,Queens Medical Center,QN,11101,103,114,1819,NYC_COVID_REAL
2021-01-05,Staten Island Hospital,SI,10301,24,42,517,NYC_COVID_REAL
2021-01-06,Bronx Medical Center,BX,10451,71,82,1109,NYC_COVID_REAL
2021-01-06,Brooklyn Health Center,BK,11201,111,130,1608,NYC_COVID_REAL
2021-01-06,Manhattan Hospital,MN,10001,44,66,760,NYC_COVID_REAL
2021-01-06,Queens Medical Center,QN,11101,122,135,1687,NYC_COVID_REAL
2021-01-06,Staten Island Hospital,SI,10301,31,47,525,NYC_COVID_REAL
2021-01-07,Bronx Medical Center,BX,10451,65,91,982,NYC_COVID_REAL
2021-01-07,Brooklyn Health Center,BK,11201,110,123,1642,NYC_COVID_REAL
2021-01-07,Manhattan Hospital,MN,10001,35,47,799,NYC_COVID_REAL
2021-01-07,Queens Medical Center,QN,11101,121,139,1573,NYC_COVID_REAL
2021-01-07,Staten Island Hospital,SI,10301,28,51,452,NYC_COVID_REAL
2021-01-08,Bronx Medical Center,BX,10451,62,77,985,NYC_COVID_REAL
2021-01-08,Brooklyn Health Center,BK,11201,115,126,1455,NYC_COVID_REAL
2021-01-08,Manhattan Hospital,MN,10001,33,59,780,NYC_COVID_REAL
2021-01-08,Queens Medical Center,QN,11101,119,137,1603,NYC_COVID_REAL
2021-01-08,Staten Island Hospital,SI,10301,26,39,481,NYC_COVID_REAL
2021-01-09,Bronx Medical Center,BX,10451,61,74,677,NYC_COVID_REAL
2021-01-09,Brooklyn Health Center,BK,11201,94,116,1009,NYC_COVID_REAL
2021-01-09,Manhattan Hospital,MN,10001,35,45,447,NYC_COVID_REAL
2021-01-09,Queens Medical Center,QN,11101,112,138,1189,NYC_COVID_REAL
2021-01-09,Staten Island Hospital,SI,10301,29,44,371,NYC_COVID_REAL
2021-01-10,Bronx Medical Center,BX,10451,52,78,461,NYC_COVID_REAL
2021-01-10,Brooklyn Health Center,BK,11201,87,102,1008,NYC_COVID_REAL
2021-01-10,Manhattan Hospital,MN,10001,47,68,366,NYC_COVID_REAL
2021-01-10,Queens Medical Center,QN,11101,96,111,1019,NYC_COVID_REAL
2021-01-10,Staten Island Hospital,SI,10301,27,49,343,NYC_COVID_REAL
2021-01-11,Bronx Medical Center,BX,10451,88,99,1144,NYC_COVID_REAL
2021-01-11,Brooklyn Health Center,BK,11201,124,143,1755,NYC_COVID_REAL
2021-01-11,Manhattan Hospital,MN,10001,55,69,845,NYC_COVID_REAL
2021-01-11,Queens Medical Center,QN,11101,108,119,1705,NYC_COVID_REAL
2021-01-11,Staten Island Hospital,SI,10301,27,53,469,NYC_COVID_REAL
2021-01-12,Bronx Medical Center,BX,10451,89,108,999,NYC_COVID_REAL
2021-01-12,Brooklyn Health Center,BK,11201,124,141,1616,NYC_COVID_REAL
2021-01-12,Manhattan Hospital,MN,10001,49,67,671,NYC_COVID_REAL
2021-01-12,Queens Medical Center,QN,11101,103,125,1540,NYC_COVID_REAL
2021-01-12,Staten Island Hospital,SI,10301,31,44,415,NYC_COVID_REAL
2021-01-13,Bronx Medical Center,BX,10451,94,117,1045,NYC_COVID_REAL
2021-01-13,Brooklyn Health Center,BK,11201,128,153,1534,NYC_COVID_REAL
2021-01-13,Manhattan Hospital,MN,10001,60,85,697,NYC_COVID_REAL
2021-01-13,Queens Medical Center,QN,11101,113,127,1530,NYC_COVID_REAL
2021-01-13,Staten Island Hospital,SI,10301,33,43,377,NYC_COVID_REAL
2021-01-14,Bronx Medical Center,BX,10451,78,88,996,NYC_COVID_REAL
2021-01-14,Brooklyn Health Center,BK,11201,136,163,1560,NYC_COVID_REAL
2021-01-14,Manhattan Hospital,MN,10001,62,80,748,NYC_COVID_REAL
2021-01-14,Queens Medical Center,QN,11101,121,139,1539,NYC_COVID_REAL
2021-01-14,Staten Island Hospital,SI,10301,33,47,419,NYC_COVID_REAL
2021-01-15,Bronx Medical Center,BX,10451,72,99,932,NYC_COVID_REAL
2021-01-15,Brooklyn Health Center,BK,11201,128,153,1400,NYC_COVID_REAL
2021-01-15,Manhattan Hospital,MN,10001,48,66,663,NYC_COVID_REAL
2021-01-15,Queens Medical Center,QN,11101,110,128,1494,NYC_COVID_REAL
2021-01-15,Staten Island Hospital,SI,10301,31,49,355,NYC_COVID_REAL
2021-01-16,Bronx Medical Center,BX,10451,69,98,607,NYC_COVID_REAL
2021-01-16,Brooklyn Health Center,BK,11201,103,113,1073,NYC_COVID_REAL
2021-01-16,Manhattan Hospital,MN,10001,53,64,444,NYC_COVID_REAL
2021-01-16,Queens Medical Center,QN,11101,120,130,1060,NYC_COVID_REAL
2021-01-16,Staten Island Hospital,SI,10301,25,38,297,NYC_COVID_REAL
2021-01-17,Bronx Medical Center,BX,10451,70,83,502,NYC_COVID_REAL
2021-01-17,Brooklyn Health Center,BK,11201,102,114,903,NYC_COVID_REAL
2021-01-17,Manhattan Hospital,MN,10001,54,77,395,NYC_COVID_REAL
2021-01-17,Queens Medical Center,QN,11101,87,99,863,NYC_COVID_REAL
2021-01-17,Staten Island Hospital,SI,10301,23,41,256,NYC_COVID_REAL
2021-01-18,Bronx Medical Center,BX,10451,97,118,769,NYC_COVID_REAL
2021-01-18,Brooklyn Health Center,BK,11201,142,157,1461,NYC_COVID_REAL
2021-01-18,Manhattan Hospital,MN,10001,54,65,601,NYC_COVID_REAL
2021-01-18,Queens Medical Center,QN,11101,119,133,1435,NYC_COVID_REAL
2021-01-18,Staten Island Hospital,SI,10301,32,48,379,NYC_COVID_REAL
2021-01-19,Bronx Medical Center,BX,10451,73,87,1085,NYC_COVID_REAL
2021-01-19,Brooklyn Health Center,BK,11201,117,138,1476,NYC_COVID_REAL
2021-01-19,Manhattan Hospital,MN,10001,63,90,723,NYC_COVID_REAL
2021-01-19,Queens Medical Center,QN,11101,114,124,1518,NYC_COVID_REAL
2021-01-19,Staten Island Hospital,SI,10301,24,44,337,NYC_COVID_REAL
2021-01-20,Bronx Medical Center,BX,10451,82,95,1038,NYC_COVID_REAL
2021-01-20,Brooklyn Health Center,BK,11201,106,117,1352,NYC_COVID_REAL
2021-01-20,Manhattan Hospital,MN,10001,49,59,727,NYC_COVID_REAL
2021-01-20,Queens Medical Center,QN,11101,115,130,1440,NYC_COVID_REAL
2021-01-20,Staten Island Hospital,SI,10301,18,28,352,NYC_COVID_REAL
2021-01-21,Bronx Medical Center,BX,10451,86,97,962,NYC_COVID_REAL
2021-01-21,Brooklyn Health Center,BK,11201,120,133,1406,NYC_COVID_REAL
2021-01-21,Manhattan Hospital,MN,10001,63,77,723,NYC_COVID_REAL
2021-01-21,Queens Medical Center,QN,11101,121,141,1501,NYC_COVID_REAL
2021-01-21,Staten Island Hospital,SI,10301,25,53,350,NYC_COVID_REAL
2021-01-22,Bronx Medical Center,BX,10451,98,114,1062,NYC_COVID_REAL
2021-01-22,Brooklyn Health Center,BK,11201,125,145,1324,NYC_COVID_REAL
2021-01-22,Manhattan Hospital,MN,10001,57,76,707,NYC_COVID_REAL
2021-01-22,Queens Medical Center,QN,11101,120,130,1291,NYC_COVID_REAL
2021-01-22,Staten Island Hospital,SI,10301,29,49,330,NYC_COVID_REAL
2021-01-23,Bronx Medical Center,BX,10451,75,98,682,NYC_COVID_REAL
2021-01-23,Brooklyn Health Center,BK,11201,93,111,1013,NYC_COVID_REAL
2021-01-23,Manhattan Hospital,MN,10001,53,75,500,NYC_COVID_REAL
2021-01-23,Queens Medical Center,QN,11101,82,102,1022,NYC_COVID_REAL
2021-01-23,Staten Island Hospital,SI,10301,21,38,245,NYC_COVID_REAL
2021-01-24,Bronx Medical Center,BX,10451,76,97,507,NYC_COVID_REAL
2021-01-24,Brooklyn Health Center,BK,11201,97,111,905,NYC_COVID_REAL
2021-01-24,Manhattan Hospital,MN,10001,49,69,413,NYC_COVID_REAL
2021-01-24,Queens Medical Center,QN,11101,91,120,923,NYC_COVID_REAL
2021-01-24,Staten Island Hospital,SI,10301,20,47,179,NYC_COVID_REAL
2021-01-25,Bronx Medical Center,BX,10451,100,125,1173,NYC_COVID_REAL
2021-01-25,Brooklyn Health Center,BK,11201,111,137,1762,NYC_COVID_REAL
2021-01-25,Manhattan Hospital,MN,10001,64,86,876,NYC_COVID_REAL
2021-01-25,Queens Medical Center,QN,11101,110,127,1631,NYC_COVID_REAL
2021-01-25,Staten Island Hospital,SI,10301,18,40,365,NYC_COVID_REAL
2021-01-26,Bronx Medical Center,BX,10451,82,97,1003,NYC_COVID_REAL
2021-01-26,Brooklyn Health Center,BK,11201,99,110,1420,NYC_COVID_REAL
2021-01-26,Manhattan Hospital,MN,10001,50,63,764,NYC_COVID_REAL
2021-01-26,Queens Medical Center,QN,11101,117,145,1388,NYC_COVID_REAL
2021-01-26,Staten Island Hospital,SI,10301,20,36,285,NYC_COVID_REAL
2021-01-27,Bronx Medical Center,BX,10451,87,101,991,NYC_COVID_REAL
2021-01-27,Brooklyn Health Center,BK,11201,129,151,1503,NYC_COVID_REAL
2021-01-27,Manhattan Hospital,MN,10001,57,83,822,NYC_COVID_REAL
2021-01-27,Queens Medical Center,QN,11101,124,151,1407,NYC_COVID_REAL
2021-01-27,Staten Island Hospital,SI,10301,28,51,279,NYC_COVID_REAL
2021-01-28,Bronx Medical Center,BX,10451,106,127,953,NYC_COVID_REAL
2021-01-28,Brooklyn Health Center,BK,11201,113,131,1431,NYC_COVID_REAL
2021-01-28,Manhattan Hospital,MN,10001,52,70,755,NYC_COVID_REAL
2021-01-28,Queens Medical Center,QN,11101,104,121,1367,NYC_COVID_REAL
2021-01-28,Staten Island Hospital,SI,10301,16,37,270,NYC_COVID_REAL
2021-01-29,Bronx Medical Center,BX,10451,84,103,732,NYC_COVID_REAL
2021-01-29,Brooklyn Health Center,BK,11201,127,148,1096,NYC_COVID_REAL
2021-01-29,Manhattan Hospital,MN,10001,68,83,529,NYC_COVID_REAL
2021-01-29,Queens Medical Center,QN,11101,113,135,1074,NYC_COVID_REAL
2021-01-29,Staten Island Hospital,SI,10301,16,31,234,NYC_COVID_REAL
2021-01-30,Bronx Medical Center,BX,10451,58,82,557,NYC_COVID_REAL
2021-01-30,Brooklyn Health Center,BK,11201,76,95,873,NYC_COVID_REAL
2021-01-30,Manhattan Hospital,MN,10001,47,59,359,NYC_COVID_REAL
2021-01-30,Queens Medical Center,QN,11101,73,84,922,NYC_COVID_REAL
2021-01-30,Staten Island Hospital,SI,10301,18,38,164,NYC_COVID_REAL
2021-01-31,Bronx Medical Center,BX,10451,63,73,547,NYC_COVID_REAL
2021-01-31,Brooklyn Health Center,BK,11201,97,126,884,NYC_COVID_REAL
2021-01-31,Manhattan Hospital,MN,10001,38,49,334,NYC_COVID_REAL
2021-01-31,Queens Medical Center,QN,11101,88,111,911,NYC_COVID_REAL
2021-01-31,Staten Island Hospital,SI,10301,17,28,218,NYC_COVID_REAL
2021-02-01,Bronx Medical Center,BX,10451,83,104,169,NYC_COVID_REAL
2021-02-01,Brooklyn Health Center,BK,11201,82,96,342,NYC_COVID_REAL
2021-02-01,Manhattan Hospital,MN,10001,40,59,189,NYC_COVID_REAL
2021-02-01,Queens Medical Center,QN,11101,70,84,234,NYC_COVID_REAL
2021-02-01,Staten Island Hospital,SI,10301,13,26,43,NYC_COVID_REAL
2021-02-02,Bronx Medical Center,BX,10451,89,107,434,NYC_COVID_REAL
2021-02-02,Brooklyn Health Center,BK,11201,139,165,873,NYC_COVID_REAL
2021-02-02,Manhattan Hospital,MN,10001,58,70,441,NYC_COVID_REAL
2021-02-02,Queens Medical Center,QN,11101,96,122,770,NYC_COVID_REAL
2021-02-02,Staten Island Hospital,SI,10301,18,32,142,NYC_COVID_REAL
2021-02-03,Bronx Medical Center,BX,10451,95,121,1093,NYC_COVID_REAL
2021-02-03,Brooklyn Health Center,BK,11201,147,169,1505,NYC_COVID_REAL
2021-02-03,Manhattan Hospital,MN,10001,69,98,822,NYC_COVID_REAL
2021-02-03,Queens Medical Center,QN,11101,107,120,1403,NYC_COVID_REAL
2021-02-03,Staten Island Hospital,SI,10301,18,36,321,NYC_COVID_REAL
2021-02-04,Bronx Medical Center,BX,10451,85,100,1071,NYC_COVID_REAL
2021-02-04,Brooklyn Health Center,BK,11201,142,170,1372,NYC_COVID_REAL
2021-02-04,Manhattan Hospital,MN,10001,74,93,705,NYC_COVID_REAL
2021-02-04,Queens Medical Center,QN,11101,120,143,1398,NYC_COVID_REAL
2021-02-04,Staten Island Hospital,SI,10301,14,39,285,NYC_COVID_REAL
2021-02-05,Bronx Medical Center,BX,10451,101,111,953,NYC_COVID_REAL
2021-02-05,Brooklyn Health Center,BK,11201,137,160,1247,NYC_COVID_REAL
2021-02-05,Manhattan Hospital,MN,10001,67,80,537,NYC_COVID_REAL
2021-02-05,Queens Medical Center,QN,11101,114,142,1182,NYC_COVID_REAL
2021-02-05,Staten Island Hospital,SI,10301,20,40,242,NYC_COVID_REAL
2021-02-06,Bronx Medical Center,BX,10451,81,105,719,NYC_COVID_REAL
2021-02-06,Brooklyn Health Center,BK,11201,90,109,900,NYC_COVID_REAL
2021-02-06,Manhattan Hospital,MN,10001,66,78,389,NYC_COVID_REAL
2021-02-06,Queens Medical Center,QN,11101,97,109,892,NYC_COVID_REAL
2021-02-06,Staten Island Hospital,SI,10301,22,47,180,NYC_COVID_REAL
2021-02-07,Bronx Medical Center,BX,10451,84,101,324,NYC_COVID_REAL
2021-02-07,Brooklyn Health Center,BK,11201,103,118,567,NYC_COVID_REAL
2021-02-07,Manhattan Hospital,MN,10001,38,51,202,NYC_COVID_REAL
2021-02-07,Queens Medical Center,QN,11101,75,90,453,NYC_COVID_REAL
2021-02-07,Staten Island Hospital,SI,10301,10,27,99,NYC_COVID_REAL
2021-02-08,Bronx Medical Center,BX,10451,96,112,972,NYC_COVID_REAL
2021-02-08,Brooklyn Health Center,BK,11201,124,143,1345,NYC_COVID_REAL
2021-02-08,Manhattan Hospital,MN,10001,60,85,610,NYC_COVID_REAL
2021-02-08,Queens Medical Center,QN,11101,91,101,1237,NYC_COVID_REAL
2021-02-08,Staten Island Hospital,SI,10301,19,46,267,NYC_COVID_REAL
2021-02-09,Bronx Medical Center,BX,10451,95,122,873,NYC_COVID_REAL
2021-02-09,Brooklyn Health Center,BK,11201,105,124,1083,NYC_COVID_REAL
2021-02-09,Manhattan Hospital,MN,10001,56,69,518,NYC_COVID_REAL
2021-02-09,Queens Medical Center,QN,11101,112,133,1004,NYC_COVID_REAL
2021-02-09,Staten Island Hospital,SI,10301,26,51,245,NYC_COVID_REAL
2021-02-10,Bronx Medical Center,BX,10451,82,100,868,NYC_COVID_REAL
2021-02-10,Brooklyn Health Center,BK,11201,116,135,1061,NYC_COVID_REAL
2021-02-10,Manhattan Hospital,MN,10001,43,58,569,NYC_COVID_REAL
2021-02-10,Queens Medical Center,QN,11101,91,111,1005,NYC_COVID_REAL
2021-02-10,Staten Island Hospital,SI,10301,22,49,274,NYC_COVID_REAL
2021-02-11,Bronx Medical Center,BX,10451,64,89,723,NYC_COVID_REAL
2021-02-11,Brooklyn Health Center,BK,11201,107,135,931,NYC_COVID_REAL
2021-02-11,Manhattan Hospital,MN,10001,51,67,548,NYC_COVID_REAL
2021-02-11,Queens Medical Center,QN,11101,85,96,977,NYC_COVID_REAL
2021-02-11,Staten Island Hospital,SI,10301,15,33,228,NYC_COVID_REAL
2021-02-12,Bronx Medical Center,BX,10451,78,103,726,NYC_COVID_REAL
2021-02-12,Brooklyn Health Center,BK,11201,103,119,934,NYC_COVID_REAL
2021-02-12,Manhattan Hospital,MN,10001,48,70,494,NYC_COVID_REAL
2021-02-12,Queens Medical Center,QN,11101,88,107,929,NYC_COVID_REAL
2021-02-12,Staten Island Hospital,SI,10301,24,46,231,NYC_COVID_REAL
2021-02-13,Bronx Medical Center,BX,10451,70,95,420,NYC_COVID_REAL
2021-02-13,Brooklyn Health Center,BK,11201,72,91,671,NYC_COVID_REAL
2021-02-13,Manhattan Hospital,MN,10001,42,70,276,NYC_COVID_REAL
2021-02-13,Queens Medical Center,QN,11101,87,99,707,NYC_COVID_REAL
2021-02-13,Staten Island Hospital,SI,10301,9,33,135,NYC_COVID_REAL
2021-02-14,Bronx Medical Center,BX,10451,58,72,371,NYC_COVID_REAL
2021-02-14,Brooklyn Health Center,BK,11201,82,111,587,NYC_COVID_REAL
2021-02-14,Manhattan Hospital,MN,10001,33,53,245,NYC_COVID_REAL
2021-02-14,Queens Medical Center,QN,11101,56,76,580,NYC_COVID_REAL
2021-02-14,Staten Island Hospital,SI,10301,14,33,115,NYC_COVID_REAL
2021-02-15,Bronx Medical Center,BX,10451,71,97,527,NYC_COVID_REAL
2021-02-15,Brooklyn Health Center,BK,11201,94,111,859,NYC_COVID_REAL
2021-02-15,Manhattan Hospital,MN,10001,47,59,366,NYC_COVID_REAL
2021-02-15,Queens Medical Center,QN,11101,89,113,873,NYC_COVID_REAL
2021-02-15,Staten Island Hospital,SI,10301,16,42,234,NYC_COVID_REAL
2021-02-16,Bronx Medical Center,BX,10451,78,104,787,NYC_COVID_REAL
2021-02-16,Brooklyn Health Center,BK,11201,116,129,1109,NYC_COVID_REAL
2021-02-16,Manhattan Hospital,MN,10001,53,80,611,NYC_COVID_REAL
2021-02-16,Queens Medical Center,QN,11101,93,112,1024,NYC_COVID_REAL
2021-02-16,Staten Island Hospital,SI,10301,12,35,190,NYC_COVID_REAL
2021-02-17,Bronx Medical Center,BX,10451,64,93,771,NYC_COVID_REAL
2021-02-17,Brooklyn Health Center,BK,11201,100,124,1005,NYC_COVID_REAL
2021-02-17,Manhattan Hospital,MN,10001,40,64,540,NYC_COVID_REAL
2021-02-17,Queens Medical Center,QN,11101,80,102,922,NYC_COVID_REAL
2021-02-17,Staten Island Hospital,SI,10301,8,37,196,NYC_COVID_REAL
2021-02-18,Bronx Medical Center,BX,10451,52,63,384,NYC_COVID_REAL
2021-02-18,Brooklyn Health Center,BK,11201,77,97,591,NYC_COVID_REAL
2021-02-18,Manhattan Hospital,MN,10001,38,51,410,NYC_COVID_REAL
2021-02-18,Queens Medical Center,QN,11101,81,92,554,NYC_COVID_REAL
2021-02-18,Staten Island Hospital,SI,10301,10,24,110,NYC_COVID_REAL
2021-02-19,Bronx Medical Center,BX,10451,72,88,608,NYC_COVID_REAL
2021-02-19,Brooklyn Health Center,BK,11201,80,93,854,NYC_COVID_REAL
2021-02-19,Manhattan Hospital,MN,10001,42,71,462,NYC_COVID_REAL
2021-02-19,Queens Medical Center,QN,11101,91,114,856,NYC_COVID_REAL
2021-02-19,Staten Island Hospital,SI,10301,14,37,227,NYC_COVID_REAL
2021-02-20,Bronx Medical Center,BX,10451,71,93,510,NYC_COVID_REAL
2021-02-20,Brooklyn Health Center,BK,11201,87,112,681,NYC_COVID_REAL
2021-02-20,Manhattan Hospital,MN,10001,41,61,347,NYC_COVID_REAL
2021-02-20,Queens Medical Center,QN,11101,86,96,785,NYC_COVID_REAL
2021-02-20,Staten Island Hospital,SI,10301,10,23,172,NYC_COVID_REAL
2021-02-21,Bronx Medical Center,BX,10451,57,75,359,NYC_COVID_REAL
2021-02-21,Brooklyn Health Center,BK,11201,85,103,792,NYC_COVID_REAL
2021-02-21,Manhattan Hospital,MN,10001,34,51,318,NYC_COVID_REAL
2021-02-21,Queens Medical Center,QN,11101,82,92,666,NYC_COVID_REAL
2021-02-21,Staten Island Hospital,SI,10301,14,40,151,NYC_COVID_REAL
2021-02-22,Bronx Medical Center,BX,10451,80,92,751,NYC_COVID_REAL
2021-02-22,Brooklyn Health Center,BK,11201,115,128,1117,NYC_COVID_REAL
2021-02-22,Manhattan Hospital,MN,10001,53,75,547,NYC_COVID_REAL
2021-02-22,Queens Medical Center,QN,11101,85,108,981,NYC_COVID_REAL
2021-02-22,Staten Island Hospital,SI,10301,13,39,228,NYC_COVID_REAL
2021-02-23,Bronx Medical Center,BX,10451,69,93,731,NYC_COVID_REAL
2021-02-23,Brooklyn Health Center,BK,11201,108,129,1073,NYC_COVID_REAL
2021-02-23,Manhattan Hospital,MN,10001,46,69,533,NYC_COVID_REAL
2021-02-23,Queens Medical Center,QN,11101,92,104,934,NYC_COVID_REAL
2021-02-23,Staten Island Hospital,SI,10301,14,26,201,NYC_COVID_REAL
2021-02-24,Bronx Medical Center,BX,10451,71,98,713,NYC_COVID_REAL
2021-02-24,Brooklyn Health Center,BK,11201,106,118,1023,NYC_COVID_REAL
2021-02-24,Manhattan Hospital,MN,10001,48,75,568,NYC_COVID_REAL
2021-02-24,Queens Medical Center,QN,11101,118,143,943,NYC_COVID_REAL
2021-02-24,Staten Island Hospital,SI,10301,10,28,217,NYC_COVID_REAL
2021-02-25,Bronx Medical Center,BX,10451,70,92,715,NYC_COVID_REAL
2021-02-25,Brooklyn Health Center,BK,11201,86,98,1026,NYC_COVID_REAL
2021-02-25,Manhattan Hospital,MN,10001,44,58,513,NYC_COVID_REAL
2021-02-25,Queens Medical Center,QN,11101,80,95,957,NYC_COVID_REAL
2021-02-25,Staten Island Hospital,SI,10301,11,30,263,NYC_COVID_REAL
2021-02-26,Bronx Medical Center,BX,10451,55,83,676,NYC_COVID_REAL
2021-02-26,Brooklyn Health Center,BK,11201,98,113,943,NYC_COVID_REAL
2021-02-26,Manhattan Hospital,MN,10001,54,69,517,NYC_COVID_REAL
2021-02-26,Queens Medical Center,QN,11101,105,123,889,NYC_COVID_REAL
2021-02-26,Staten Island Hospital,SI,10301,15,38,216,NYC_COVID_REAL
2021-02-27,Bronx Medical Center,BX,10451,48,68,376,NYC_COVID_REAL
2021-02-27,Brooklyn Health Center,BK,11201,67,79,625,NYC_COVID_REAL
2021-02-27,Manhattan Hospital,MN,10001,32,54,248,NYC_COVID_REAL
2021-02-27,Queens Medical Center,QN,11101,81,97,631,NYC_COVID_REAL
2021-02-27,Staten Island Hospital,SI,10301,12,27,138,NYC_COVID_REAL
2021-02-28,Bronx Medical Center,BX,10451,54,78,329,NYC_COVID_REAL
2021-02-28,Brooklyn Health Center,BK,11201,86,112,733,NYC_COVID_REAL
2021-02-28,Manhattan Hospital,MN,10001,28,43,252,NYC_COVID_REAL
2021-02-28,Queens Medical Center,QN,11101,69,93,573,NYC_COVID_REAL
2021-02-28,Staten Island Hospital,SI,10301,6,21,150,NYC_COVID_REAL
2021-03-01,Bronx Medical Center,BX,10451,74,103,731,NYC_COVID_REAL
2021-03-01,Brooklyn Health Center,BK,11201,85,111,1174,NYC_COVID_REAL
2021-03-01,Manhattan Hospital,MN,10001,49,78,531,NYC_COVID_REAL
2021-03-01,Queens Medical Center,QN,11101,98,119,1030,NYC_COVID_REAL
2021-03-01,Staten Island Hospital,SI,10301,17,27,261,NYC_COVID_REAL
2021-03-02,Bronx Medical Center,BX,10451,55,81,562,NYC_COVID_REAL
2021-03-02,Brooklyn Health Center,BK,11201,80,98,936,NYC_COVID_REAL
2021-03-02,Manhattan Hospital,MN,10001,48,63,495,NYC_COVID_REAL
2021-03-02,Queens Medical Center,QN,11101,69,94,860,NYC_COVID_REAL
2021-03-02,Staten Island Hospital,SI,10301,21,34,255,NYC_COVID_REAL
2021-03-03,Bronx Medical Center,BX,10451,68,92,637,NYC_COVID_REAL
2021-03-03,Brooklyn Health Center,BK,11201,91,119,956,NYC_COVID_REAL
2021-03-03,Manhattan Hospital,MN,10001,49,74,521,NYC_COVID_REAL
2021-03-03,Queens Medical Center,QN,11101,84,104,861,NYC_COVID_REAL
2021-03-03,Staten Island Hospital,SI,10301,13,28,267,NYC_COVID_REAL
2021-03-04,Bronx Medical Center,BX,10451,70,93,574,NYC_COVID_REAL
2021-03-04,Brooklyn Health Center,BK,11201,99,116,938,NYC_COVID_REAL
2021-03-04,Manhattan Hospital,MN,10001,51,61,496,NYC_COVID_REAL
2021-03-04,Queens Medical Center,QN,11101,67,89,859,NYC_COVID_REAL
2021-03-04,Staten Island Hospital,SI,10301,10,21,250,NYC_COVID_REAL
2021-03-05,Bronx Medical Center,BX,10451,66,79,554,NYC_COVID_REAL
2021-03-05,Brooklyn Health Center,BK,11201,69,97,887,NYC_COVID_REAL
2021-03-05,Manhattan Hospital,MN,10001,33,59,403,NYC_COVID_REAL
2021-03-05,Queens Medical Center,QN,11101,67,83,806,NYC_COVID_REAL
2021-03-05,Staten Island Hospital,SI,10301,19,32,236,NYC_COVID_REAL
2021-03-06,Bronx Medical Center,BX,10451,43,68,330,NYC_COVID_REAL
2021-03-06,Brooklyn Health Center,BK,11201,65,84,594,NYC_COVID_REAL
2021-03-06,Manhattan Hospital,MN,10001,36,65,259,NYC_COVID_REAL
2021-03-06,Queens Medical Center,QN,11101,83,105,688,NYC_COVID_REAL
2021-03-06,Staten Island Hospital,SI,10301,13,29,172,NYC_COVID_REAL
2021-03-07,Bronx Medical Center,BX,10451,53,63,291,NYC_COVID_REAL
2021-03-07,Brooklyn Health Center,BK,11201,70,82,595,NYC_COVID_REAL
2021-03-07,Manhattan Hospital,MN,10001,36,59,238,NYC_COVID_REAL
2021-03-07,Queens Medical Center,QN,11101,71,85,605,NYC_COVID_REAL
2021-03-07,Staten Island Hospital,SI,10301,15,33,147,NYC_COVID_REAL
2021-03-08,Bronx Medical Center,BX,10451,60,88,624,NYC_COVID_REAL
2021-03-08,Brooklyn Health Center,BK,11201,70,96,1109,NYC_COVID_REAL
2021-03-08,Manhattan Hospital,MN,10001,52,67,491,NYC_COVID_REAL
2021-03-08,Queens Medical Center,QN,11101,94,118,918,NYC_COVID_REAL
2021-03-08,Staten Island Hospital,SI,10301,22,32,259,NYC_COVID_REAL
2021-03-09,Bronx Medical Center,BX,10451,62,72,581,NYC_COVID_REAL
2021-03-09,Brooklyn Health Center,BK,11201,72,91,1085,NYC_COVID_REAL
2021-03-09,Manhattan Hospital,MN,10001,46,56,527,NYC_COVID_REAL
2021-03-09,Queens Medical Center,QN,11101,84,98,915,NYC_COVID_REAL
2021-03-09,Staten Island Hospital,SI,10301,16,39,233,NYC_COVID_REAL
2021-03-10,Bronx Medical Center,BX,10451,57,86,562,NYC_COVID_REAL
2021-03-10,Brooklyn Health Center,BK,11201,94,115,957,NYC_COVID_REAL
2021-03-10,Manhattan Hospital,MN,10001,36,64,518,NYC_COVID_REAL
2021-03-10,Queens Medical Center,QN,11101,81,96,908,NYC_COVID_REAL
2021-03-10,Staten Island Hospital,SI,10301,13,28,259,NYC_COVID_REAL
2021-03-11,Bronx Medical Center,BX,10451,51,76,544,NYC_COVID_REAL
2021-03-11,Brooklyn Health Center,BK,11201,100,115,963,NYC_COVID_REAL
2021-03-11,Manhattan Hospital,MN,10001,41,59,464,NYC_COVID_REAL
2021-03-11,Queens Medical Center,QN,11101,82,105,920,NYC_COVID_REAL
2021-03-11,Staten Island Hospital,SI,10301,15,32,213,NYC_COVID_REAL
2021-03-12,Bronx Medical Center,BX,10451,60,71,572,NYC_COVID_REAL
2021-03-12,Brooklyn Health Center,BK,11201,91,113,937,NYC_COVID_REAL
2021-03-12,Manhattan Hospital,MN,10001,36,64,486,NYC_COVID_REAL
2021-03-12,Queens Medical Center,QN,11101,91,106,964,NYC_COVID_REAL
2021-03-12,Staten Island Hospital,SI,10301,14,31,244,NYC_COVID_REAL
2021-03-13,Bronx Medical Center,BX,10451,39,61,331,NYC_COVID_REAL
2021-03-13,Brooklyn Health Center,BK,11201,66,85,627,NYC_COVID_REAL
2021-03-13,Manhattan Hospital,MN,10001,33,43,284,NYC_COVID_REAL
2021-03-13,Queens Medical Center,QN,11101,78,92,755,NYC_COVID_REAL
2021-03-13,Staten Island Hospital,SI,10301,5,24,177,NYC_COVID_REAL
2021-03-14,Bronx Medical Center,BX,10451,42,71,249,NYC_COVID_REAL
2021-03-14,Brooklyn Health Center,BK,11201,82,105,644,NYC_COVID_REAL
2021-03-14,Manhattan Hospital,MN,10001,30,53,224,NYC_COVID_REAL
2021-03-14,Queens Medical Center,QN,11101,86,105,662,NYC_COVID_REAL
2021-03-14,Staten Island Hospital,SI,10301,11,38,149,NYC_COVID_REAL
2021-03-15,Bronx Medical Center,BX,10451,62,86,564,NYC_COVID_REAL
2021-03-15,Brooklyn Health Center,BK,11201,83,102,1062,NYC_COVID_REAL
2021-03-15,Manhattan Hospital,MN,10001,35,54,449,NYC_COVID_REAL
2021-03-15,Queens Medical Center,QN,11101,95,122,1093,NYC_COVID_REAL
2021-03-15,Staten Island Hospital,SI,10301,18,39,226,NYC_COVID_REAL
2021-03-16,Bronx Medical Center,BX,10451,44,59,570,NYC_COVID_REAL
2021-03-16,Brooklyn Health Center,BK,11201,79,107,986,NYC_COVID_REAL
2021-03-16,Manhattan Hospital,MN,10001,40,58,491,NYC_COVID_REAL
2021-03-16,Queens Medical Center,QN,11101,73,102,934,NYC_COVID_REAL
2021-03-16,Staten Island Hospital,SI,10301,15,40,213,NYC_COVID_REAL
2021-03-17,Bronx Medical Center,BX,10451,45,72,517,NYC_COVID_REAL
2021-03-17,Brooklyn Health Center,BK,11201,99,124,940,NYC_COVID_REAL
2021-03-17,Manhattan Hospital,MN,10001,45,67,506,NYC_COVID_REAL
2021-03-17,Queens Medical Center,QN,11101,70,82,942,NYC_COVID_REAL
2021-03-17,Staten Island Hospital,SI,10301,17,29,267,NYC_COVID_REAL
2021-03-18,Bronx Medical Center,BX,10451,54,71,499,NYC_COVID_REAL
2021-03-18,Brooklyn Health Center,BK,11201,100,127,857,NYC_COVID_REAL
2021-03-18,Manhattan Hospital,MN,10001,32,58,446,NYC_COVID_REAL
2021-03-18,Queens Medical Center,QN,11101,94,122,888,NYC_COVID_REAL
2021-03-18,Staten Island Hospital,SI,10301,24,35,232,NYC_COVID_REAL
2021-03-19,Bronx Medical Center,BX,10451,57,70,546,NYC_COVID_REAL
2021-03-19,Brooklyn Health Center,BK,11201,84,96,901,NYC_COVID_REAL
2021-03-19,Manhattan Hospital,MN,10001,35,46,429,NYC_COVID_REAL
2021-03-19,Queens Medical Center,QN,11101,65,94,895,NYC_COVID_REAL
2021-03-19,Staten Island Hospital,SI,10301,18,29,267,NYC_COVID_REAL
2021-03-20,Bronx Medical Center,BX,10451,53,74,334,NYC_COVID_REAL
2021-03-20,Brooklyn Health Center,BK,11201,88,100,660,NYC_COVID_REAL
2021-03-20,Manhattan Hospital,MN,10001,30,44,270,NYC_COVID_REAL
2021-03-20,Queens Medical Center,QN,11101,73,94,736,NYC_COVID_REAL
2021-03-20,Staten Island Hospital,SI,10301,17,38,160,NYC_COVID_REAL
2021-03-21,Bronx Medical Center,BX,10451,34,51,294,NYC_COVID_REAL
2021-03-21,Brooklyn Health Center,BK,11201,92,113,710,NYC_COVID_REAL
2021-03-21,Manhattan Hospital,MN,10001,29,47,234,NYC_COVID_REAL
2021-03-21,Queens Medical Center,QN,11101,96,114,681,NYC_COVID_REAL
2021-03-21,Staten Island Hospital,SI,10301,19,42,174,NYC_COVID_REAL
2021-03-22,Bronx Medical Center,BX,10451,54,73,654,NYC_COVID_REAL
2021-03-22,Brooklyn Health Center,BK,11201,98,109,1215,NYC_COVID_REAL
2021-03-22,Manhattan Hospital,MN,10001,48,71,579,NYC_COVID_REAL
2021-03-22,Queens Medical Center,QN,11101,104,127,1115,NYC_COVID_REAL
2021-03-22,Staten Island Hospital,SI,10301,23,44,317,NYC_COVID_REAL
2021-03-23,Bronx Medical Center,BX,10451,60,83,566,NYC_COVID_REAL
2021-03-23,Brooklyn Health Center,BK,11201,92,104,1023,NYC_COVID_REAL
2021-03-23,Manhattan Hospital,MN,10001,33,44,471,NYC_COVID_REAL
2021-03-23,Queens Medical Center,QN,11101,83,104,938,NYC_COVID_REAL
2021-03-23,Staten Island Hospital,SI,10301,16,27,253,NYC_COVID_REAL
2021-03-24,Bronx Medical Center,BX,10451,61,81,570,NYC_COVID_REAL
2021-03-24,Brooklyn Health Center,BK,11201,96,112,1049,NYC_COVID_REAL
2021-03-24,Manhattan Hospital,MN,10001,22,39,526,NYC_COVID_REAL
2021-03-24,Queens Medical Center,QN,11101,90,108,1011,NYC_COVID_REAL
2021-03-24,Staten Island Hospital,SI,10301,23,50,288,NYC_COVID_REAL
2021-03-25,Bronx Medical Center,BX,10451,52,77,638,NYC_COVID_REAL
2021-03-25,Brooklyn Health Center,BK,11201,106,120,1147,NYC_COVID_REAL
2021-03-25,Manhattan Hospital,MN,10001,30,59,587,NYC_COVID_REAL
2021-03-25,Queens Medical Center,QN,11101,98,118,1131,NYC_COVID_REAL
2021-03-25,Staten Island Hospital,SI,10301,25,37,296,NYC_COVID_REAL
2021-03-26,Bronx Medical Center,BX,10451,60,74,568,NYC_COVID_REAL
2021-03-26,Brooklyn Health Center,BK,11201,103,119,1000,NYC_COVID_REAL
2021-03-26,Manhattan Hospital,MN,10001,36,48,494,NYC_COVID_REAL
2021-03-26,Queens Medical Center,QN,11101,82,106,1042,NYC_COVID_REAL
2021-03-26,Staten Island Hospital,SI,10301,28,52,309,NYC_COVID_REAL
2021-03-27,Bronx Medical Center,BX,10451,54,68,363,NYC_COVID_REAL
2021-03-27,Brooklyn Health Center,BK,11201,87,116,631,NYC_COVID_REAL
2021-03-27,Manhattan Hospital,MN,10001,33,56,268,NYC_COVID_REAL
2021-03-27,Queens Medical Center,QN,11101,78,91,741,NYC_COVID_REAL
2021-03-27,Staten Island Hospital,SI,10301,14,28,215,NYC_COVID_REAL
2021-03-28,Bronx Medical Center,BX,10451,36,51,254,NYC_COVID_REAL
2021-03-28,Brooklyn Health Center,BK,11201,61,80,574,NYC_COVID_REAL
2021-03-28,Manhattan Hospital,MN,10001,19,31,224,NYC_COVID_REAL
2021-03-28,Queens Medical Center,QN,11101,76,103,545,NYC_COVID_REAL
2021-03-28,Staten Island Hospital,SI,10301,16,34,152,NYC_COVID_REAL
2021-03-29,Bronx Medical Center,BX,10451,55,82,626,NYC_COVID_REAL
2021-03-29,Brooklyn Health Center,BK,11201,99,112,1043,NYC_COVID_REAL
2021-03-29,Manhattan Hospital,MN,10001,37,65,485,NYC_COVID_REAL
2021-03-29,Queens Medical Center,QN,11101,93,120,1093,NYC_COVID_REAL
2021-03-29,Staten Island Hospital,SI,10301,20,31,311,NYC_COVID_REAL
2021-03-30,Bronx Medical Center,BX,10451,61,86,593,NYC_COVID_REAL
2021-03-30,Brooklyn Health Center,BK,11201,84,105,938,NYC_COVID_REAL
2021-03-30,Manhattan Hospital,MN,10001,34,54,472,NYC_COVID_REAL
2021-03-30,Queens Medical Center,QN,11101,65,77,936,NYC_COVID_REAL
2021-03-30,Staten Island Hospital,SI,10301,20,41,247,NYC_COVID_REAL
2021-03-31,Bronx Medical Center,BX,10451,49,76,508,NYC_COVID_REAL
2021-03-31,Brooklyn Health Center,BK,11201,104,126,959,NYC_COVID_REAL
2021-03-31,Manhattan Hospital,MN,10001,26,51,517,NYC_COVID_REAL
2021-03-31,Queens Medical Center,QN,11101,91,109,940,NYC_COVID_REAL
2021-03-31,Staten Island Hospital,SI,10301,21,34,261,NYC_COVID_REAL
2021-04-01,Bronx Medical Center,BX,10451,49,65,502,NYC_COVID_REAL
2021-04-01,Brooklyn Health Center,BK,11201,101,127,860,NYC_COVID_REAL
2021-04-01,Manhattan Hospital,MN,10001,36,64,445,NYC_COVID_REAL
2021-04-01,Queens Medical Center,QN,11101,64,89,831,NYC_COVID_REAL
2021-04-01,Staten Island Hospital,SI,10301,14,39,226,NYC_COVID_REAL
2021-04-02,Bronx Medical Center,BX,10451,31,44,361,NYC_COVID_REAL
2021-04-02,Brooklyn Health Center,BK,11201,89,101,846,NYC_COVID_REAL
2021-04-02,Manhattan Hospital,MN,10001,34,57,381,NYC_COVID_REAL
2021-04-02,Queens Medical Center,QN,11101,92,121,812,NYC_COVID_REAL
2021-04-02,Staten Island Hospital,SI,10301,19,35,221,NYC_COVID_REAL
2021-04-03,Bronx Medical Center,BX,10451,46,64,313,NYC_COVID_REAL
2021-04-03,Brooklyn Health Center,BK,11201,77,102,639,NYC_COVID_REAL
2021-04-03,Manhattan Hospital,MN,10001,27,38,233,NYC_COVID_REAL
2021-04-03,Queens Medical Center,QN,11101,73,96,663,NYC_COVID_REAL
2021-04-03,Staten Island Hospital,SI,10301,12,27,201,NYC_COVID_REAL
2021-04-04,Bronx Medical Center,BX,10451,41,53,191,NYC_COVID_REAL
2021-04-04,Brooklyn Health Center,BK,11201,65,89,495,NYC_COVID_REAL
2021-04-04,Manhattan Hospital,MN,10001,21,34,180,NYC_COVID_REAL
2021-04-04,Queens Medical Center,QN,11101,72,88,454,NYC_COVID_REAL
2021-04-04,Staten Island Hospital,SI,10301,13,26,141,NYC_COVID_REAL
2021-04-05,Bronx Medical Center,BX,10451,46,70,505,NYC_COVID_REAL
2021-04-05,Brooklyn Health Center,BK,11201,88,100,1040,NYC_COVID_REAL
2021-04-05,Manhattan Hospital,MN,10001,29,54,466,NYC_COVID_REAL
2021-04-05,Queens Medical Center,QN,11101,86,98,975,NYC_COVID_REAL
2021-04-05,Staten Island Hospital,SI,10301,17,37,284,NYC_COVID_REAL
2021-04-06,Bronx Medical Center,BX,10451,55,69,499,NYC_COVID_REAL
2021-04-06,Brooklyn Health Center,BK,11201,73,95,931,NYC_COVID_REAL
2021-04-06,Manhattan Hospital,MN,10001,27,49,463,NYC_COVID_REAL
2021-04-06,Queens Medical Center,QN,11101,67,96,863,NYC_COVID_REAL
2021-04-06,Staten Island Hospital,SI,10301,7,24,245,NYC_COVID_REAL
2021-04-07,Bronx Medical Center,BX,10451,44,62,467,NYC_COVID_REAL
2021-04-07,Brooklyn Health Center,BK,11201,75,88,868,NYC_COVID_REAL
2021-04-07,Manhattan Hospital,MN,10001,22,37,412,NYC_COVID_REAL
2021-04-07,Queens Medical Center,QN,11101,61,89,789,NYC_COVID_REAL
2021-04-07,Staten Island Hospital,SI,10301,19,36,227,NYC_COVID_REAL
2021-04-08,Bronx Medical Center,BX,10451,38,49,417,NYC_COVID_REAL
2021-04-08,Brooklyn Health Center,BK,11201,72,92,812,NYC_COVID_REAL
2021-04-08,Manhattan Hospital,MN,10001,26,41,322,NYC_COVID_REAL
2021-04-08,Queens Medical Center,QN,11101,71,81,788,NYC_COVID_REAL
2021-04-08,Staten Island Hospital,SI,10301,11,24,236,NYC_COVID_REAL
2021-04-09,Bronx Medical Center,BX,10451,44,61,355,NYC_COVID_REAL
2021-04-09,Brooklyn Health Center,BK,11201,52,75,802,NYC_COVID_REAL
2021-04-09,Manhattan Hospital,MN,10001,28,50,321,NYC_COVID_REAL
2021-04-09,Queens Medical Center,QN,11101,63,79,733,NYC_COVID_REAL
2021-04-09,Staten Island Hospital,SI,10301,19,30,253,NYC_COVID_REAL
2021-04-10,Bronx Medical Center,BX,10451,34,48,231,NYC_COVID_REAL
2021-04-10,Brooklyn Health Center,BK,11201,61,72,564,NYC_COVID_REAL
2021-04-10,Manhattan Hospital,MN,10001,25,45,196,NYC_COVID_REAL
2021-04-10,Queens Medical Center,QN,11101,58,72,583,NYC_COVID_REAL
2021-04-10,Staten Island Hospital,SI,10301,12,25,149,NYC_COVID_REAL
2021-04-11,Bronx Medical Center,BX,10451,27,42,177,NYC_COVID_REAL
2021-04-11,Brooklyn Health Center,BK,11201,51,72,461,NYC_COVID_REAL
2021-04-11,Manhattan Hospital,MN,10001,17,41,148,NYC_COVID_REAL
2021-04-11,Queens Medical Center,QN,11101,58,78,397,NYC_COVID_REAL
2021-04-11,Staten Island Hospital,SI,10301,8,21,129,NYC_COVID_REAL
2021-04-12,Bronx Medical Center,BX,10451,39,50,404,NYC_COVID_REAL
2021-04-12,Brooklyn Health Center,BK,11201,58,84,853,NYC_COVID_REAL
2021-04-12,Manhattan Hospital,MN,10001,32,52,332,NYC_COVID_REAL
2021-04-12,Queens Medical Center,QN,11101,64,90,743,NYC_COVID_REAL
2021-04-12,Staten Island Hospital,SI,10301,12,35,205,NYC_COVID_REAL
2021-04-13,Bronx Medical Center,BX,10451,30,54,385,NYC_COVID_REAL
2021-04-13,Brooklyn Health Center,BK,11201,67,87,774,NYC_COVID_REAL
2021-04-13,Manhattan Hospital,MN,10001,30,53,344,NYC_COVID_REAL
2021-04-13,Queens Medical Center,QN,11101,62,82,692,NYC_COVID_REAL
2021-04-13,Staten Island Hospital,SI,10301,14,42,167,NYC_COVID_REAL
2021-04-14,Bronx Medical Center,BX,10451,36,52,350,NYC_COVID_REAL
2021-04-14,Brooklyn Health Center,BK,11201,66,95,721,NYC_COVID_REAL
2021-04-14,Manhattan Hospital,MN,10001,25,35,319,NYC_COVID_REAL
2021-04-14,Queens Medical Center,QN,11101,52,70,636,NYC_COVID_REAL
2021-04-14,Staten Island Hospital,SI,10301,13,31,214,NYC_COVID_REAL
2021-04-15,Bronx Medical Center,BX,10451,45,66,353,NYC_COVID_REAL
2021-04-15,Brooklyn Health Center,BK,11201,65,78,640,NYC_COVID_REAL
2021-04-15,Manhattan Hospital,MN,10001,28,55,283,NYC_COVID_REAL
2021-04-15,Queens Medical Center,QN,11101,64,75,561,NYC_COVID_REAL
2021-04-15,Staten Island Hospital,SI,10301,17,38,179,NYC_COVID_REAL
2021-04-16,Bronx Medical Center,BX,10451,31,41,258,NYC_COVID_REAL
2021-04-16,Brooklyn Health Center,BK,11201,76,88,594,NYC_COVID_REAL
2021-04-16,Manhattan Hospital,MN,10001,21,46,227,NYC_COVID_REAL
2021-04-16,Queens Medical Center,QN,11101,55,66,564,NYC_COVID_REAL
2021-04-16,Staten Island Hospital,SI,10301,15,29,184,NYC_COVID_REAL
2021-04-17,Bronx Medical Center,BX,10451,25,48,209,NYC_COVID_REAL
2021-04-17,Brooklyn Health Center,BK,11201,59,71,411,NYC_COVID_REAL
2021-04-17,Manhattan Hospital,MN,10001,16,44,129,NYC_COVID_REAL
2021-04-17,Queens Medical Center,QN,11101,54,68,411,NYC_COVID_REAL
2021-04-17,Staten Island Hospital,SI,10301,10,23,115,NYC_COVID_REAL
2021-04-18,Bronx Medical Center,BX,10451,30,49,164,NYC_COVID_REAL
2021-04-18,Brooklyn Health Center,BK,11201,66,76,357,NYC_COVID_REAL
2021-04-18,Manhattan Hospital,MN,10001,12,35,127,NYC_COVID_REAL
2021-04-18,Queens Medical Center,QN,11101,44,55,296,NYC_COVID_REAL
2021-04-18,Staten Island Hospital,SI,10301,14,43,105,NYC_COVID_REAL
2021-04-19,Bronx Medical Center,BX,10451,30,51,288,NYC_COVID_REAL
2021-04-19,Brooklyn Health Center,BK,11201,58,81,642,NYC_COVID_REAL
2021-04-19,Manhattan Hospital,MN,10001,20,38,231,NYC_COVID_REAL
2021-04-19,Queens Medical Center,QN,11101,55,82,543,NYC_COVID_REAL
2021-04-19,Staten Island Hospital,SI,10301,16,38,182,NYC_COVID_REAL
2021-04-20,Bronx Medical Center,BX,10451,26,36,286,NYC_COVID_REAL
2021-04-20,Brooklyn Health Center,BK,11201,60,89,518,NYC_COVID_REAL
2021-04-20,Manhattan Hospital,MN,10001,19,42,222,NYC_COVID_REAL
2021-04-20,Queens Medical Center,QN,11101,39,56,433,NYC_COVID_REAL
2021-04-20,Staten Island Hospital,SI,10301,11,33,146,NYC_COVID_REAL
2021-04-21,Bronx Medical Center,BX,10451,15,31,209,NYC_COVID_REAL
2021-04-21,Brooklyn Health Center,BK,11201,43,57,513,NYC_COVID_REAL
2021-04-21,Manhattan Hospital,MN,10001,11,31,181,NYC_COVID_REAL
2021-04-21,Queens Medical Center,QN,11101,35,48,388,NYC_COVID_REAL
2021-04-21,Staten Island Hospital,SI,10301,13,33,132,NYC_COVID_REAL
2021-04-22,Bronx Medical Center,BX,10451,40,54,226,NYC_COVID_REAL
2021-04-22,Brooklyn Health Center,BK,11201,49,66,489,NYC_COVID_REAL
2021-04-22,Manhattan Hospital,MN,10001,13,23,142,NYC_COVID_REAL
2021-04-22,Queens Medical Center,QN,11101,46,58,375,NYC_COVID_REAL
2021-04-22,Staten Island Hospital,SI,10301,10,24,127,NYC_COVID_REAL
2021-04-23,Bronx Medical Center,BX,10451,23,37,217,NYC_COVID_REAL
2021-04-23,Brooklyn Health Center,BK,11201,50,79,438,NYC_COVID_REAL
2021-04-23,Manhattan Hospital,MN,10001,19,29,129,NYC_COVID_REAL
2021-04-23,Queens Medical Center,QN,11101,46,75,369,NYC_COVID_REAL
2021-04-23,Staten Island Hospital,SI,10301,14,39,134,NYC_COVID_REAL
2021-04-24,Bronx Medical Center,BX,10451,21,44,125,NYC_COVID_REAL
2021-04-24,Brooklyn Health Center,BK,11201,30,59,306,NYC_COVID_REAL
2021-04-24,Manhattan Hospital,MN,10001,12,25,87,NYC_COVID_REAL
2021-04-24,Queens Medical Center,QN,11101,29,43,255,NYC_COVID_REAL
2021-04-24,Staten Island Hospital,SI,10301,9,26,79,NYC_COVID_REAL
2021-04-25,Bronx Medical Center,BX,10451,22,42,95,NYC_COVID_REAL
2021-04-25,Brooklyn Health Center,BK,11201,35,64,270,NYC_COVID_REAL
2021-04-25,Manhattan Hospital,MN,10001,17,37,75,NYC_COVID_REAL
2021-04-25,Queens Medical Center,QN,11101,41,70,246,NYC_COVID_REAL
2021-04-25,Staten Island Hospital,SI,10301,4,21,69,NYC_COVID_REAL
2021-04-26,Bronx Medical Center,BX,10451,30,57,226,NYC_COVID_REAL
2021-04-26,Brooklyn Health Center,BK,11201,50,77,498,NYC_COVID_REAL
2021-04-26,Manhattan Hospital,MN,10001,16,41,167,NYC_COVID_REAL
2021-04-26,Queens Medical Center,QN,11101,42,59,357,NYC_COVID_REAL
2021-04-26,Staten Island Hospital,SI,10301,7,20,117,NYC_COVID_REAL
2021-04-27,Bronx Medical Center,BX,10451,17,33,204,NYC_COVID_REAL
2021-04-27,Brooklyn Health Center,BK,11201,45,72,392,NYC_COVID_REAL
2021-04-27,Manhattan Hospital,MN,10001,8,31,145,NYC_COVID_REAL
2021-04-27,Queens Medical Center,QN,11101,37,56,301,NYC_COVID_REAL
2021-04-27,Staten Island Hospital,SI,10301,9,36,97,NYC_COVID_REAL
2021-04-28,Bronx Medical Center,BX,10451,17,27,190,NYC_COVID_REAL
2021-04-28,Brooklyn Health Center,BK,11201,44,55,418,NYC_COVID_REAL
2021-04-28,Manhattan Hospital,MN,10001,19,32,129,NYC_COVID_REAL
2021-04-28,Queens Medical Center,QN,11101,36,64,362,NYC_COVID_REAL
2021-04-28,Staten Island Hospital,SI,10301,9,33,109,NYC_COVID_REAL
2021-04-29,Bronx Medical Center,BX,10451,20,32,154,NYC_COVID_REAL
2021-04-29,Brooklyn Health Center,BK,11201,41,63,391,NYC_COVID_REAL
2021-04-29,Manhattan Hospital,MN,10001,18,34,150,NYC_COVID_REAL
2021-04-29,Queens Medical Center,QN,11101,27,42,267,NYC_COVID_REAL
2021-04-29,Staten Island Hospital,SI,10301,9,38,90,NYC_COVID_REAL
2021-04-30,Bronx Medical Center,BX,10451,16,33,171,NYC_COVID_REAL
2021-04-30,Brooklyn Health Center,BK,11201,33,55,322,NYC_COVID_REAL
2021-04-30,Manhattan Hospital,MN,10001,11,34,103,NYC_COVID_REAL
2021-04-30,Queens Medical Center,QN,11101,28,55,274,NYC_COVID_REAL
2021-04-30,Staten Island Hospital,SI,10301,3,30,80,NYC_COVID_REAL
2021-05-01,Bronx Medical Center,BX,10451,13,27,86,NYC_COVID_REAL
2021-05-01,Brooklyn Health Center,BK,11201,22,35,190,NYC_COVID_REAL
2021-05-01,Manhattan Hospital,MN,10001,13,31,63,NYC_COVID_REAL
2021-05-01,Queens Medical Center,QN,11101,26,46,181,NYC_COVID_REAL
2021-05-01,Staten Island Hospital,SI,10301,3,22,58,NYC_COVID_REAL
2021-05-02,Bronx Medical Center,BX,10451,14,40,73,NYC_COVID_REAL
2021-05-02,Brooklyn Health Center,BK,11201,22,41,220,NYC_COVID_REAL
2021-05-02,Manhattan Hospital,MN,10001,8,21,49,NYC_COVID_REAL
2021-05-02,Queens Medical Center,QN,11101,16,28,165,NYC_COVID_REAL
2021-05-02,Staten Island Hospital,SI,10301,12,38,60,NYC_COVID_REAL
2021-05-03,Bronx Medical Center,BX,10451,17,30,151,NYC_COVID_REAL
2021-05-03,Brooklyn Health Center,BK,11201,28,45,316,NYC_COVID_REAL
2021-05-03,Manhattan Hospital,MN,10001,11,21,127,NYC_COVID_REAL
2021-05-03,Queens Medical Center,QN,11101,29,51,268,NYC_COVID_REAL
2021-05-03,Staten Island Hospital,SI,10301,4,33,72,NYC_COVID_REAL
2021-05-04,Bronx Medical Center,BX,10451,12,26,155,NYC_COVID_REAL
2021-05-04,Brooklyn Health Center,BK,11201,46,57,297,NYC_COVID_REAL
2021-05-04,Manhattan Hospital,MN,10001,11,34,102,NYC_COVID_REAL
2021-05-04,Queens Medical Center,QN,11101,23,41,239,NYC_COVID_REAL
2021-05-04,Staten Island Hospital,SI,10301,6,30,81,NYC_COVID_REAL
2021-05-05,Bronx Medical Center,BX,10451,15,40,141,NYC_COVID_REAL
2021-05-05,Brooklyn Health Center,BK,11201,25,40,242,NYC_COVID_REAL
2021-05-05,Manhattan Hospital,MN,10001,9,24,107,NYC_COVID_REAL
2021-05-05,Queens Medical Center,QN,11101,26,49,222,NYC_COVID_REAL
2021-05-05,Staten Island Hospital,SI,10301,6,28,61,NYC_COVID_REAL
2021-05-06,Bronx Medical Center,BX,10451,10,26,133,NYC_COVID_REAL
2021-05-06,Brooklyn Health Center,BK,11201,21,43,266,NYC_COVID_REAL
2021-05-06,Manhattan Hospital,MN,10001,16,42,100,NYC_COVID_REAL
2021-05-06,Queens Medical Center,QN,11101,30,56,229,NYC_COVID_REAL
2021-05-06,Staten Island Hospital,SI,10301,5,30,54,NYC_COVID_REAL
2021-05-07,Bronx Medical Center,BX,10451,13,36,137,NYC_COVID_REAL
2021-05-07,Brooklyn Health Center,BK,11201,29,43,225,NYC_COVID_REAL
2021-05-07,Manhattan Hospital,MN,10001,9,30,80,NYC_COVID_REAL
2021-05-07,Queens Medical Center,QN,11101,16,36,193,NYC_COVID_REAL
2021-05-07,Staten Island Hospital,SI,10301,5,29,80,NYC_COVID_REAL
2021-05-08,Bronx Medical Center,BX,10451,11,33,61,NYC_COVID_REAL
2021-05-08,Brooklyn Health Center,BK,11201,25,39,121,NYC_COVID_REAL
2021-05-08,Manhattan Hospital,MN,10001,10,36,41,NYC_COVID_REAL
2021-05-08,Queens Medical Center,QN,11101,16,42,123,NYC_COVID_REAL
2021-05-08,Staten Island Hospital,SI,10301,2,28,38,NYC_COVID_REAL
2021-05-09,Bronx Medical Center,BX,10451,9,20,53,NYC_COVID_REAL
2021-05-09,Brooklyn Health Center,BK,11201,18,43,106,NYC_COVID_REAL
2021-05-09,Manhattan Hospital,MN,10001,9,28,48,NYC_COVID_REAL
2021-05-09,Queens Medical Center,QN,11101,23,45,110,NYC_COVID_REAL
2021-05-09,Staten Island Hospital,SI,10301,1,15,26,NYC_COVID_REAL
2021-05-10,Bronx Medical Center,BX,10451,18,32,130,NYC_COVID_REAL
2021-05-10,Brooklyn Health Center,BK,11201,17,35,208,NYC_COVID_REAL
2021-05-10,Manhattan Hospital,MN,10001,9,35,89,NYC_COVID_REAL
2021-05-10,Queens Medical Center,QN,11101,24,50,178,NYC_COVID_REAL
2021-05-10,Staten Island Hospital,SI,10301,2,19,50,NYC_COVID_REAL
2021-05-11,Bronx Medical Center,BX,10451,15,40,90,NYC_COVID_REAL
2021-05-11,Brooklyn Health Center,BK,11201,18,46,215,NYC_COVID_REAL
2021-05-11,Manhattan Hospital,MN,10001,8,21,70,NYC_COVID_REAL
2021-05-11,Queens Medical Center,QN,11101,24,36,188,NYC_COVID_REAL
2021-05-11,Staten Island Hospital,SI,10301,5,15,64,NYC_COVID_REAL
2021-05-12,Bronx Medical Center,BX,10451,9,25,109,NYC_COVID_REAL
2021-05-12,Brooklyn Health Center,BK,11201,25,46,196,NYC_COVID_REAL
2021-05-12,Manhattan Hospital,MN,10001,11,36,68,NYC_COVID_REAL
2021-05-12,Queens Medical Center,QN,11101,15,38,154,NYC_COVID_REAL
2021-05-12,Staten Island Hospital,SI,10301,4,21,66,NYC_COVID_REAL
2021-05-13,Bronx Medical Center,BX,10451,12,24,93,NYC_COVID_REAL
2021-05-13,Brooklyn Health Center,BK,11201,22,32,146,NYC_COVID_REAL
2021-05-13,Manhattan Hospital,MN,10001,7,17,75,NYC_COVID_REAL
2021-05-13,Queens Medical Center,QN,11101,22,48,144,NYC_COVID_REAL
2021-05-13,Staten Island Hospital,SI,10301,4,15,48,NYC_COVID_REAL
2021-05-14,Bronx Medical Center,BX,10451,16,39,77,NYC_COVID_REAL
2021-05-14,Brooklyn Health Center,BK,11201,14,39,145,NYC_COVID_REAL
2021-05-14,Manhattan Hospital,MN,10001,10,25,58,NYC_COVID_REAL
2021-05-14,Queens Medical Center,QN,11101,24,51,160,NYC_COVID_REAL
2021-05-14,Staten Island Hospital,SI,10301,5,33,46,NYC_COVID_REAL
2021-05-15,Bronx Medical Center,BX,10451,7,26,46,NYC_COVID_REAL
2021-05-15,Brooklyn Health Center,BK,11201,21,44,94,NYC_COVID_REAL
2021-05-15,Manhattan Hospital,MN,10001,2,14,33,NYC_COVID_REAL
2021-05-15,Queens Medical Center,QN,11101,8,27,99,NYC_COVID_REAL
2021-05-15,Staten Island Hospital,SI,10301,4,21,20,NYC_COVID_REAL
2021-05-16,Bronx Medical Center,BX,10451,3,24,48,NYC_COVID_REAL
2021-05-16,Brooklyn Health Center,BK,11201,18,29,99,NYC_COVID_REAL
2021-05-16,Manhattan Hospital,MN,10001,4,25,31,NYC_COVID_REAL
2021-05-16,Queens Medical Center,QN,11101,14,24,83,NYC_COVID_REAL
2021-05-16,Staten Island Hospital,SI,10301,1,18,18,NYC_COVID_REAL
2021-05-17,Bronx Medical Center,BX,10451,11,29,79,NYC_COVID_REAL
2021-05-17,Brooklyn Health Center,BK,11201,22,48,151,NYC_COVID_REAL
2021-05-17,Manhattan Hospital,MN,10001,10,21,71,NYC_COVID_REAL
2021-05-17,Queens Medical Center,QN,11101,24,47,115,NYC_COVID_REAL
2021-05-17,Staten Island Hospital,SI,10301,5,22,37,NYC_COVID_REAL
2021-05-18,Bronx Medical Center,BX,10451,10,32,71,NYC_COVID_REAL
2021-05-18,Brooklyn Health Center,BK,11201,16,39,138,NYC_COVID_REAL
2021-05-18,Manhattan Hospital,MN,10001,6,24,60,NYC_COVID_REAL
2021-05-18,Queens Medical Center,QN,11101,18,47,102,NYC_COVID_REAL
2021-05-18,Staten Island Hospital,SI,10301,2,25,44,NYC_COVID_REAL
2021-05-19,Bronx Medical Center,BX,10451,14,40,74,NYC_COVID_REAL
2021-05-19,Brooklyn Health Center,BK,11201,20,40,129,NYC_COVID_REAL
2021-05-19,Manhattan Hospital,MN,10001,8,37,41,NYC_COVID_REAL
2021-05-19,Queens Medical Center,QN,11101,12,25,106,NYC_COVID_REAL
2021-05-19,Staten Island Hospital,SI,10301,3,19,27,NYC_COVID_REAL
2021-05-20,Bronx Medical Center,BX,10451,12,29,67,NYC_COVID_REAL
2021-05-20,Brooklyn Health Center,BK,11201,31,58,134,NYC_COVID_REAL
2021-05-20,Manhattan Hospital,MN,10001,7,21,51,NYC_COVID_REAL
2021-05-20,Queens Medical Center,QN,11101,12,37,111,NYC_COVID_REAL
2021-05-20,Staten Island Hospital,SI,10301,3,17,33,NYC_COVID_REAL
2021-05-21,Bronx Medical Center,BX,10451,10,22,54,NYC_COVID_REAL
2021-05-21,Brooklyn Health Center,BK,11201,11,24,115,NYC_COVID_REAL
2021-05-21,Manhattan Hospital,MN,10001,9,22,48,NYC_COVID_REAL
2021-05-21,Queens Medical Center,QN,11101,15,41,105,NYC_COVID_REAL
2021-05-21,Staten Island Hospital,SI,10301,6,33,27,NYC_COVID_REAL
2021-05-22,Bronx Medical Center,BX,10451,6,33,35,NYC_COVID_REAL
2021-05-22,Brooklyn Health Center,BK,11201,13,39,81,NYC_COVID_REAL
2021-05-22,Manhattan Hospital,MN,10001,4,25,28,NYC_COVID_REAL
2021-05-22,Queens Medical Center,QN,11101,13,31,68,NYC_COVID_REAL
2021-05-22,Staten Island Hospital,SI,10301,2,16,21,NYC_COVID_REAL
2021-05-23,Bronx Medical Center,BX,10451,4,31,29,NYC_COVID_REAL
2021-05-23,Brooklyn Health Center,BK,11201,19,34,63,NYC_COVID_REAL
2021-05-23,Manhattan Hospital,MN,10001,6,29,17,NYC_COVID_REAL
2021-05-23,Queens Medical Center,QN,11101,13,42,54,NYC_COVID_REAL
2021-05-23,Staten Island Hospital,SI,10301,4,21,23,NYC_COVID_REAL
2021-05-24,Bronx Medical Center,BX,10451,7,33,57,NYC_COVID_REAL
2021-05-24,Brooklyn Health Center,BK,11201,9,27,105,NYC_COVID_REAL
2021-05-24,Manhattan Hospital,MN,10001,4,16,51,NYC_COVID_REAL
2021-05-24,Queens Medical Center,QN,11101,14,40,95,NYC_COVID_REAL
2021-05-24,Staten Island Hospital,SI,10301,1,21,47,NYC_COVID_REAL
2021-05-25,Bronx Medical Center,BX,10451,3,22,48,NYC_COVID_REAL
2021-05-25,Brooklyn Health Center,BK,11201,19,36,102,NYC_COVID_REAL
2021-05-25,Manhattan Hospital,MN,10001,5,26,37,NYC_COVID_REAL
2021-05-25,Queens Medical Center,QN,11101,15,26,81,NYC_COVID_REAL
2021-05-25,Staten Island Hospital,SI,10301,1,15,37,NYC_COVID_REAL
2021-05-26,Bronx Medical Center,BX,10451,4,14,44,NYC_COVID_REAL
2021-05-26,Brooklyn Health Center,BK,11201,12,23,81,NYC_COVID_REAL
2021-05-26,Manhattan Hospital,MN,10001,3,20,40,NYC_COVID_REAL
2021-05-26,Queens Medical Center,QN,11101,10,28,74,NYC_COVID_REAL
2021-05-26,Staten Island Hospital,SI,10301,4,25,10,NYC_COVID_REAL
2021-05-27,Bronx Medical Center,BX,10451,11,34,56,NYC_COVID_REAL
2021-05-27,Brooklyn Health Center,BK,11201,11,35,62,NYC_COVID_REAL
2021-05-27,Manhattan Hospital,MN,10001,10,37,39,NYC_COVID_REAL
2021-05-27,Queens Medical Center,QN,11101,12,29,67,NYC_COVID_REAL
2021-05-27,Staten Island Hospital,SI,10301,3,24,33,NYC_COVID_REAL
2021-05-28,Bronx Medical Center,BX,10451,7,27,36,NYC_COVID_REAL
2021-05-28,Brooklyn Health Center,BK,11201,16,36,67,NYC_COVID_REAL
2021-05-28,Manhattan Hospital,MN,10001,5,25,23,NYC_COVID_REAL
2021-05-28,Queens Medical Center,QN,11101,6,17,66,NYC_COVID_REAL
2021-05-28,Staten Island Hospital,SI,10301,1,22,18,NYC_COVID_REAL
2021-05-29,Bronx Medical Center,BX,10451,6,31,22,NYC_COVID_REAL
2021-05-29,Brooklyn Health Center,BK,11201,4,27,32,NYC_COVID_REAL
2021-05-29,Manhattan Hospital,MN,10001,4,19,23,NYC_COVID_REAL
2021-05-29,Queens Medical Center,QN,11101,11,24,40,NYC_COVID_REAL
2021-05-29,Staten Island Hospital,SI,10301,1,29,9,NYC_COVID_REAL
2021-05-30,Bronx Medical Center,BX,10451,4,30,25,NYC_COVID_REAL
2021-05-30,Brooklyn Health Center,BK,11201,14,35,34,NYC_COVID_REAL
2021-05-30,Manhattan Hospital,MN,10001,5,21,16,NYC_COVID_REAL
2021-05-30,Queens Medical Center,QN,11101,3,29,29,NYC_COVID_REAL
2021-05-30,Staten Island Hospital,SI,10301,1,12,14,NYC_COVID_REAL
2021-05-31,Bronx Medical Center,BX,10451,8,27,15,NYC_COVID_REAL
2021-05-31,Brooklyn Health Center,BK,11201,2,14,35,NYC_COVID_REAL
2021-05-31,Manhattan Hospital,MN,10001,3,13,20,NYC_COVID_REAL
2021-05-31,Queens Medical Center,QN,11101,4,28,38,NYC_COVID_REAL
2021-05-31,Staten Island Hospital,SI,10301,1,28,10,NYC_COVID_REAL
2021-06-01,Bronx Medical Center,BX,10451,5,33,72,NYC_COVID_REAL
2021-06-01,Brooklyn Health Center,BK,11201,13,37,59,NYC_COVID_REAL
2021-06-01,Manhattan Hospital,MN,10001,4,29,52,NYC_COVID_REAL
2021-06-01,Queens Medical Center,QN,11101,9,37,76,NYC_COVID_REAL
2021-06-01,Staten Island Hospital,SI,10301,2,28,30,NYC_COVID_REAL
2021-06-02,Bronx Medical Center,BX,10451,6,32,52,NYC_COVID_REAL
2021-06-02,Brooklyn Health Center,BK,11201,15,28,70,NYC_COVID_REAL
2021-06-02,Manhattan Hospital,MN,10001,4,20,33,NYC_COVID_REAL
2021-06-02,Queens Medical Center,QN,11101,14,25,68,NYC_COVID_REAL
2021-06-02,Staten Island Hospital,SI,10301,5,19,21,NYC_COVID_REAL
2021-06-03,Bronx Medical Center,BX,10451,1,26,45,NYC_COVID_REAL
2021-06-03,Brooklyn Health Center,BK,11201,15,30,62,NYC_COVID_REAL
2021-06-03,Manhattan Hospital,MN,10001,3,27,24,NYC_COVID_REAL
2021-06-03,Queens Medical Center,QN,11101,9,33,61,NYC_COVID_REAL
2021-06-03,Staten Island Hospital,SI,10301,2,21,14,NYC_COVID_REAL
2021-06-04,Bronx Medical Center,BX,10451,6,30,57,NYC_COVID_REAL
2021-06-04,Brooklyn Health Center,BK,11201,10,29,66,NYC_COVID_REAL
2021-06-04,Manhattan Hospital,MN,10001,4,26,34,NYC_COVID_REAL
2021-06-04,Queens Medical Center,QN,11101,3,25,43,NYC_COVID_REAL
2021-06-04,Staten Island Hospital,SI,10301,2,27,25,NYC_COVID_REAL
2021-06-05,Bronx Medical Center,BX,10451,3,28,41,NYC_COVID_REAL
2021-06-05,Brooklyn Health Center,BK,11201,3,20,44,NYC_COVID_REAL
2021-06-05,Manhattan Hospital,MN,10001,3,17,17,NYC_COVID_REAL
2021-06-05,Queens Medical Center,QN,11101,4,24,29,NYC_COVID_REAL
2021-06-05,Staten Island Hospital,SI,10301,3,18,12,NYC_COVID_REAL
2021-06-06,Bronx Medical Center,BX,10451,8,25,24,NYC_COVID_REAL
2021-06-06,Brooklyn Health Center,BK,11201,8,36,35,NYC_COVID_REAL
2021-06-06,Manhattan Hospital,MN,10001,1,27,23,NYC_COVID_REAL
2021-06-06,Queens Medical Center,QN,11101,4,18,33,NYC_COVID_REAL
2021-06-06,Staten Island Hospital,SI,10301,2,26,15,NYC_COVID_REAL
2021-06-07,Bronx Medical Center,BX,10451,8,24,57,NYC_COVID_REAL
2021-06-07,Brooklyn Health Center,BK,11201,12,26,64,NYC_COVID_REAL
2021-06-07,Manhattan Hospital,MN,10001,1,28,32,NYC_COVID_REAL
2021-06-07,Queens Medical Center,QN,11101,8,21,46,NYC_COVID_REAL
2021-06-07,Staten Island Hospital,SI,10301,3,23,19,NYC_COVID_REAL
2021-06-08,Bronx Medical Center,BX,10451,11,31,38,NYC_COVID_REAL
2021-06-08,Brooklyn Health Center,BK,11201,7,33,54,NYC_COVID_REAL
2021-06-08,Manhattan Hospital,MN,10001,6,28,27,NYC_COVID_REAL
2021-06-08,Queens Medical Center,QN,11101,10,35,39,NYC_COVID_REAL
2021-06-08,Staten Island Hospital,SI,10301,1,21,17,NYC_COVID_REAL
2021-06-09,Bronx Medical Center,BX,10451,8,21,56,NYC_COVID_REAL
2021-06-09,Brooklyn Health Center,BK,11201,9,32,57,NYC_COVID_REAL
2021-06-09,Manhattan Hospital,MN,10001,1,12,40,NYC_COVID_REAL
2021-06-09,Queens Medical Center,QN,11101,4,20,40,NYC_COVID_REAL
2021-06-09,Staten Island Hospital,SI,10301,1,25,17,NYC_COVID_REAL
2021-06-10,Bronx Medical Center,BX,10451,6,33,33,NYC_COVID_REAL
2021-06-10,Brooklyn Health Center,BK,11201,8,32,46,NYC_COVID_REAL
2021-06-10,Manhattan Hospital,MN,10001,3,27,30,NYC_COVID_REAL
2021-06-10,Queens Medical Center,QN,11101,6,19,35,NYC_COVID_REAL
2021-06-10,Staten Island Hospital,SI,10301,2,21,12,NYC_COVID_REAL
2021-06-11,Bronx Medical Center,BX,10451,5,22,40,NYC_COVID_REAL
2021-06-11,Brooklyn Health Center,BK,11201,4,31,42,NYC_COVID_REAL
2021-06-11,Manhattan Hospital,MN,10001,5,29,38,NYC_COVID_REAL
2021-06-11,Queens Medical Center,QN,11101,6,24,52,NYC_COVID_REAL
2021-06-11,Staten Island Hospital,SI,10301,2,21,15,NYC_COVID_REAL
2021-06-12,Bronx Medical Center,BX,10451,6,29,25,NYC_COVID_REAL
2021-06-12,Brooklyn Health Center,BK,11201,4,22,28,NYC_COVID_REAL
2021-06-12,Manhattan Hospital,MN,10001,3,19,14,NYC_COVID_REAL
2021-06-12,Queens Medical Center,QN,11101,6,34,39,NYC_COVID_REAL
2021-06-12,Staten Island Hospital,SI,10301,2,16,15,NYC_COVID_REAL
2021-06-13,Bronx Medical Center,BX,10451,4,31,18,NYC_COVID_REAL
2021-06-13,Brooklyn Health Center,BK,11201,12,26,35,NYC_COVID_REAL
2021-06-13,Manhattan Hospital,MN,10001,2,25,19,NYC_COVID_REAL
2021-06-13,Queens Medical Center,QN,11101,10,38,30,NYC_COVID_REAL
2021-06-13,Staten Island Hospital,SI,10301,3,31,12,NYC_COVID_REAL
2021-06-14,Bronx Medical Center,BX,10451,6,30,35,NYC_COVID_REAL
2021-06-14,Brooklyn Health Center,BK,11201,12,23,54,NYC_COVID_REAL
2021-06-14,Manhattan Hospital,MN,10001,2,26,29,NYC_COVID_REAL
2021-06-14,Queens Medical Center,QN,11101,5,22,49,NYC_COVID_REAL
2021-06-14,Staten Island Hospital,SI,10301,1,27,12,NYC_COVID_REAL
2021-06-15,Bronx Medical Center,BX,10451,8,29,30,NYC_COVID_REAL
2021-06-15,Brooklyn Health Center,BK,11201,8,30,37,NYC_COVID_REAL
2021-06-15,Manhattan Hospital,MN,10001,1,29,36,NYC_COVID_REAL
2021-06-15,Queens Medical Center,QN,11101,4,33,57,NYC_COVID_REAL
2021-06-15,Staten Island Hospital,SI,10301,4,14,19,NYC_COVID_REAL
2021-06-16,Bronx Medical Center,BX,10451,6,25,29,NYC_COVID_REAL
2021-06-16,Brooklyn Health Center,BK,11201,5,18,46,NYC_COVID_REAL
2021-06-16,Manhattan Hospital,MN,10001,5,31,30,NYC_COVID_REAL
2021-06-16,Queens Medical Center,QN,11101,7,32,41,NYC_COVID_REAL
2021-06-16,Staten Island Hospital,SI,10301,2,20,26,NYC_COVID_REAL
2021-06-17,Bronx Medical Center,BX,10451,9,31,36,NYC_COVID_REAL
2021-06-17,Brooklyn Health Center,BK,11201,9,21,51,NYC_COVID_REAL
2021-06-17,Manhattan Hospital,MN,10001,2,29,26,NYC_COVID_REAL
2021-06-17,Queens Medical Center,QN,11101,7,31,51,NYC_COVID_REAL
2021-06-17,Staten Island Hospital,SI,10301,1,23,23,NYC_COVID_REAL
2021-06-18,Bronx Medical Center,BX,10451,2,15,19,NYC_COVID_REAL
2021-06-18,Brooklyn Health Center,BK,11201,7,33,59,NYC_COVID_REAL
2021-06-18,Manhattan Hospital,MN,10001,4,19,15,NYC_COVID_REAL
2021-06-18,Queens Medical Center,QN,11101,5,15,47,NYC_COVID_REAL
2021-06-18,Staten Island Hospital,SI,10301,1,13,20,NYC_COVID_REAL
2021-06-19,Bronx Medical Center,BX,10451,4,30,18,NYC_COVID_REAL
2021-06-19,Brooklyn Health Center,BK,11201,2,18,29,NYC_COVID_REAL
2021-06-19,Manhattan Hospital,MN,10001,1,23,22,NYC_COVID_REAL
2021-06-19,Queens Medical Center,QN,11101,3,31,24,NYC_COVID_REAL
2021-06-19,Staten Island Hospital,SI,10301,3,13,14,NYC_COVID_REAL
2021-06-20,Bronx Medical Center,BX,10451,4,31,15,NYC_COVID_REAL
2021-06-20,Brooklyn Health Center,BK,11201,10,36,33,NYC_COVID_REAL
2021-06-20,Manhattan Hospital,MN,10001,2,14,14,NYC_COVID_REAL
2021-06-20,Queens Medical Center,QN,11101,7,29,24,NYC_COVID_REAL
2021-06-20,Staten Island Hospital,SI,10301,2,13,9,NYC_COVID_REAL
2021-06-21,Bronx Medical Center,BX,10451,7,17,27,NYC_COVID_REAL
2021-06-21,Brooklyn Health Center,BK,11201,9,20,40,NYC_COVID_REAL
2021-06-21,Manhattan Hospital,MN,10001,4,30,25,NYC_COVID_REAL
2021-06-21,Queens Medical Center,QN,11101,5,18,50,NYC_COVID_REAL
2021-06-21,Staten Island Hospital,SI,10301,5,20,26,NYC_COVID_REAL
2021-06-22,Bronx Medical Center,BX,10451,3,25,22,NYC_COVID_REAL
2021-06-22,Brooklyn Health Center,BK,11201,7,34,50,NYC_COVID_REAL
2021-06-22,Manhattan Hospital,MN,10001,3,16,33,NYC_COVID_REAL
2021-06-22,Queens Medical Center,QN,11101,14,26,49,NYC_COVID_REAL
2021-06-22,Staten Island Hospital,SI,10301,7,23,17,NYC_COVID_REAL
2021-06-23,Bronx Medical Center,BX,10451,3,20,27,NYC_COVID_REAL
2021-06-23,Brooklyn Health Center,BK,11201,11,31,48,NYC_COVID_REAL
2021-06-23,Manhattan Hospital,MN,10001,3,29,39,NYC_COVID_REAL
2021-06-23,Queens Medical Center,QN,11101,6,32,48,NYC_COVID_REAL
2021-06-23,Staten Island Hospital,SI,10301,1,22,24,NYC_COVID_REAL
2021-06-24,Bronx Medical Center,BX,10451,1,17,18,NYC_COVID_REAL
2021-06-24,Brooklyn Health Center,BK,11201,8,32,51,NYC_COVID_REAL
2021-06-24,Manhattan Hospital,MN,10001,1,24,30,NYC_COVID_REAL
2021-06-24,Queens Medical Center,QN,11101,2,16,47,NYC_COVID_REAL
2021-06-24,Staten Island Hospital,SI,10301,2,27,29,NYC_COVID_REAL
2021-06-25,Bronx Medical Center,BX,10451,4,23,12,NYC_COVID_REAL
2021-06-25,Brooklyn Health Center,BK,11201,8,19,61,NYC_COVID_REAL
2021-06-25,Manhattan Hospital,MN,10001,2,16,28,NYC_COVID_REAL
2021-06-25,Queens Medical Center,QN,11101,4,20,55,NYC_COVID_REAL
2021-06-25,Staten Island Hospital,SI,10301,1,20,24,NYC_COVID_REAL
2021-06-26,Bronx Medical Center,BX,10451,4,33,11,NYC_COVID_REAL
2021-06-26,Brooklyn Health Center,BK,11201,7,21,37,NYC_COVID_REAL
2021-06-26,Manhattan Hospital,MN,10001,2,30,15,NYC_COVID_REAL
2021-06-26,Queens Medical Center,QN,11101,2,14,31,NYC_COVID_REAL
2021-06-26,Staten Island Hospital,SI,10301,3,15,24,NYC_COVID_REAL
2021-06-27,Bronx Medical Center,BX,10451,3,29,17,NYC_COVID_REAL
2021-06-27,Brooklyn Health Center,BK,11201,6,19,28,NYC_COVID_REAL
2021-06-27,Manhattan Hospital,MN,10001,3,20,19,NYC_COVID_REAL
2021-06-27,Queens Medical Center,QN,11101,10,38,23,NYC_COVID_REAL
2021-06-27,Staten Island Hospital,SI,10301,1,26,22,NYC_COVID_REAL
2021-06-28,Bronx Medical Center,BX,10451,3,25,29,NYC_COVID_REAL
2021-06-28,Brooklyn Health Center,BK,11201,7,17,49,NYC_COVID_REAL
2021-06-28,Manhattan Hospital,MN,10001,5,26,45,NYC_COVID_REAL
2021-06-28,Queens Medical Center,QN,11101,8,27,53,NYC_COVID_REAL
2021-06-28,Staten Island Hospital,SI,10301,3,26,30,NYC_COVID_REAL
2021-06-29,Bronx Medical Center,BX,10451,1,21,32,NYC_COVID_REAL
2021-06-29,Brooklyn Health Center,BK,11201,8,26,52,NYC_COVID_REAL
2021-06-29,Manhattan Hospital,MN,10001,4,15,42,NYC_COVID_REAL
2021-06-29,Queens Medical Center,QN,11101,8,37,51,NYC_COVID_REAL
2021-06-29,Staten Island Hospital,SI,10301,1,12,35,NYC_COVID_REAL
2021-06-30,Bronx Medical Center,BX,10451,3,22,30,NYC_COVID_REAL
2021-06-30,Brooklyn Health Center,BK,11201,6,24,75,NYC_COVID_REAL
2021-06-30,Manhattan Hospital,MN,10001,4,22,43,NYC_COVID_REAL
2021-06-30,Queens Medical Center,QN,11101,6,16,51,NYC_COVID_REAL
2021-06-30,Staten Island Hospital,SI,10301,1,29,27,NYC_COVID_REAL
2021-07-01,Bronx Medical Center,BX,10451,3,16,27,NYC_COVID_REAL
2021-07-01,Brooklyn Health Center,BK,11201,10,26,63,NYC_COVID_REAL
2021-07-01,Manhattan Hospital,MN,10001,3,16,29,NYC_COVID_REAL
2021-07-01,Queens Medical Center,QN,11101,7,28,52,NYC_COVID_REAL
2021-07-01,Staten Island Hospital,SI,10301,8,19,33,NYC_COVID_REAL
2021-07-02,Bronx Medical Center,BX,10451,5,21,33,NYC_COVID_REAL
2021-07-02,Brooklyn Health Center,BK,11201,13,37,60,NYC_COVID_REAL
2021-07-02,Manhattan Hospital,MN,10001,5,17,61,NYC_COVID_REAL
2021-07-02,Queens Medical Center,QN,11101,8,26,58,NYC_COVID_REAL
2021-07-02,Staten Island Hospital,SI,10301,5,33,21,NYC_COVID_REAL
2021-07-03,Bronx Medical Center,BX,10451,3,16,18,NYC_COVID_REAL
2021-07-03,Brooklyn Health Center,BK,11201,5,21,41,NYC_COVID_REAL
2021-07-03,Manhattan Hospital,MN,10001,4,25,29,NYC_COVID_REAL
2021-07-03,Queens Medical Center,QN,11101,5,19,33,NYC_COVID_REAL
2021-07-03,Staten Island Hospital,SI,10301,4,29,25,NYC_COVID_REAL
2021-07-04,Bronx Medical Center,BX,10451,1,11,14,NYC_COVID_REAL
2021-07-04,Brooklyn Health Center,BK,11201,8,34,32,NYC_COVID_REAL
2021-07-04,Manhattan Hospital,MN,10001,5,32,25,NYC_COVID_REAL
2021-07-04,Queens Medical Center,QN,11101,7,35,34,NYC_COVID_REAL
2021-07-04,Staten Island Hospital,SI,10301,2,27,19,NYC_COVID_REAL
2021-07-05,Bronx Medical Center,BX,10451,3,32,20,NYC_COVID_REAL
2021-07-05,Brooklyn Health Center,BK,11201,5,16,62,NYC_COVID_REAL
2021-07-05,Manhattan Hospital,MN,10001,3,20,32,NYC_COVID_REAL
2021-07-05,Queens Medical Center,QN,11101,4,31,53,NYC_COVID_REAL
2021-07-05,Staten Island Hospital,SI,10301,1,18,20,NYC_COVID_REAL
2021-07-06,Bronx Medical Center,BX,10451,3,26,48,NYC_COVID_REAL
2021-07-06,Brooklyn Health Center,BK,11201,8,18,125,NYC_COVID_REAL
2021-07-06,Manhattan Hospital,MN,10001,3,16,77,NYC_COVID_REAL
2021-07-06,Queens Medical Center,QN,11101,5,26,80,NYC_COVID_REAL
2021-07-06,Staten Island Hospital,SI,10301,5,33,32,NYC_COVID_REAL
2021-07-07,Bronx Medical Center,BX,10451,2,27,49,NYC_COVID_REAL
2021-07-07,Brooklyn Health Center,BK,11201,9,32,147,NYC_COVID_REAL
2021-07-07,Manhattan Hospital,MN,10001,3,19,72,NYC_COVID_REAL
2021-07-07,Queens Medical Center,QN,11101,7,34,88,NYC_COVID_REAL
2021-07-07,Staten Island Hospital,SI,10301,2,20,44,NYC_COVID_REAL
2021-07-08,Bronx Medical Center,BX,10451,4,23,50,NYC_COVID_REAL
2021-07-08,Brooklyn Health Center,BK,11201,8,29,110,NYC_COVID_REAL
2021-07-08,Manhattan Hospital,MN,10001,3,25,80,NYC_COVID_REAL
2021-07-08,Queens Medical Center,QN,11101,5,26,81,NYC_COVID_REAL
2021-07-08,Staten Island Hospital,SI,10301,3,14,46,NYC_COVID_REAL
2021-07-09,Bronx Medical Center,BX,10451,5,31,56,NYC_COVID_REAL
2021-07-09,Brooklyn Health Center,BK,11201,8,21,111,NYC_COVID_REAL
2021-07-09,Manhattan Hospital,MN,10001,7,31,84,NYC_COVID_REAL
2021-07-09,Queens Medical Center,QN,11101,13,42,88,NYC_COVID_REAL
2021-07-09,Staten Island Hospital,SI,10301,2,21,32,NYC_COVID_REAL
2021-07-10,Bronx Medical Center,BX,10451,2,14,37,NYC_COVID_REAL
2021-07-10,Brooklyn Health Center,BK,11201,6,24,63,NYC_COVID_REAL
2021-07-10,Manhattan Hospital,MN,10001,3,24,49,NYC_COVID_REAL
2021-07-10,Queens Medical Center,QN,11101,9,30,59,NYC_COVID_REAL
2021-07-10,Staten Island Hospital,SI,10301,1,25,30,NYC_COVID_REAL
2021-07-11,Bronx Medical Center,BX,10451,8,19,33,NYC_COVID_REAL
2021-07-11,Brooklyn Health Center,BK,11201,5,26,79,NYC_COVID_REAL
2021-07-11,Manhattan Hospital,MN,10001,2,17,53,NYC_COVID_REAL
2021-07-11,Queens Medical Center,QN,11101,11,21,78,NYC_COVID_REAL
2021-07-11,Staten Island Hospital,SI,10301,1,22,25,NYC_COVID_REAL
2021-07-12,Bronx Medical Center,BX,10451,7,22,69,NYC_COVID_REAL
2021-07-12,Brooklyn Health Center,BK,11201,10,31,176,NYC_COVID_REAL
2021-07-12,Manhattan Hospital,MN,10001,2,29,86,NYC_COVID_REAL
2021-07-12,Queens Medical Center,QN,11101,5,23,110,NYC_COVID_REAL
2021-07-12,Staten Island Hospital,SI,10301,1,27,35,NYC_COVID_REAL
2021-07-13,Bronx Medical Center,BX,10451,6,16,43,NYC_COVID_REAL
2021-07-13,Brooklyn Health Center,BK,11201,7,27,152,NYC_COVID_REAL
2021-07-13,Manhattan Hospital,MN,10001,3,21,101,NYC_COVID_REAL
2021-07-13,Queens Medical Center,QN,11101,8,33,97,NYC_COVID_REAL
2021-07-13,Staten Island Hospital,SI,10301,3,31,64,NYC_COVID_REAL
2021-07-14,Bronx Medical Center,BX,10451,11,27,59,NYC_COVID_REAL
2021-07-14,Brooklyn Health Center,BK,11201,13,30,185,NYC_COVID_REAL
2021-07-14,Manhattan Hospital,MN,10001,7,30,143,NYC_COVID_REAL
2021-07-14,Queens Medical Center,QN,11101,14,35,115,NYC_COVID_REAL
2021-07-14,Staten Island Hospital,SI,10301,2,20,46,NYC_COVID_REAL
2021-07-15,Bronx Medical Center,BX,10451,2,30,71,NYC_COVID_REAL
2021-07-15,Brooklyn Health Center,BK,11201,9,36,171,NYC_COVID_REAL
2021-07-15,Manhattan Hospital,MN,10001,6,17,128,NYC_COVID_REAL
2021-07-15,Queens Medical Center,QN,11101,9,33,128,NYC_COVID_REAL
2021-07-15,Staten Island Hospital,SI,10301,2,17,54,NYC_COVID_REAL
2021-07-16,Bronx Medical Center,BX,10451,7,22,73,NYC_COVID_REAL
2021-07-16,Brooklyn Health Center,BK,11201,17,36,183,NYC_COVID_REAL
2021-07-16,Manhattan Hospital,MN,10001,3,18,121,NYC_COVID_REAL
2021-07-16,Queens Medical Center,QN,11101,10,38,117,NYC_COVID_REAL
2021-07-16,Staten Island Hospital,SI,10301,1,28,61,NYC_COVID_REAL
2021-07-17,Bronx Medical Center,BX,10451,11,23,59,NYC_COVID_REAL
2021-07-17,Brooklyn Health Center,BK,11201,8,27,109,NYC_COVID_REAL
2021-07-17,Manhattan Hospital,MN,10001,5,34,60,NYC_COVID_REAL
2021-07-17,Queens Medical Center,QN,11101,9,22,77,NYC_COVID_REAL
2021-07-17,Staten Island Hospital,SI,10301,5,31,35,NYC_COVID_REAL
2021-07-18,Bronx Medical Center,BX,10451,6,34,36,NYC_COVID_REAL
2021-07-18,Brooklyn Health Center,BK,11201,19,39,141,NYC_COVID_REAL
2021-07-18,Manhattan Hospital,MN,10001,4,16,83,NYC_COVID_REAL
2021-07-18,Queens Medical Center,QN,11101,6,20,106,NYC_COVID_REAL
2021-07-18,Staten Island Hospital,SI,10301,4,32,29,NYC_COVID_REAL
2021-07-19,Bronx Medical Center,BX,10451,9,27,110,NYC_COVID_REAL
2021-07-19,Brooklyn Health Center,BK,11201,19,35,276,NYC_COVID_REAL
2021-07-19,Manhattan Hospital,MN,10001,8,25,176,NYC_COVID_REAL
2021-07-19,Queens Medical Center,QN,11101,16,29,171,NYC_COVID_REAL
2021-07-19,Staten Island Hospital,SI,10301,3,13,78,NYC_COVID_REAL
2021-07-20,Bronx Medical Center,BX,10451,7,18,94,NYC_COVID_REAL
2021-07-20,Brooklyn Health Center,BK,11201,21,38,231,NYC_COVID_REAL
2021-07-20,Manhattan Hospital,MN,10001,8,37,162,NYC_COVID_REAL
2021-07-20,Queens Medical Center,QN,11101,14,40,146,NYC_COVID_REAL
2021-07-20,Staten Island Hospital,SI,10301,4,25,74,NYC_COVID_REAL
2021-07-21,Bronx Medical Center,BX,10451,9,21,128,NYC_COVID_REAL
2021-07-21,Brooklyn Health Center,BK,11201,13,23,307,NYC_COVID_REAL
2021-07-21,Manhattan Hospital,MN,10001,6,30,198,NYC_COVID_REAL
2021-07-21,Queens Medical Center,QN,11101,15,38,197,NYC_COVID_REAL
2021-07-21,Staten Island Hospital,SI,10301,4,24,63,NYC_COVID_REAL
2021-07-22,Bronx Medical Center,BX,10451,15,42,136,NYC_COVID_REAL
2021-07-22,Brooklyn Health Center,BK,11201,17,40,327,NYC_COVID_REAL
2021-07-22,Manhattan Hospital,MN,10001,6,25,226,NYC_COVID_REAL
2021-07-22,Queens Medical Center,QN,11101,11,27,196,NYC_COVID_REAL
2021-07-22,Staten Island Hospital,SI,10301,4,23,88,NYC_COVID_REAL
2021-07-23,Bronx Medical Center,BX,10451,9,33,126,NYC_COVID_REAL
2021-07-23,Brooklyn Health Center,BK,11201,18,43,319,NYC_COVID_REAL
2021-07-23,Manhattan Hospital,MN,10001,6,27,200,NYC_COVID_REAL
2021-07-23,Queens Medical Center,QN,11101,15,25,214,NYC_COVID_REAL
2021-07-23,Staten Island Hospital,SI,10301,5,26,55,NYC_COVID_REAL
2021-07-24,Bronx Medical Center,BX,10451,5,15,58,NYC_COVID_REAL
2021-07-24,Brooklyn Health Center,BK,11201,13,28,188,NYC_COVID_REAL
2021-07-24,Manhattan Hospital,MN,10001,7,19,111,NYC_COVID_REAL
2021-07-24,Queens Medical Center,QN,11101,11,36,141,NYC_COVID_REAL
2021-07-24,Staten Island Hospital,SI,10301,5,31,54,NYC_COVID_REAL
2021-07-25,Bronx Medical Center,BX,10451,8,37,68,NYC_COVID_REAL
2021-07-25,Brooklyn Health Center,BK,11201,10,30,214,NYC_COVID_REAL
2021-07-25,Manhattan Hospital,MN,10001,7,24,118,NYC_COVID_REAL
2021-07-25,Queens Medical Center,QN,11101,12,40,168,NYC_COVID_REAL
2021-07-25,Staten Island Hospital,SI,10301,4,18,67,NYC_COVID_REAL
2021-07-26,Bronx Medical Center,BX,10451,8,34,155,NYC_COVID_REAL
2021-07-26,Brooklyn Health Center,BK,11201,21,37,420,NYC_COVID_REAL
2021-07-26,Manhattan Hospital,MN,10001,12,25,261,NYC_COVID_REAL
2021-07-26,Queens Medical Center,QN,11101,18,34,273,NYC_COVID_REAL
2021-07-26,Staten Island Hospital,SI,10301,4,22,113,NYC_COVID_REAL
2021-07-27,Bronx Medical Center,BX,10451,16,30,141,NYC_COVID_REAL
2021-07-27,Brooklyn Health Center,BK,11201,23,51,406,NYC_COVID_REAL
2021-07-27,Manhattan Hospital,MN,10001,7,23,253,NYC_COVID_REAL
2021-07-27,Queens Medical Center,QN,11101,18,46,296,NYC_COVID_REAL
2021-07-27,Staten Island Hospital,SI,10301,7,30,103,NYC_COVID_REAL
2021-07-28,Bronx Medical Center,BX,10451,13,32,188,NYC_COVID_REAL
2021-07-28,Brooklyn Health Center,BK,11201,15,42,385,NYC_COVID_REAL
2021-07-28,Manhattan Hospital,MN,10001,14,38,275,NYC_COVID_REAL
2021-07-28,Queens Medical Center,QN,11101,32,57,286,NYC_COVID_REAL
2021-07-28,Staten Island Hospital,SI,10301,3,18,108,NYC_COVID_REAL
2021-07-29,Bronx Medical Center,BX,10451,10,34,173,NYC_COVID_REAL
2021-07-29,Brooklyn Health Center,BK,11201,21,36,444,NYC_COVID_REAL
2021-07-29,Manhattan Hospital,MN,10001,14,33,234,NYC_COVID_REAL
2021-07-29,Queens Medical Center,QN,11101,18,47,318,NYC_COVID_REAL
2021-07-29,Staten Island Hospital,SI,10301,13,24,119,NYC_COVID_REAL
2021-07-30,Bronx Medical Center,BX,10451,18,41,160,NYC_COVID_REAL
2021-07-30,Brooklyn Health Center,BK,11201,19,34,427,NYC_COVID_REAL
2021-07-30,Manhattan Hospital,MN,10001,11,31,251,NYC_COVID_REAL
2021-07-30,Queens Medical Center,QN,11101,27,45,318,NYC_COVID_REAL
2021-07-30,Staten Island Hospital,SI,10301,3,20,123,NYC_COVID_REAL
2021-07-31,Bronx Medical Center,BX,10451,8,35,126,NYC_COVID_REAL
2021-07-31,Brooklyn Health Center,BK,11201,29,56,263,NYC_COVID_REAL
2021-07-31,Manhattan Hospital,MN,10001,7,17,152,NYC_COVID_REAL
2021-07-31,Queens Medical Center,QN,11101,20,40,214,NYC_COVID_REAL
2021-07-31,Staten Island Hospital,SI,10301,7,21,94,NYC_COVID_REAL
2021-08-01,Bronx Medical Center,BX,10451,10,28,92,NYC_COVID_REAL
2021-08-01,Brooklyn Health Center,BK,11201,17,28,294,NYC_COVID_REAL
2021-08-01,Manhattan Hospital,MN,10001,5,32,151,NYC_COVID_REAL
2021-08-01,Queens Medical Center,QN,11101,14,26,220,NYC_COVID_REAL
2021-08-01,Staten Island Hospital,SI,10301,3,16,73,NYC_COVID_REAL
2021-08-02,Bronx Medical Center,BX,10451,8,21,237,NYC_COVID_REAL
2021-08-02,Brooklyn Health Center,BK,11201,25,47,518,NYC_COVID_REAL
2021-08-02,Manhattan Hospital,MN,10001,9,37,303,NYC_COVID_REAL
2021-08-02,Queens Medical Center,QN,11101,26,38,388,NYC_COVID_REAL
2021-08-02,Staten Island Hospital,SI,10301,6,32,122,NYC_COVID_REAL
2021-08-03,Bronx Medical Center,BX,10451,18,30,232,NYC_COVID_REAL
2021-08-03,Brooklyn Health Center,BK,11201,28,50,489,NYC_COVID_REAL
2021-08-03,Manhattan Hospital,MN,10001,10,23,344,NYC_COVID_REAL
2021-08-03,Queens Medical Center,QN,11101,31,53,364,NYC_COVID_REAL
2021-08-03,Staten Island Hospital,SI,10301,13,30,153,NYC_COVID_REAL
2021-08-04,Bronx Medical Center,BX,10451,12,32,214,NYC_COVID_REAL
2021-08-04,Brooklyn Health Center,BK,11201,36,51,521,NYC_COVID_REAL
2021-08-04,Manhattan Hospital,MN,10001,9,35,329,NYC_COVID_REAL
2021-08-04,Queens Medical Center,QN,11101,18,39,382,NYC_COVID_REAL
2021-08-04,Staten Island Hospital,SI,10301,13,35,165,NYC_COVID_REAL
2021-08-05,Bronx Medical Center,BX,10451,20,37,208,NYC_COVID_REAL
2021-08-05,Brooklyn Health Center,BK,11201,23,34,516,NYC_COVID_REAL
2021-08-05,Manhattan Hospital,MN,10001,19,32,322,NYC_COVID_REAL
2021-08-05,Queens Medical Center,QN,11101,24,47,365,NYC_COVID_REAL
2021-08-05,Staten Island Hospital,SI,10301,3,23,114,NYC_COVID_REAL
2021-08-06,Bronx Medical Center,BX,10451,18,43,210,NYC_COVID_REAL
2021-08-06,Brooklyn Health Center,BK,11201,40,63,520,NYC_COVID_REAL
2021-08-06,Manhattan Hospital,MN,10001,16,26,286,NYC_COVID_REAL
2021-08-06,Queens Medical Center,QN,11101,28,46,418,NYC_COVID_REAL
2021-08-06,Staten Island Hospital,SI,10301,11,36,141,NYC_COVID_REAL
2021-08-07,Bronx Medical Center,BX,10451,17,27,179,NYC_COVID_REAL
2021-08-07,Brooklyn Health Center,BK,11201,27,55,372,NYC_COVID_REAL
2021-08-07,Manhattan Hospital,MN,10001,12,38,179,NYC_COVID_REAL
2021-08-07,Queens Medical Center,QN,11101,21,34,293,NYC_COVID_REAL
2021-08-07,Staten Island Hospital,SI,10301,8,35,125,NYC_COVID_REAL
2021-08-08,Bronx Medical Center,BX,10451,19,33,156,NYC_COVID_REAL
2021-08-08,Brooklyn Health Center,BK,11201,25,49,321,NYC_COVID_REAL
2021-08-08,Manhattan Hospital,MN,10001,16,37,162,NYC_COVID_REAL
2021-08-08,Queens Medical Center,QN,11101,29,55,301,NYC_COVID_REAL
2021-08-08,Staten Island Hospital,SI,10301,10,26,131,NYC_COVID_REAL
2021-08-09,Bronx Medical Center,BX,10451,29,45,290,NYC_COVID_REAL
2021-08-09,Brooklyn Health Center,BK,11201,45,67,626,NYC_COVID_REAL
2021-08-09,Manhattan Hospital,MN,10001,15,31,308,NYC_COVID_REAL
2021-08-09,Queens Medical Center,QN,11101,41,55,494,NYC_COVID_REAL
2021-08-09,Staten Island Hospital,SI,10301,1,26,173,NYC_COVID_REAL
2021-08-10,Bronx Medical Center,BX,10451,37,57,265,NYC_COVID_REAL
2021-08-10,Brooklyn Health Center,BK,11201,33,47,537,NYC_COVID_REAL
2021-08-10,Manhattan Hospital,MN,10001,16,34,306,NYC_COVID_REAL
2021-08-10,Queens Medical Center,QN,11101,29,39,407,NYC_COVID_REAL
2021-08-10,Staten Island Hospital,SI,10301,6,21,152,NYC_COVID_REAL
2021-08-11,Bronx Medical Center,BX,10451,28,46,262,NYC_COVID_REAL
2021-08-11,Brooklyn Health Center,BK,11201,40,65,545,NYC_COVID_REAL
2021-08-11,Manhattan Hospital,MN,10001,12,29,354,NYC_COVID_REAL
2021-08-11,Queens Medical Center,QN,11101,37,52,438,NYC_COVID_REAL
2021-08-11,Staten Island Hospital,SI,10301,18,45,151,NYC_COVID_REAL
2021-08-12,Bronx Medical Center,BX,10451,21,37,232,NYC_COVID_REAL
2021-08-12,Brooklyn Health Center,BK,11201,36,49,577,NYC_COVID_REAL
2021-08-12,Manhattan Hospital,MN,10001,18,44,324,NYC_COVID_REAL
2021-08-12,Queens Medical Center,QN,11101,32,59,451,NYC_COVID_REAL
2021-08-12,Staten Island Hospital,SI,10301,15,31,172,NYC_COVID_REAL
2021-08-13,Bronx Medical Center,BX,10451,30,44,266,NYC_COVID_REAL
2021-08-13,Brooklyn Health Center,BK,11201,48,76,499,NYC_COVID_REAL
2021-08-13,Manhattan Hospital,MN,10001,15,39,294,NYC_COVID_REAL
2021-08-13,Queens Medical Center,QN,11101,40,56,394,NYC_COVID_REAL
2021-08-13,Staten Island Hospital,SI,10301,7,36,144,NYC_COVID_REAL
2021-08-14,Bronx Medical Center,BX,10451,18,41,146,NYC_COVID_REAL
2021-08-14,Brooklyn Health Center,BK,11201,29,45,348,NYC_COVID_REAL
2021-08-14,Manhattan Hospital,MN,10001,11,21,206,NYC_COVID_REAL
2021-08-14,Queens Medical Center,QN,11101,20,45,253,NYC_COVID_REAL
2021-08-14,Staten Island Hospital,SI,10301,16,43,96,NYC_COVID_REAL
2021-08-15,Bronx Medical Center,BX,10451,15,40,141,NYC_COVID_REAL
2021-08-15,Brooklyn Health Center,BK,11201,40,50,419,NYC_COVID_REAL
2021-08-15,Manhattan Hospital,MN,10001,24,48,198,NYC_COVID_REAL
2021-08-15,Queens Medical Center,QN,11101,25,38,304,NYC_COVID_REAL
2021-08-15,Staten Island Hospital,SI,10301,8,34,81,NYC_COVID_REAL
2021-08-16,Bronx Medical Center,BX,10451,27,50,329,NYC_COVID_REAL
2021-08-16,Brooklyn Health Center,BK,11201,43,63,627,NYC_COVID_REAL
2021-08-16,Manhattan Hospital,MN,10001,15,32,352,NYC_COVID_REAL
2021-08-16,Queens Medical Center,QN,11101,41,51,478,NYC_COVID_REAL
2021-08-16,Staten Island Hospital,SI,10301,7,26,143,NYC_COVID_REAL
2021-08-17,Bronx Medical Center,BX,10451,31,43,296,NYC_COVID_REAL
2021-08-17,Brooklyn Health Center,BK,11201,40,55,594,NYC_COVID_REAL
2021-08-17,Manhattan Hospital,MN,10001,17,35,300,NYC_COVID_REAL
2021-08-17,Queens Medical Center,QN,11101,35,54,417,NYC_COVID_REAL
2021-08-17,Staten Island Hospital,SI,10301,13,31,133,NYC_COVID_REAL
2021-08-18,Bronx Medical Center,BX,10451,24,48,273,NYC_COVID_REAL
2021-08-18,Brooklyn Health Center,BK,11201,32,48,555,NYC_COVID_REAL
2021-08-18,Manhattan Hospital,MN,10001,16,42,362,NYC_COVID_REAL
2021-08-18,Queens Medical Center,QN,11101,24,34,460,NYC_COVID_REAL
2021-08-18,Staten Island Hospital,SI,10301,12,38,163,NYC_COVID_REAL
2021-08-19,Bronx Medical Center,BX,10451,19,31,264,NYC_COVID_REAL
2021-08-19,Brooklyn Health Center,BK,11201,30,43,543,NYC_COVID_REAL
2021-08-19,Manhattan Hospital,MN,10001,13,32,324,NYC_COVID_REAL
2021-08-19,Queens Medical Center,QN,11101,25,44,419,NYC_COVID_REAL
2021-08-19,Staten Island Hospital,SI,10301,10,39,136,NYC_COVID_REAL
2021-08-20,Bronx Medical Center,BX,10451,34,44,284,NYC_COVID_REAL
2021-08-20,Brooklyn Health Center,BK,11201,34,46,505,NYC_COVID_REAL
2021-08-20,Manhattan Hospital,MN,10001,18,43,296,NYC_COVID_REAL
2021-08-20,Queens Medical Center,QN,11101,25,35,347,NYC_COVID_REAL
2021-08-20,Staten Island Hospital,SI,10301,11,27,125,NYC_COVID_REAL
2021-08-21,Bronx Medical Center,BX,10451,26,43,180,NYC_COVID_REAL
2021-08-21,Brooklyn Health Center,BK,11201,34,60,337,NYC_COVID_REAL
2021-08-21,Manhattan Hospital,MN,10001,17,36,183,NYC_COVID_REAL
2021-08-21,Queens Medical Center,QN,11101,32,52,272,NYC_COVID_REAL
2021-08-21,Staten Island Hospital,SI,10301,4,32,118,NYC_COVID_REAL
2021-08-22,Bronx Medical Center,BX,10451,23,45,104,NYC_COVID_REAL
2021-08-22,Brooklyn Health Center,BK,11201,32,61,276,NYC_COVID_REAL
2021-08-22,Manhattan Hospital,MN,10001,16,43,98,NYC_COVID_REAL
2021-08-22,Queens Medical Center,QN,11101,28,43,156,NYC_COVID_REAL
2021-08-22,Staten Island Hospital,SI,10301,6,18,84,NYC_COVID_REAL
2021-08-23,Bronx Medical Center,BX,10451,34,46,288,NYC_COVID_REAL
2021-08-23,Brooklyn Health Center,BK,11201,31,45,642,NYC_COVID_REAL
2021-08-23,Manhattan Hospital,MN,10001,19,32,368,NYC_COVID_REAL
2021-08-23,Queens Medical Center,QN,11101,28,44,492,NYC_COVID_REAL
2021-08-23,Staten Island Hospital,SI,10301,7,24,161,NYC_COVID_REAL
2021-08-24,Bronx Medical Center,BX,10451,18,39,300,NYC_COVID_REAL
2021-08-24,Brooklyn Health Center,BK,11201,39,49,613,NYC_COVID_REAL
2021-08-24,Manhattan Hospital,MN,10001,15,29,349,NYC_COVID_REAL
2021-08-24,Queens Medical Center,QN,11101,32,53,405,NYC_COVID_REAL
2021-08-24,Staten Island Hospital,SI,10301,5,25,168,NYC_COVID_REAL
2021-08-25,Bronx Medical Center,BX,10451,25,40,286,NYC_COVID_REAL
2021-08-25,Brooklyn Health Center,BK,11201,32,49,568,NYC_COVID_REAL
2021-08-25,Manhattan Hospital,MN,10001,18,47,371,NYC_COVID_REAL
2021-08-25,Queens Medical Center,QN,11101,30,59,385,NYC_COVID_REAL
2021-08-25,Staten Island Hospital,SI,10301,4,23,170,NYC_COVID_REAL
2021-08-26,Bronx Medical Center,BX,10451,24,43,252,NYC_COVID_REAL
2021-08-26,Brooklyn Health Center,BK,11201,33,61,525,NYC_COVID_REAL
2021-08-26,Manhattan Hospital,MN,10001,11,32,325,NYC_COVID_REAL
2021-08-26,Queens Medical Center,QN,11101,31,60,388,NYC_COVID_REAL
2021-08-26,Staten Island Hospital,SI,10301,8,22,150,NYC_COVID_REAL
2021-08-27,Bronx Medical Center,BX,10451,26,53,242,NYC_COVID_REAL
2021-08-27,Brooklyn Health Center,BK,11201,36,63,462,NYC_COVID_REAL
2021-08-27,Manhattan Hospital,MN,10001,13,37,266,NYC_COVID_REAL
2021-08-27,Queens Medical Center,QN,11101,25,48,345,NYC_COVID_REAL
2021-08-27,Staten Island Hospital,SI,10301,9,21,133,NYC_COVID_REAL
2021-08-28,Bronx Medical Center,BX,10451,12,35,173,NYC_COVID_REAL
2021-08-28,Brooklyn Health Center,BK,11201,26,55,296,NYC_COVID_REAL
2021-08-28,Manhattan Hospital,MN,10001,14,27,154,NYC_COVID_REAL
2021-08-28,Queens Medical Center,QN,11101,30,45,252,NYC_COVID_REAL
2021-08-28,Staten Island Hospital,SI,10301,3,20,112,NYC_COVID_REAL
2021-08-29,Bronx Medical Center,BX,10451,26,41,138,NYC_COVID_REAL
2021-08-29,Brooklyn Health Center,BK,11201,28,56,341,NYC_COVID_REAL
2021-08-29,Manhattan Hospital,MN,10001,11,38,162,NYC_COVID_REAL
2021-08-29,Queens Medical Center,QN,11101,22,39,257,NYC_COVID_REAL
2021-08-29,Staten Island Hospital,SI,10301,8,29,91,NYC_COVID_REAL
2021-08-30,Bronx Medical Center,BX,10451,30,42,304,NYC_COVID_REAL
2021-08-30,Brooklyn Health Center,BK,11201,37,55,582,NYC_COVID_REAL
2021-08-30,Manhattan Hospital,MN,10001,13,40,373,NYC_COVID_REAL
2021-08-30,Queens Medical Center,QN,11101,32,55,392,NYC_COVID_REAL
2021-08-30,Staten Island Hospital,SI,10301,8,34,182,NYC_COVID_REAL
2021-08-31,Bronx Medical Center,BX,10451,29,51,260,NYC_COVID_REAL
2021-08-31,Brooklyn Health Center,BK,11201,35,50,530,NYC_COVID_REAL
2021-08-31,Manhattan Hospital,MN,10001,25,41,304,NYC_COVID_REAL
2021-08-31,Queens Medical Center,QN,11101,24,50,326,NYC_COVID_REAL
2021-08-31,Staten Island Hospital,SI,10301,12,31,202,NYC_COVID_REAL
2021-09-01,Bronx Medical Center,BX,10451,27,40,222,NYC_COVID_REAL
2021-09-01,Brooklyn Health Center,BK,11201,32,52,487,NYC_COVID_REAL
2021-09-01,Manhattan Hospital,MN,10001,21,41,349,NYC_COVID_REAL
2021-09-01,Queens Medical Center,QN,11101,37,54,359,NYC_COVID_REAL
2021-09-01,Staten Island Hospital,SI,10301,8,31,139,NYC_COVID_REAL
2021-09-02,Bronx Medical Center,BX,10451,31,58,211,NYC_COVID_REAL
2021-09-02,Brooklyn Health Center,BK,11201,22,33,477,NYC_COVID_REAL
2021-09-02,Manhattan Hospital,MN,10001,6,18,263,NYC_COVID_REAL
2021-09-02,Queens Medical Center,QN,11101,24,46,304,NYC_COVID_REAL
2021-09-02,Staten Island Hospital,SI,10301,11,40,174,NYC_COVID_REAL
2021-09-03,Bronx Medical Center,BX,10451,17,29,216,NYC_COVID_REAL
2021-09-03,Brooklyn Health Center,BK,11201,26,45,428,NYC_COVID_REAL
2021-09-03,Manhattan Hospital,MN,10001,11,28,248,NYC_COVID_REAL
2021-09-03,Queens Medical Center,QN,11101,22,38,331,NYC_COVID_REAL
2021-09-03,Staten Island Hospital,SI,10301,4,26,197,NYC_COVID_REAL
2021-09-04,Bronx Medical Center,BX,10451,22,38,126,NYC_COVID_REAL
2021-09-04,Brooklyn Health Center,BK,11201,36,65,255,NYC_COVID_REAL
2021-09-04,Manhattan Hospital,MN,10001,13,40,154,NYC_COVID_REAL
2021-09-04,Queens Medical Center,QN,11101,32,47,260,NYC_COVID_REAL
2021-09-04,Staten Island Hospital,SI,10301,6,17,110,NYC_COVID_REAL
2021-09-05,Bronx Medical Center,BX,10451,16,44,138,NYC_COVID_REAL
2021-09-05,Brooklyn Health Center,BK,11201,24,36,334,NYC_COVID_REAL
2021-09-05,Manhattan Hospital,MN,10001,10,32,158,NYC_COVID_REAL
2021-09-05,Queens Medical Center,QN,11101,16,37,214,NYC_COVID_REAL
2021-09-05,Staten Island Hospital,SI,10301,7,25,110,NYC_COVID_REAL
2021-09-06,Bronx Medical Center,BX,10451,17,27,163,NYC_COVID_REAL
2021-09-06,Brooklyn Health Center,BK,11201,21,35,274,NYC_COVID_REAL
2021-09-06,Manhattan Hospital,MN,10001,10,38,181,NYC_COVID_REAL
2021-09-06,Queens Medical Center,QN,11101,21,35,226,NYC_COVID_REAL
2021-09-06,Staten Island Hospital,SI,10301,6,27,98,NYC_COVID_REAL
2021-09-07,Bronx Medical Center,BX,10451,18,35,285,NYC_COVID_REAL
2021-09-07,Brooklyn Health Center,BK,11201,33,54,433,NYC_COVID_REAL
2021-09-07,Manhattan Hospital,MN,10001,25,50,307,NYC_COVID_REAL
2021-09-07,Queens Medical Center,QN,11101,27,40,372,NYC_COVID_REAL
2021-09-07,Staten Island Hospital,SI,10301,7,36,171,NYC_COVID_REAL
2021-09-08,Bronx Medical Center,BX,10451,22,48,234,NYC_COVID_REAL
2021-09-08,Brooklyn Health Center,BK,11201,29,58,465,NYC_COVID_REAL
2021-09-08,Manhattan Hospital,MN,10001,20,44,371,NYC_COVID_REAL
2021-09-08,Queens Medical Center,QN,11101,25,45,390,NYC_COVID_REAL
2021-09-08,Staten Island Hospital,SI,10301,3,17,131,NYC_COVID_REAL
2021-09-09,Bronx Medical Center,BX,10451,38,51,241,NYC_COVID_REAL
2021-09-09,Brooklyn Health Center,BK,11201,27,44,630,NYC_COVID_REAL
2021-09-09,Manhattan Hospital,MN,10001,11,27,313,NYC_COVID_REAL
2021-09-09,Queens Medical Center,QN,11101,19,38,400,NYC_COVID_REAL
2021-09-09,Staten Island Hospital,SI,10301,8,19,129,NYC_COVID_REAL
2021-09-10,Bronx Medical Center,BX,10451,26,41,232,NYC_COVID_REAL
2021-09-10,Brooklyn Health Center,BK,11201,29,50,504,NYC_COVID_REAL
2021-09-10,Manhattan Hospital,MN,10001,11,34,302,NYC_COVID_REAL
2021-09-10,Queens Medical Center,QN,11101,27,52,378,NYC_COVID_REAL
2021-09-10,Staten Island Hospital,SI,10301,6,22,131,NYC_COVID_REAL
2021-09-11,Bronx Medical Center,BX,10451,13,23,139,NYC_COVID_REAL
2021-09-11,Brooklyn Health Center,BK,11201,29,52,335,NYC_COVID_REAL
2021-09-11,Manhattan Hospital,MN,10001,12,23,171,NYC_COVID_REAL
2021-09-11,Queens Medical Center,QN,11101,22,40,287,NYC_COVID_REAL
2021-09-11,Staten Island Hospital,SI,10301,8,26,104,NYC_COVID_REAL
2021-09-12,Bronx Medical Center,BX,10451,13,37,127,NYC_COVID_REAL
2021-09-12,Brooklyn Health Center,BK,11201,30,43,504,NYC_COVID_REAL
2021-09-12,Manhattan Hospital,MN,10001,14,27,222,NYC_COVID_REAL
2021-09-12,Queens Medical Center,QN,11101,26,51,257,NYC_COVID_REAL
2021-09-12,Staten Island Hospital,SI,10301,6,17,102,NYC_COVID_REAL
2021-09-13,Bronx Medical Center,BX,10451,15,26,223,NYC_COVID_REAL
2021-09-13,Brooklyn Health Center,BK,11201,35,51,633,NYC_COVID_REAL
2021-09-13,Manhattan Hospital,MN,10001,24,46,369,NYC_COVID_REAL
2021-09-13,Queens Medical Center,QN,11101,21,42,391,NYC_COVID_REAL
2021-09-13,Staten Island Hospital,SI,10301,9,24,122,NYC_COVID_REAL
2021-09-14,Bronx Medical Center,BX,10451,12,30,201,NYC_COVID_REAL
2021-09-14,Brooklyn Health Center,BK,11201,30,45,608,NYC_COVID_REAL
2021-09-14,Manhattan Hospital,MN,10001,20,46,311,NYC_COVID_REAL
2021-09-14,Queens Medical Center,QN,11101,16,45,372,NYC_COVID_REAL
2021-09-14,Staten Island Hospital,SI,10301,5,23,147,NYC_COVID_REAL
2021-09-15,Bronx Medical Center,BX,10451,13,36,234,NYC_COVID_REAL
2021-09-15,Brooklyn Health Center,BK,11201,35,50,549,NYC_COVID_REAL
2021-09-15,Manhattan Hospital,MN,10001,7,18,320,NYC_COVID_REAL
2021-09-15,Queens Medical Center,QN,11101,29,49,351,NYC_COVID_REAL
2021-09-15,Staten Island Hospital,SI,10301,11,27,153,NYC_COVID_REAL
2021-09-16,Bronx Medical Center,BX,10451,21,40,193,NYC_COVID_REAL
2021-09-16,Brooklyn Health Center,BK,11201,20,33,451,NYC_COVID_REAL
2021-09-16,Manhattan Hospital,MN,10001,11,24,284,NYC_COVID_REAL
2021-09-16,Queens Medical Center,QN,11101,26,48,322,NYC_COVID_REAL
2021-09-16,Staten Island Hospital,SI,10301,7,23,135,NYC_COVID_REAL
2021-09-17,Bronx Medical Center,BX,10451,12,37,174,NYC_COVID_REAL
2021-09-17,Brooklyn Health Center,BK,11201,28,52,559,NYC_COVID_REAL
2021-09-17,Manhattan Hospital,MN,10001,19,33,322,NYC_COVID_REAL
2021-09-17,Queens Medical Center,QN,11101,26,37,365,NYC_COVID_REAL
2021-09-17,Staten Island Hospital,SI,10301,5,33,104,NYC_COVID_REAL
2021-09-18,Bronx Medical Center,BX,10451,16,33,107,NYC_COVID_REAL
2021-09-18,Brooklyn Health Center,BK,11201,29,51,357,NYC_COVID_REAL
2021-09-18,Manhattan Hospital,MN,10001,15,39,138,NYC_COVID_REAL
2021-09-18,Queens Medical Center,QN,11101,22,41,264,NYC_COVID_REAL
2021-09-18,Staten Island Hospital,SI,10301,3,15,89,NYC_COVID_REAL
2021-09-19,Bronx Medical Center,BX,10451,8,20,140,NYC_COVID_REAL
2021-09-19,Brooklyn Health Center,BK,11201,25,48,464,NYC_COVID_REAL
2021-09-19,Manhattan Hospital,MN,10001,13,32,162,NYC_COVID_REAL
2021-09-19,Queens Medical Center,QN,11101,14,37,213,NYC_COVID_REAL
2021-09-19,Staten Island Hospital,SI,10301,9,38,79,NYC_COVID_REAL
2021-09-20,Bronx Medical Center,BX,10451,25,43,243,NYC_COVID_REAL
2021-09-20,Brooklyn Health Center,BK,11201,28,40,543,NYC_COVID_REAL
2021-09-20,Manhattan Hospital,MN,10001,19,30,295,NYC_COVID_REAL
2021-09-20,Queens Medical Center,QN,11101,18,37,403,NYC_COVID_REAL
2021-09-20,Staten Island Hospital,SI,10301,8,32,150,NYC_COVID_REAL
2021-09-21,Bronx Medical Center,BX,10451,18,28,201,NYC_COVID_REAL
2021-09-21,Brooklyn Health Center,BK,11201,25,48,397,NYC_COVID_REAL
2021-09-21,Manhattan Hospital,MN,10001,14,35,284,NYC_COVID_REAL
2021-09-21,Queens Medical Center,QN,11101,22,34,324,NYC_COVID_REAL
2021-09-21,Staten Island Hospital,SI,10301,5,31,95,NYC_COVID_REAL
2021-09-22,Bronx Medical Center,BX,10451,19,34,205,NYC_COVID_REAL
2021-09-22,Brooklyn Health Center,BK,11201,35,50,509,NYC_COVID_REAL
2021-09-22,Manhattan Hospital,MN,10001,14,41,280,NYC_COVID_REAL
2021-09-22,Queens Medical Center,QN,11101,24,38,307,NYC_COVID_REAL
2021-09-22,Staten Island Hospital,SI,10301,5,27,111,NYC_COVID_REAL
2021-09-23,Bronx Medical Center,BX,10451,16,41,139,NYC_COVID_REAL
2021-09-23,Brooklyn Health Center,BK,11201,42,68,511,NYC_COVID_REAL
2021-09-23,Manhattan Hospital,MN,10001,11,28,223,NYC_COVID_REAL
2021-09-23,Queens Medical Center,QN,11101,20,38,324,NYC_COVID_REAL
2021-09-23,Staten Island Hospital,SI,10301,9,29,90,NYC_COVID_REAL
2021-09-24,Bronx Medical Center,BX,10451,9,32,156,NYC_COVID_REAL
2021-09-24,Brooklyn Health Center,BK,11201,35,55,452,NYC_COVID_REAL
2021-09-24,Manhattan Hospital,MN,10001,11,22,238,NYC_COVID_REAL
2021-09-24,Queens Medical Center,QN,11101,24,40,295,NYC_COVID_REAL
2021-09-24,Staten Island Hospital,SI,10301,2,13,80,NYC_COVID_REAL
2021-09-25,Bronx Medical Center,BX,10451,15,31,100,NYC_COVID_REAL
2021-09-25,Brooklyn Health Center,BK,11201,25,36,309,NYC_COVID_REAL
2021-09-25,Manhattan Hospital,MN,10001,5,29,131,NYC_COVID_REAL
2021-09-25,Queens Medical Center,QN,11101,21,35,191,NYC_COVID_REAL
2021-09-25,Staten Island Hospital,SI,10301,4,20,82,NYC_COVID_REAL
2021-09-26,Bronx Medical Center,BX,10451,10,23,97,NYC_COVID_REAL
2021-09-26,Brooklyn Health Center,BK,11201,21,33,333,NYC_COVID_REAL
2021-09-26,Manhattan Hospital,MN,10001,7,35,139,NYC_COVID_REAL
2021-09-26,Queens Medical Center,QN,11101,13,25,201,NYC_COVID_REAL
2021-09-26,Staten Island Hospital,SI,10301,4,28,86,NYC_COVID_REAL
2021-09-27,Bronx Medical Center,BX,10451,15,43,185,NYC_COVID_REAL
2021-09-27,Brooklyn Health Center,BK,11201,29,52,517,NYC_COVID_REAL
2021-09-27,Manhattan Hospital,MN,10001,7,27,254,NYC_COVID_REAL
2021-09-27,Queens Medical Center,QN,11101,19,29,296,NYC_COVID_REAL
2021-09-27,Staten Island Hospital,SI,10301,4,23,110,NYC_COVID_REAL
2021-09-28,Bronx Medical Center,BX,10451,11,34,158,NYC_COVID_REAL
2021-09-28,Brooklyn Health Center,BK,11201,19,29,355,NYC_COVID_REAL
2021-09-28,Manhattan Hospital,MN,10001,10,23,211,NYC_COVID_REAL
2021-09-28,Queens Medical Center,QN,11101,21,47,296,NYC_COVID_REAL
2021-09-28,Staten Island Hospital,SI,10301,5,23,97,NYC_COVID_REAL
2021-09-29,Bronx Medical Center,BX,10451,15,30,149,NYC_COVID_REAL
2021-09-29,Brooklyn Health Center,BK,11201,24,37,369,NYC_COVID_REAL
2021-09-29,Manhattan Hospital,MN,10001,8,21,211,NYC_COVID_REAL
2021-09-29,Queens Medical Center,QN,11101,13,26,269,NYC_COVID_REAL
2021-09-29,Staten Island Hospital,SI,10301,4,19,96,NYC_COVID_REAL
2021-09-30,Bronx Medical Center,BX,10451,13,38,150,NYC_COVID_REAL
2021-09-30,Brooklyn Health Center,BK,11201,22,38,454,NYC_COVID_REAL
2021-09-30,Manhattan Hospital,MN,10001,7,19,200,NYC_COVID_REAL
2021-09-30,Queens Medical Center,QN,11101,17,33,239,NYC_COVID_REAL
2021-09-30,Staten Island Hospital,SI,10301,6,20,82,NYC_COVID_REAL
2021-10-01,Bronx Medical Center,BX,10451,17,36,134,NYC_COVID_REAL
2021-10-01,Brooklyn Health Center,BK,11201,28,44,407,NYC_COVID_REAL
2021-10-01,Manhattan Hospital,MN,10001,8,34,213,NYC_COVID_REAL
2021-10-01,Queens Medical Center,QN,11101,31,41,256,NYC_COVID_REAL
2021-10-01,Staten Island Hospital,SI,10301,2,27,76,NYC_COVID_REAL
2021-10-02,Bronx Medical Center,BX,10451,17,32,75,NYC_COVID_REAL
2021-10-02,Brooklyn Health Center,BK,11201,19,48,279,NYC_COVID_REAL
2021-10-02,Manhattan Hospital,MN,10001,5,20,121,NYC_COVID_REAL
2021-10-02,Queens Medical Center,QN,11101,20,49,155,NYC_COVID_REAL
2021-10-02,Staten Island Hospital,SI,10301,4,17,48,NYC_COVID_REAL
2021-10-03,Bronx Medical Center,BX,10451,11,32,67,NYC_COVID_REAL
2021-10-03,Brooklyn Health Center,BK,11201,28,48,458,NYC_COVID_REAL
2021-10-03,Manhattan Hospital,MN,10001,9,31,95,NYC_COVID_REAL
2021-10-03,Queens Medical Center,QN,11101,14,35,217,NYC_COVID_REAL
2021-10-03,Staten Island Hospital,SI,10301,2,15,69,NYC_COVID_REAL
2021-10-04,Bronx Medical Center,BX,10451,16,38,158,NYC_COVID_REAL
2021-10-04,Brooklyn Health Center,BK,11201,30,50,512,NYC_COVID_REAL
2021-10-04,Manhattan Hospital,MN,10001,9,35,221,NYC_COVID_REAL
2021-10-04,Queens Medical Center,QN,11101,19,34,293,NYC_COVID_REAL
2021-10-04,Staten Island Hospital,SI,10301,3,30,88,NYC_COVID_REAL
2021-10-05,Bronx Medical Center,BX,10451,10,30,167,NYC_COVID_REAL
2021-10-05,Brooklyn Health Center,BK,11201,29,43,507,NYC_COVID_REAL
2021-10-05,Manhattan Hospital,MN,10001,14,30,224,NYC_COVID_REAL
2021-10-05,Queens Medical Center,QN,11101,14,27,267,NYC_COVID_REAL
2021-10-05,Staten Island Hospital,SI,10301,4,16,105,NYC_COVID_REAL
2021-10-06,Bronx Medical Center,BX,10451,11,37,137,NYC_COVID_REAL
2021-10-06,Brooklyn Health Center,BK,11201,13,23,487,NYC_COVID_REAL
2021-10-06,Manhattan Hospital,MN,10001,10,31,219,NYC_COVID_REAL
2021-10-06,Queens Medical Center,QN,11101,22,41,229,NYC_COVID_REAL
2021-10-06,Staten Island Hospital,SI,10301,7,24,74,NYC_COVID_REAL
2021-10-07,Bronx Medical Center,BX,10451,15,36,121,NYC_COVID_REAL
2021-10-07,Brooklyn Health Center,BK,11201,13,42,407,NYC_COVID_REAL
2021-10-07,Manhattan Hospital,MN,10001,8,19,181,NYC_COVID_REAL
2021-10-07,Queens Medical Center,QN,11101,20,43,272,NYC_COVID_REAL
2021-10-07,Staten Island Hospital,SI,10301,6,23,98,NYC_COVID_REAL
2021-10-08,Bronx Medical Center,BX,10451,8,33,126,NYC_COVID_REAL
2021-10-08,Brooklyn Health Center,BK,11201,14,30,450,NYC_COVID_REAL
2021-10-08,Manhattan Hospital,MN,10001,11,34,167,NYC_COVID_REAL
2021-10-08,Queens Medical Center,QN,11101,11,33,190,NYC_COVID_REAL
2021-10-08,Staten Island Hospital,SI,10301,3,24,77,NYC_COVID_REAL
2021-10-09,Bronx Medical Center,BX,10451,14,28,67,NYC_COVID_REAL
2021-10-09,Brooklyn Health Center,BK,11201,26,53,250,NYC_COVID_REAL
2021-10-09,Manhattan Hospital,MN,10001,10,21,95,NYC_COVID_REAL
2021-10-09,Queens Medical Center,QN,11101,13,24,143,NYC_COVID_REAL
2021-10-09,Staten Island Hospital,SI,10301,4,29,55,NYC_COVID_REAL
2021-10-10,Bronx Medical Center,BX,10451,11,27,62,NYC_COVID_REAL
2021-10-10,Brooklyn Health Center,BK,11201,20,31,308,NYC_COVID_REAL
2021-10-10,Manhattan Hospital,MN,10001,7,35,94,NYC_COVID_REAL
2021-10-10,Queens Medical Center,QN,11101,7,29,150,NYC_COVID_REAL
2021-10-10,Staten Island Hospital,SI,10301,7,23,72,NYC_COVID_REAL
2021-10-11,Bronx Medical Center,BX,10451,9,37,108,NYC_COVID_REAL
2021-10-11,Brooklyn Health Center,BK,11201,16,35,363,NYC_COVID_REAL
2021-10-11,Manhattan Hospital,MN,10001,10,35,173,NYC_COVID_REAL
2021-10-11,Queens Medical Center,QN,11101,15,40,224,NYC_COVID_REAL
2021-10-11,Staten Island Hospital,SI,10301,5,33,67,NYC_COVID_REAL
2021-10-12,Bronx Medical Center,BX,10451,7,28,129,NYC_COVID_REAL
2021-10-12,Brooklyn Health Center,BK,11201,13,31,465,NYC_COVID_REAL
2021-10-12,Manhattan Hospital,MN,10001,9,27,201,NYC_COVID_REAL
2021-10-12,Queens Medical Center,QN,11101,18,45,239,NYC_COVID_REAL
2021-10-12,Staten Island Hospital,SI,10301,4,19,112,NYC_COVID_REAL
2021-10-13,Bronx Medical Center,BX,10451,14,31,122,NYC_COVID_REAL
2021-10-13,Brooklyn Health Center,BK,11201,26,55,409,NYC_COVID_REAL
2021-10-13,Manhattan Hospital,MN,10001,13,33,227,NYC_COVID_REAL
2021-10-13,Queens Medical Center,QN,11101,14,40,237,NYC_COVID_REAL
2021-10-13,Staten Island Hospital,SI,10301,8,20,114,NYC_COVID_REAL
2021-10-14,Bronx Medical Center,BX,10451,11,25,109,NYC_COVID_REAL
2021-10-14,Brooklyn Health Center,BK,11201,12,22,426,NYC_COVID_REAL
2021-10-14,Manhattan Hospital,MN,10001,8,25,174,NYC_COVID_REAL
2021-10-14,Queens Medical Center,QN,11101,17,31,203,NYC_COVID_REAL
2021-10-14,Staten Island Hospital,SI,10301,2,28,111,NYC_COVID_REAL
2021-10-15,Bronx Medical Center,BX,10451,11,24,110,NYC_COVID_REAL
2021-10-15,Brooklyn Health Center,BK,11201,12,41,322,NYC_COVID_REAL
2021-10-15,Manhattan Hospital,MN,10001,14,38,164,NYC_COVID_REAL
2021-10-15,Queens Medical Center,QN,11101,20,39,207,NYC_COVID_REAL
2021-10-15,Staten Island Hospital,SI,10301,4,30,81,NYC_COVID_REAL
2021-10-16,Bronx Medical Center,BX,10451,10,24,56,NYC_COVID_REAL
2021-10-16,Brooklyn Health Center,BK,11201,20,34,194,NYC_COVID_REAL
2021-10-16,Manhattan Hospital,MN,10001,5,15,55,NYC_COVID_REAL
2021-10-16,Queens Medical Center,QN,11101,16,26,136,NYC_COVID_REAL
2021-10-16,Staten Island Hospital,SI,10301,6,32,47,NYC_COVID_REAL
2021-10-17,Bronx Medical Center,BX,10451,2,22,49,NYC_COVID_REAL
2021-10-17,Brooklyn Health Center,BK,11201,27,38,260,NYC_COVID_REAL
2021-10-17,Manhattan Hospital,MN,10001,8,18,80,NYC_COVID_REAL
2021-10-17,Queens Medical Center,QN,11101,9,22,131,NYC_COVID_REAL
2021-10-17,Staten Island Hospital,SI,10301,2,25,66,NYC_COVID_REAL
2021-10-18,Bronx Medical Center,BX,10451,10,37,108,NYC_COVID_REAL
2021-10-18,Brooklyn Health Center,BK,11201,19,42,362,NYC_COVID_REAL
2021-10-18,Manhattan Hospital,MN,10001,2,17,142,NYC_COVID_REAL
2021-10-18,Queens Medical Center,QN,11101,18,36,179,NYC_COVID_REAL
2021-10-18,Staten Island Hospital,SI,10301,9,26,80,NYC_COVID_REAL
2021-10-19,Bronx Medical Center,BX,10451,11,38,93,NYC_COVID_REAL
2021-10-19,Brooklyn Health Center,BK,11201,17,36,313,NYC_COVID_REAL
2021-10-19,Manhattan Hospital,MN,10001,8,37,136,NYC_COVID_REAL
2021-10-19,Queens Medical Center,QN,11101,11,26,171,NYC_COVID_REAL
2021-10-19,Staten Island Hospital,SI,10301,3,26,83,NYC_COVID_REAL
2021-10-20,Bronx Medical Center,BX,10451,8,22,96,NYC_COVID_REAL
2021-10-20,Brooklyn Health Center,BK,11201,19,41,294,NYC_COVID_REAL
2021-10-20,Manhattan Hospital,MN,10001,8,37,157,NYC_COVID_REAL
2021-10-20,Queens Medical Center,QN,11101,9,28,175,NYC_COVID_REAL
2021-10-20,Staten Island Hospital,SI,10301,7,27,75,NYC_COVID_REAL
2021-10-21,Bronx Medical Center,BX,10451,6,28,85,NYC_COVID_REAL
2021-10-21,Brooklyn Health Center,BK,11201,18,39,341,NYC_COVID_REAL
2021-10-21,Manhattan Hospital,MN,10001,3,24,131,NYC_COVID_REAL
2021-10-21,Queens Medical Center,QN,11101,18,42,166,NYC_COVID_REAL
2021-10-21,Staten Island Hospital,SI,10301,6,20,87,NYC_COVID_REAL
2021-10-22,Bronx Medical Center,BX,10451,12,27,86,NYC_COVID_REAL
2021-10-22,Brooklyn Health Center,BK,11201,16,37,260,NYC_COVID_REAL
2021-10-22,Manhattan Hospital,MN,10001,5,33,131,NYC_COVID_REAL
2021-10-22,Queens Medical Center,QN,11101,10,29,139,NYC_COVID_REAL
2021-10-22,Staten Island Hospital,SI,10301,3,17,76,NYC_COVID_REAL
2021-10-23,Bronx Medical Center,BX,10451,7,22,55,NYC_COVID_REAL
2021-10-23,Brooklyn Health Center,BK,11201,14,40,162,NYC_COVID_REAL
2021-10-23,Manhattan Hospital,MN,10001,6,27,94,NYC_COVID_REAL
2021-10-23,Queens Medical Center,QN,11101,10,37,79,NYC_COVID_REAL
2021-10-23,Staten Island Hospital,SI,10301,6,33,61,NYC_COVID_REAL
2021-10-24,Bronx Medical Center,BX,10451,8,19,37,NYC_COVID_REAL
2021-10-24,Brooklyn Health Center,BK,11201,16,45,198,NYC_COVID_REAL
2021-10-24,Manhattan Hospital,MN,10001,7,29,68,NYC_COVID_REAL
2021-10-24,Queens Medical Center,QN,11101,9,33,83,NYC_COVID_REAL
2021-10-24,Staten Island Hospital,SI,10301,4,27,57,NYC_COVID_REAL
2021-10-25,Bronx Medical Center,BX,10451,5,33,94,NYC_COVID_REAL
2021-10-25,Brooklyn Health Center,BK,11201,13,40,364,NYC_COVID_REAL
2021-10-25,Manhattan Hospital,MN,10001,4,18,169,NYC_COVID_REAL
2021-10-25,Queens Medical Center,QN,11101,11,22,187,NYC_COVID_REAL
2021-10-25,Staten Island Hospital,SI,10301,2,31,82,NYC_COVID_REAL
2021-10-26,Bronx Medical Center,BX,10451,6,29,63,NYC_COVID_REAL
2021-10-26,Brooklyn Health Center,BK,11201,19,44,237,NYC_COVID_REAL
2021-10-26,Manhattan Hospital,MN,10001,4,32,100,NYC_COVID_REAL
2021-10-26,Queens Medical Center,QN,11101,9,31,125,NYC_COVID_REAL
2021-10-26,Staten Island Hospital,SI,10301,5,32,69,NYC_COVID_REAL
2021-10-27,Bronx Medical Center,BX,10451,8,28,100,NYC_COVID_REAL
2021-10-27,Brooklyn Health Center,BK,11201,18,28,288,NYC_COVID_REAL
2021-10-27,Manhattan Hospital,MN,10001,7,29,146,NYC_COVID_REAL
2021-10-27,Queens Medical Center,QN,11101,14,24,154,NYC_COVID_REAL
2021-10-27,Staten Island Hospital,SI,10301,2,20,71,NYC_COVID_REAL
2021-10-28,Bronx Medical Center,BX,10451,8,36,82,NYC_COVID_REAL
2021-10-28,Brooklyn Health Center,BK,11201,11,26,311,NYC_COVID_REAL
2021-10-28,Manhattan Hospital,MN,10001,10,31,121,NYC_COVID_REAL
2021-10-28,Queens Medical Center,QN,11101,8,35,145,NYC_COVID_REAL
2021-10-28,Staten Island Hospital,SI,10301,1,22,77,NYC_COVID_REAL
2021-10-29,Bronx Medical Center,BX,10451,6,30,87,NYC_COVID_REAL
2021-10-29,Brooklyn Health Center,BK,11201,7,24,230,NYC_COVID_REAL
2021-10-29,Manhattan Hospital,MN,10001,7,22,123,NYC_COVID_REAL
2021-10-29,Queens Medical Center,QN,11101,8,31,145,NYC_COVID_REAL
2021-10-29,Staten Island Hospital,SI,10301,3,27,56,NYC_COVID_REAL
2021-10-30,Bronx Medical Center,BX,10451,6,25,41,NYC_COVID_REAL
2021-10-30,Brooklyn Health Center,BK,11201,12,33,158,NYC_COVID_REAL
2021-10-30,Manhattan Hospital,MN,10001,3,22,61,NYC_COVID_REAL
2021-10-30,Queens Medical Center,QN,11101,5,21,101,NYC_COVID_REAL
2021-10-30,Staten Island Hospital,SI,10301,4,15,39,NYC_COVID_REAL
2021-10-31,Bronx Medical Center,BX,10451,5,29,47,NYC_COVID_REAL
2021-10-31,Brooklyn Health Center,BK,11201,8,34,199,NYC_COVID_REAL
2021-10-31,Manhattan Hospital,MN,10001,8,19,59,NYC_COVID_REAL
2021-10-31,Queens Medical Center,QN,11101,8,36,109,NYC_COVID_REAL
2021-10-31,Staten Island Hospital,SI,10301,2,13,32,NYC_COVID_REAL
2021-11-01,Bronx Medical Center,BX,10451,7,21,74,NYC_COVID_REAL
2021-11-01,Brooklyn Health Center,BK,11201,12,33,314,NYC_COVID_REAL
2021-11-01,Manhattan Hospital,MN,10001,4,25,141,NYC_COVID_REAL
2021-11-01,Queens Medical Center,QN,11101,13,40,195,NYC_COVID_REAL
2021-11-01,Staten Island Hospital,SI,10301,4,26,56,NYC_COVID_REAL
2021-11-02,Bronx Medical Center,BX,10451,11,25,79,NYC_COVID_REAL
2021-11-02,Brooklyn Health Center,BK,11201,18,28,302,NYC_COVID_REAL
2021-11-02,Manhattan Hospital,MN,10001,4,21,173,NYC_COVID_REAL
2021-11-02,Queens Medical Center,QN,11101,10,27,191,NYC_COVID_REAL
2021-11-02,Staten Island Hospital,SI,10301,7,21,60,NYC_COVID_REAL
2021-11-03,Bronx Medical Center,BX,10451,12,31,75,NYC_COVID_REAL
2021-11-03,Brooklyn Health Center,BK,11201,23,38,299,NYC_COVID_REAL
2021-11-03,Manhattan Hospital,MN,10001,5,29,181,NYC_COVID_REAL
2021-11-03,Queens Medical Center,QN,11101,9,24,202,NYC_COVID_REAL
2021-11-03,Staten Island Hospital,SI,10301,4,18,66,NYC_COVID_REAL
2021-11-04,Bronx Medical Center,BX,10451,6,32,108,NYC_COVID_REAL
2021-11-04,Brooklyn Health Center,BK,11201,14,36,349,NYC_COVID_REAL
2021-11-04,Manhattan Hospital,MN,10001,2,27,208,NYC_COVID_REAL
2021-11-04,Queens Medical Center,QN,11101,14,42,187,NYC_COVID_REAL
2021-11-04,Staten Island Hospital,SI,10301,3,19,53,NYC_COVID_REAL
2021-11-05,Bronx Medical Center,BX,10451,9,31,90,NYC_COVID_REAL
2021-11-05,Brooklyn Health Center,BK,11201,13,29,290,NYC_COVID_REAL
2021-11-05,Manhattan Hospital,MN,10001,4,21,147,NYC_COVID_REAL
2021-11-05,Queens Medical Center,QN,11101,5,32,186,NYC_COVID_REAL
2021-11-05,Staten Island Hospital,SI,10301,4,15,54,NYC_COVID_REAL
2021-11-06,Bronx Medical Center,BX,10451,11,34,57,NYC_COVID_REAL
2021-11-06,Brooklyn Health Center,BK,11201,15,28,197,NYC_COVID_REAL
2021-11-06,Manhattan Hospital,MN,10001,4,25,74,NYC_COVID_REAL
2021-11-06,Queens Medical Center,QN,11101,8,19,136,NYC_COVID_REAL
2021-11-06,Staten Island Hospital,SI,10301,3,15,42,NYC_COVID_REAL
2021-11-07,Bronx Medical Center,BX,10451,4,18,46,NYC_COVID_REAL
2021-11-07,Brooklyn Health Center,BK,11201,15,26,206,NYC_COVID_REAL
2021-11-07,Manhattan Hospital,MN,10001,1,13,104,NYC_COVID_REAL
2021-11-07,Queens Medical Center,QN,11101,8,21,135,NYC_COVID_REAL
2021-11-07,Staten Island Hospital,SI,10301,5,33,52,NYC_COVID_REAL
2021-11-08,Bronx Medical Center,BX,10451,13,35,140,NYC_COVID_REAL
2021-11-08,Brooklyn Health Center,BK,11201,15,32,401,NYC_COVID_REAL
2021-11-08,Manhattan Hospital,MN,10001,2,15,230,NYC_COVID_REAL
2021-11-08,Queens Medical Center,QN,11101,8,30,270,NYC_COVID_REAL
2021-11-08,Staten Island Hospital,SI,10301,6,26,93,NYC_COVID_REAL
2021-11-09,Bronx Medical Center,BX,10451,4,28,100,NYC_COVID_REAL
2021-11-09,Brooklyn Health Center,BK,11201,9,29,358,NYC_COVID_REAL
2021-11-09,Manhattan Hospital,MN,10001,5,16,243,NYC_COVID_REAL
2021-11-09,Queens Medical Center,QN,11101,10,22,246,NYC_COVID_REAL
2021-11-09,Staten Island Hospital,SI,10301,5,21,90,NYC_COVID_REAL
2021-11-10,Bronx Medical Center,BX,10451,12,31,122,NYC_COVID_REAL
2021-11-10,Brooklyn Health Center,BK,11201,16,36,363,NYC_COVID_REAL
2021-11-10,Manhattan Hospital,MN,10001,4,26,235,NYC_COVID_REAL
2021-11-10,Queens Medical Center,QN,11101,12,37,256,NYC_COVID_REAL
2021-11-10,Staten Island Hospital,SI,10301,2,20,68,NYC_COVID_REAL
2021-11-11,Bronx Medical Center,BX,10451,9,20,90,NYC_COVID_REAL
2021-11-11,Brooklyn Health Center,BK,11201,22,49,345,NYC_COVID_REAL
2021-11-11,Manhattan Hospital,MN,10001,3,21,167,NYC_COVID_REAL
2021-11-11,Queens Medical Center,QN,11101,13,26,225,NYC_COVID_REAL
2021-11-11,Staten Island Hospital,SI,10301,3,30,46,NYC_COVID_REAL
2021-11-12,Bronx Medical Center,BX,10451,8,27,109,NYC_COVID_REAL
2021-11-12,Brooklyn Health Center,BK,11201,17,31,372,NYC_COVID_REAL
2021-11-12,Manhattan Hospital,MN,10001,6,22,201,NYC_COVID_REAL
2021-11-12,Queens Medical Center,QN,11101,12,23,256,NYC_COVID_REAL
2021-11-12,Staten Island Hospital,SI,10301,1,18,89,NYC_COVID_REAL
2021-11-13,Bronx Medical Center,BX,10451,5,24,65,NYC_COVID_REAL
2021-11-13,Brooklyn Health Center,BK,11201,19,46,240,NYC_COVID_REAL
2021-11-13,Manhattan Hospital,MN,10001,4,29,105,NYC_COVID_REAL
2021-11-13,Queens Medical Center,QN,11101,9,21,153,NYC_COVID_REAL
2021-11-13,Staten Island Hospital,SI,10301,6,31,50,NYC_COVID_REAL
2021-11-14,Bronx Medical Center,BX,10451,3,14,47,NYC_COVID_REAL
2021-11-14,Brooklyn Health Center,BK,11201,17,36,259,NYC_COVID_REAL
2021-11-14,Manhattan Hospital,MN,10001,4,22,142,NYC_COVID_REAL
2021-11-14,Queens Medical Center,QN,11101,12,41,170,NYC_COVID_REAL
2021-11-14,Staten Island Hospital,SI,10301,4,16,70,NYC_COVID_REAL
2021-11-15,Bronx Medical Center,BX,10451,8,33,136,NYC_COVID_REAL
2021-11-15,Brooklyn Health Center,BK,11201,9,27,427,NYC_COVID_REAL
2021-11-15,Manhattan Hospital,MN,10001,11,40,254,NYC_COVID_REAL
2021-11-15,Queens Medical Center,QN,11101,16,43,321,NYC_COVID_REAL
2021-11-15,Staten Island Hospital,SI,10301,4,20,126,NYC_COVID_REAL
2021-11-16,Bronx Medical Center,BX,10451,7,28,151,NYC_COVID_REAL
2021-11-16,Brooklyn Health Center,BK,11201,8,32,430,NYC_COVID_REAL
2021-11-16,Manhattan Hospital,MN,10001,9,37,286,NYC_COVID_REAL
2021-11-16,Queens Medical Center,QN,11101,12,34,303,NYC_COVID_REAL
2021-11-16,Staten Island Hospital,SI,10301,6,25,100,NYC_COVID_REAL
2021-11-17,Bronx Medical Center,BX,10451,12,41,163,NYC_COVID_REAL
2021-11-17,Brooklyn Health Center,BK,11201,17,28,432,NYC_COVID_REAL
2021-11-17,Manhattan Hospital,MN,10001,9,28,281,NYC_COVID_REAL
2021-11-17,Queens Medical Center,QN,11101,11,24,353,NYC_COVID_REAL
2021-11-17,Staten Island Hospital,SI,10301,4,22,100,NYC_COVID_REAL
2021-11-18,Bronx Medical Center,BX,10451,13,26,172,NYC_COVID_REAL
2021-11-18,Brooklyn Health Center,BK,11201,20,46,428,NYC_COVID_REAL
2021-11-18,Manhattan Hospital,MN,10001,2,20,297,NYC_COVID_REAL
2021-11-18,Queens Medical Center,QN,11101,16,40,318,NYC_COVID_REAL
2021-11-18,Staten Island Hospital,SI,10301,4,25,95,NYC_COVID_REAL
2021-11-19,Bronx Medical Center,BX,10451,4,30,114,NYC_COVID_REAL
2021-11-19,Brooklyn Health Center,BK,11201,18,38,353,NYC_COVID_REAL
2021-11-19,Manhattan Hospital,MN,10001,6,17,268,NYC_COVID_REAL
2021-11-19,Queens Medical Center,QN,11101,21,37,330,NYC_COVID_REAL
2021-11-19,Staten Island Hospital,SI,10301,4,33,119,NYC_COVID_REAL
2021-11-20,Bronx Medical Center,BX,10451,8,23,71,NYC_COVID_REAL
2021-11-20,Brooklyn Health Center,BK,11201,17,38,279,NYC_COVID_REAL
2021-11-20,Manhattan Hospital,MN,10001,6,22,143,NYC_COVID_REAL
2021-11-20,Queens Medical Center,QN,11101,13,37,253,NYC_COVID_REAL
2021-11-20,Staten Island Hospital,SI,10301,3,28,81,NYC_COVID_REAL
2021-11-21,Bronx Medical Center,BX,10451,4,31,74,NYC_COVID_REAL
2021-11-21,Brooklyn Health Center,BK,11201,14,38,294,NYC_COVID_REAL
2021-11-21,Manhattan Hospital,MN,10001,9,24,149,NYC_COVID_REAL
2021-11-21,Queens Medical Center,QN,11101,12,33,233,NYC_COVID_REAL
2021-11-21,Staten Island Hospital,SI,10301,3,29,91,NYC_COVID_REAL
2021-11-22,Bronx Medical Center,BX,10451,12,27,152,NYC_COVID_REAL
2021-11-22,Brooklyn Health Center,BK,11201,15,27,517,NYC_COVID_REAL
2021-11-22,Manhattan Hospital,MN,10001,6,24,297,NYC_COVID_REAL
2021-11-22,Queens Medical Center,QN,11101,18,28,414,NYC_COVID_REAL
2021-11-22,Staten Island Hospital,SI,10301,5,23,148,NYC_COVID_REAL
2021-11-23,Bronx Medical Center,BX,10451,10,38,144,NYC_COVID_REAL
2021-11-23,Brooklyn Health Center,BK,11201,21,48,482,NYC_COVID_REAL
2021-11-23,Manhattan Hospital,MN,10001,3,13,286,NYC_COVID_REAL
2021-11-23,Queens Medical Center,QN,11101,20,46,353,NYC_COVID_REAL
2021-11-23,Staten Island Hospital,SI,10301,11,36,114,NYC_COVID_REAL
2021-11-24,Bronx Medical Center,BX,10451,16,28,160,NYC_COVID_REAL
2021-11-24,Brooklyn Health Center,BK,11201,17,29,461,NYC_COVID_REAL
2021-11-24,Manhattan Hospital,MN,10001,10,39,255,NYC_COVID_REAL
2021-11-24,Queens Medical Center,QN,11101,16,38,386,NYC_COVID_REAL
2021-11-24,Staten Island Hospital,SI,10301,8,30,155,NYC_COVID_REAL
2021-11-25,Bronx Medical Center,BX,10451,11,39,35,NYC_COVID_REAL
2021-11-25,Brooklyn Health Center,BK,11201,26,44,189,NYC_COVID_REAL
2021-11-25,Manhattan Hospital,MN,10001,5,27,103,NYC_COVID_REAL
2021-11-25,Queens Medical Center,QN,11101,23,33,148,NYC_COVID_REAL
2021-11-25,Staten Island Hospital,SI,10301,3,16,56,NYC_COVID_REAL
2021-11-26,Bronx Medical Center,BX,10451,15,40,143,NYC_COVID_REAL
2021-11-26,Brooklyn Health Center,BK,11201,19,44,364,NYC_COVID_REAL
2021-11-26,Manhattan Hospital,MN,10001,10,21,198,NYC_COVID_REAL
2021-11-26,Queens Medical Center,QN,11101,22,37,352,NYC_COVID_REAL
2021-11-26,Staten Island Hospital,SI,10301,10,28,114,NYC_COVID_REAL
2021-11-27,Bronx Medical Center,BX,10451,6,31,100,NYC_COVID_REAL
2021-11-27,Brooklyn Health Center,BK,11201,21,49,302,NYC_COVID_REAL
2021-11-27,Manhattan Hospital,MN,10001,13,25,157,NYC_COVID_REAL
2021-11-27,Queens Medical Center,QN,11101,17,28,307,NYC_COVID_REAL
2021-11-27,Staten Island Hospital,SI,10301,5,17,105,NYC_COVID_REAL
2021-11-28,Bronx Medical Center,BX,10451,8,30,89,NYC_COVID_REAL
2021-11-28,Brooklyn Health Center,BK,11201,14,30,318,NYC_COVID_REAL
2021-11-28,Manhattan Hospital,MN,10001,6,20,191,NYC_COVID_REAL
2021-11-28,Queens Medical Center,QN,11101,23,45,333,NYC_COVID_REAL
2021-11-28,Staten Island Hospital,SI,10301,4,22,128,NYC_COVID_REAL
2021-11-29,Bronx Medical Center,BX,10451,13,23,286,NYC_COVID_REAL
2021-11-29,Brooklyn Health Center,BK,11201,30,50,661,NYC_COVID_REAL
2021-11-29,Manhattan Hospital,MN,10001,10,37,455,NYC_COVID_REAL
2021-11-29,Queens Medical Center,QN,11101,20,37,684,NYC_COVID_REAL
2021-11-29,Staten Island Hospital,SI,10301,8,26,238,NYC_COVID_REAL
2021-11-30,Bronx Medical Center,BX,10451,19,31,278,NYC_COVID_REAL
2021-11-30,Brooklyn Health Center,BK,11201,20,32,577,NYC_COVID_REAL
2021-11-30,Manhattan Hospital,MN,10001,10,27,395,NYC_COVID_REAL
2021-11-30,Queens Medical Center,QN,11101,33,59,574,NYC_COVID_REAL
2021-11-30,Staten Island Hospital,SI,10301,6,33,180,NYC_COVID_REAL
2021-12-01,Bronx Medical Center,BX,10451,15,27,279,NYC_COVID_REAL
2021-12-01,Brooklyn Health Center,BK,11201,30,43,700,NYC_COVID_REAL
2021-12-01,Manhattan Hospital,MN,10001,17,34,395,NYC_COVID_REAL
2021-12-01,Queens Medical Center,QN,11101,25,36,584,NYC_COVID_REAL
2021-12-01,Staten Island Hospital,SI,10301,3,32,220,NYC_COVID_REAL
2021-12-02,Bronx Medical Center,BX,10451,15,42,307,NYC_COVID_REAL
2021-12-02,Brooklyn Health Center,BK,11201,31,52,628,NYC_COVID_REAL
2021-12-02,Manhattan Hospital,MN,10001,13,26,396,NYC_COVID_REAL
2021-12-02,Queens Medical Center,QN,11101,23,39,561,NYC_COVID_REAL
2021-12-02,Staten Island Hospital,SI,10301,7,20,214,NYC_COVID_REAL
2021-12-03,Bronx Medical Center,BX,10451,23,43,241,NYC_COVID_REAL
2021-12-03,Brooklyn Health Center,BK,11201,22,50,579,NYC_COVID_REAL
2021-12-03,Manhattan Hospital,MN,10001,17,31,319,NYC_COVID_REAL
2021-12-03,Queens Medical Center,QN,11101,34,46,554,NYC_COVID_REAL
2021-12-03,Staten Island Hospital,SI,10301,8,32,200,NYC_COVID_REAL
2021-12-04,Bronx Medical Center,BX,10451,17,39,172,NYC_COVID_REAL
2021-12-04,Brooklyn Health Center,BK,11201,29,41,382,NYC_COVID_REAL
2021-12-04,Manhattan Hospital,MN,10001,14,24,187,NYC_COVID_REAL
2021-12-04,Queens Medical Center,QN,11101,20,39,411,NYC_COVID_REAL
2021-12-04,Staten Island Hospital,SI,10301,4,16,169,NYC_COVID_REAL
2021-12-05,Bronx Medical Center,BX,10451,17,28,122,NYC_COVID_REAL
2021-12-05,Brooklyn Health Center,BK,11201,30,48,463,NYC_COVID_REAL
2021-12-05,Manhattan Hospital,MN,10001,16,27,238,NYC_COVID_REAL
2021-12-05,Queens Medical Center,QN,11101,31,53,419,NYC_COVID_REAL
2021-12-05,Staten Island Hospital,SI,10301,10,39,162,NYC_COVID_REAL
2021-12-06,Bronx Medical Center,BX,10451,22,51,365,NYC_COVID_REAL
2021-12-06,Brooklyn Health Center,BK,11201,58,78,849,NYC_COVID_REAL
2021-12-06,Manhattan Hospital,MN,10001,16,45,580,NYC_COVID_REAL
2021-12-06,Queens Medical Center,QN,11101,38,53,748,NYC_COVID_REAL
2021-12-06,Staten Island Hospital,SI,10301,6,29,253,NYC_COVID_REAL
2021-12-07,Bronx Medical Center,BX,10451,29,55,333,NYC_COVID_REAL
2021-12-07,Brooklyn Health Center,BK,11201,38,67,896,NYC_COVID_REAL
2021-12-07,Manhattan Hospital,MN,10001,17,30,676,NYC_COVID_REAL
2021-12-07,Queens Medical Center,QN,11101,42,61,745,NYC_COVID_REAL
2021-12-07,Staten Island Hospital,SI,10301,9,36,268,NYC_COVID_REAL
2021-12-08,Bronx Medical Center,BX,10451,25,45,339,NYC_COVID_REAL
2021-12-08,Brooklyn Health Center,BK,11201,47,61,982,NYC_COVID_REAL
2021-12-08,Manhattan Hospital,MN,10001,19,35,808,NYC_COVID_REAL
2021-12-08,Queens Medical Center,QN,11101,47,57,738,NYC_COVID_REAL
2021-12-08,Staten Island Hospital,SI,10301,5,15,263,NYC_COVID_REAL
2021-12-09,Bronx Medical Center,BX,10451,31,43,354,NYC_COVID_REAL
2021-12-09,Brooklyn Health Center,BK,11201,39,66,911,NYC_COVID_REAL
2021-12-09,Manhattan Hospital,MN,10001,17,45,734,NYC_COVID_REAL
2021-12-09,Queens Medical Center,QN,11101,44,60,748,NYC_COVID_REAL
2021-12-09,Staten Island Hospital,SI,10301,8,37,269,NYC_COVID_REAL
2021-12-10,Bronx Medical Center,BX,10451,43,63,345,NYC_COVID_REAL
2021-12-10,Brooklyn Health Center,BK,11201,49,60,980,NYC_COVID_REAL
2021-12-10,Manhattan Hospital,MN,10001,25,35,728,NYC_COVID_REAL
2021-12-10,Queens Medical Center,QN,11101,39,56,775,NYC_COVID_REAL
2021-12-10,Staten Island Hospital,SI,10301,14,38,253,NYC_COVID_REAL
2021-12-11,Bronx Medical Center,BX,10451,27,39,267,NYC_COVID_REAL
2021-12-11,Brooklyn Health Center,BK,11201,42,61,619,NYC_COVID_REAL
2021-12-11,Manhattan Hospital,MN,10001,14,36,484,NYC_COVID_REAL
2021-12-11,Queens Medical Center,QN,11101,34,63,591,NYC_COVID_REAL
2021-12-11,Staten Island Hospital,SI,10301,11,40,193,NYC_COVID_REAL
2021-12-12,Bronx Medical Center,BX,10451,27,43,258,NYC_COVID_REAL
2021-12-12,Brooklyn Health Center,BK,11201,46,58,870,NYC_COVID_REAL
2021-12-12,Manhattan Hospital,MN,10001,14,39,790,NYC_COVID_REAL
2021-12-12,Queens Medical Center,QN,11101,40,56,661,NYC_COVID_REAL
2021-12-12,Staten Island Hospital,SI,10301,11,25,213,NYC_COVID_REAL
2021-12-13,Bronx Medical Center,BX,10451,37,52,744,NYC_COVID_REAL
2021-12-13,Brooklyn Health Center,BK,11201,56,79,2390,NYC_COVID_REAL
2021-12-13,Manhattan Hospital,MN,10001,36,48,2375,NYC_COVID_REAL
2021-12-13,Queens Medical Center,QN,11101,56,70,1575,NYC_COVID_REAL
2021-12-13,Staten Island Hospital,SI,10301,11,24,440,NYC_COVID_REAL
2021-12-14,Bronx Medical Center,BX,10451,38,52,925,NYC_COVID_REAL
2021-12-14,Brooklyn Health Center,BK,11201,62,78,3420,NYC_COVID_REAL
2021-12-14,Manhattan Hospital,MN,10001,39,52,4091,NYC_COVID_REAL
2021-12-14,Queens Medical Center,QN,11101,55,65,1942,NYC_COVID_REAL
2021-12-14,Staten Island Hospital,SI,10301,10,33,498,NYC_COVID_REAL
2021-12-15,Bronx Medical Center,BX,10451,48,64,1093,NYC_COVID_REAL
2021-12-15,Brooklyn Health Center,BK,11201,74,97,4122,NYC_COVID_REAL
2021-12-15,Manhattan Hospital,MN,10001,33,59,4932,NYC_COVID_REAL
2021-12-15,Queens Medical Center,QN,11101,53,81,2407,NYC_COVID_REAL
2021-12-15,Staten Island Hospital,SI,10301,14,25,607,NYC_COVID_REAL
2021-12-16,Bronx Medical Center,BX,10451,90,109,1329,NYC_COVID_REAL
2021-12-16,Brooklyn Health Center,BK,11201,98,114,4516,NYC_COVID_REAL
2021-12-16,Manhattan Hospital,MN,10001,54,78,4789,NYC_COVID_REAL
2021-12-16,Queens Medical Center,QN,11101,76,89,2618,NYC_COVID_REAL
2021-12-16,Staten Island Hospital,SI,10301,15,29,610,NYC_COVID_REAL
2021-12-17,Bronx Medical Center,BX,10451,77,104,1509,NYC_COVID_REAL
2021-12-17,Brooklyn Health Center,BK,11201,76,102,4277,NYC_COVID_REAL
2021-12-17,Manhattan Hospital,MN,10001,52,64,4281,NYC_COVID_REAL
2021-12-17,Queens Medical Center,QN,11101,77,87,2767,NYC_COVID_REAL
2021-12-17,Staten Island Hospital,SI,10301,19,45,711,NYC_COVID_REAL
2021-12-18,Bronx Medical Center,BX,10451,51,74,1059,NYC_COVID_REAL
2021-12-18,Brooklyn Health Center,BK,11201,98,110,3243,NYC_COVID_REAL
2021-12-18,Manhattan Hospital,MN,10001,43,61,2696,NYC_COVID_REAL
2021-12-18,Queens Medical Center,QN,11101,71,83,2329,NYC_COVID_REAL
2021-12-18,Staten Island Hospital,SI,10301,20,48,613,NYC_COVID_REAL
2021-12-19,Bronx Medical Center,BX,10451,86,96,1072,NYC_COVID_REAL
2021-12-19,Brooklyn Health Center,BK,11201,101,119,3441,NYC_COVID_REAL
2021-12-19,Manhattan Hospital,MN,10001,53,75,2716,NYC_COVID_REAL
2021-12-19,Queens Medical Center,QN,11101,81,101,2634,NYC_COVID_REAL
2021-12-19,Staten Island Hospital,SI,10301,16,28,696,NYC_COVID_REAL
2021-12-20,Bronx Medical Center,BX,10451,75,87,3654,NYC_COVID_REAL
2021-12-20,Brooklyn Health Center,BK,11201,141,157,8930,NYC_COVID_REAL
2021-12-20,Manhattan Hospital,MN,10001,74,91,7902,NYC_COVID_REAL
2021-12-20,Queens Medical Center,QN,11101,97,113,5987,NYC_COVID_REAL
2021-12-20,Staten Island Hospital,SI,10301,24,47,1457,NYC_COVID_REAL
2021-12-21,Bronx Medical Center,BX,10451,99,127,4587,NYC_COVID_REAL
2021-12-21,Brooklyn Health Center,BK,11201,136,155,9450,NYC_COVID_REAL
2021-12-21,Manhattan Hospital,MN,10001,79,96,7070,NYC_COVID_REAL
2021-12-21,Queens Medical Center,QN,11101,122,142,7465,NYC_COVID_REAL
2021-12-21,Staten Island Hospital,SI,10301,19,44,1824,NYC_COVID_REAL
2021-12-22,Bronx Medical Center,BX,10451,174,195,5507,NYC_COVID_REAL
2021-12-22,Brooklyn Health Center,BK,11201,192,221,9453,NYC_COVID_REAL
2021-12-22,Manhattan Hospital,MN,10001,112,130,6313,NYC_COVID_REAL
2021-12-22,Queens Medical Center,QN,11101,178,190,8164,NYC_COVID_REAL
2021-12-22,Staten Island Hospital,SI,10301,25,41,1965,NYC_COVID_REAL
2021-12-23,Bronx Medical Center,BX,10451,173,186,5376,NYC_COVID_REAL
2021-12-23,Brooklyn Health Center,BK,11201,208,234,9610,NYC_COVID_REAL
2021-12-23,Manhattan Hospital,MN,10001,109,128,6320,NYC_COVID_REAL
2021-12-23,Queens Medical Center,QN,11101,160,186,8572,NYC_COVID_REAL
2021-12-23,Staten Island Hospital,SI,10301,30,41,1952,NYC_COVID_REAL
2021-12-24,Bronx Medical Center,BX,10451,142,156,2948,NYC_COVID_REAL
2021-12-24,Brooklyn Health Center,BK,11201,203,219,5579,NYC_COVID_REAL
2021-12-24,Manhattan Hospital,MN,10001,78,103,3080,NYC_COVID_REAL
2021-12-24,Queens Medical Center,QN,11101,131,141,4886,NYC_COVID_REAL
2021-12-24,Staten Island Hospital,SI,10301,19,35,1000,NYC_COVID_REAL
2021-12-25,Bronx Medical Center,BX,10451,141,151,1420,NYC_COVID_REAL
2021-12-25,Brooklyn Health Center,BK,11201,196,217,2345,NYC_COVID_REAL
2021-12-25,Manhattan Hospital,MN,10001,108,130,1413,NYC_COVID_REAL
2021-12-25,Queens Medical Center,QN,11101,139,163,2164,NYC_COVID_REAL
2021-12-25,Staten Island Hospital,SI,10301,22,39,457,NYC_COVID_REAL
2021-12-26,Bronx Medical Center,BX,10451,178,205,3723,NYC_COVID_REAL
2021-12-26,Brooklyn Health Center,BK,11201,256,284,7213,NYC_COVID_REAL
2021-12-26,Manhattan Hospital,MN,10001,110,128,3613,NYC_COVID_REAL
2021-12-26,Queens Medical Center,QN,11101,160,183,6585,NYC_COVID_REAL
2021-12-26,Staten Island Hospital,SI,10301,32,52,1866,NYC_COVID_REAL
2021-12-27,Bronx Medical Center,BX,10451,271,287,9814,NYC_COVID_REAL
2021-12-27,Brooklyn Health Center,BK,11201,313,338,15038,NYC_COVID_REAL
2021-12-27,Manhattan Hospital,MN,10001,141,154,8479,NYC_COVID_REAL
2021-12-27,Queens Medical Center,QN,11101,196,215,14240,NYC_COVID_REAL
2021-12-27,Staten Island Hospital,SI,10301,36,61,3720,NYC_COVID_REAL
2021-12-28,Bronx Medical Center,BX,10451,201,224,9863,NYC_COVID_REAL
2021-12-28,Brooklyn Health Center,BK,11201,265,289,14229,NYC_COVID_REAL
2021-12-28,Manhattan Hospital,MN,10001,148,162,7972,NYC_COVID_REAL
2021-12-28,Queens Medical Center,QN,11101,203,221,14363,NYC_COVID_REAL
2021-12-28,Staten Island Hospital,SI,10301,41,60,3311,NYC_COVID_REAL
2021-12-29,Bronx Medical Center,BX,10451,260,286,10127,NYC_COVID_REAL
2021-12-29,Brooklyn Health Center,BK,11201,293,320,14318,NYC_COVID_REAL
2021-12-29,Manhattan Hospital,MN,10001,127,145,7737,NYC_COVID_REAL
2021-12-29,Queens Medical Center,QN,11101,213,230,14767,NYC_COVID_REAL
2021-12-29,Staten Island Hospital,SI,10301,51,73,3604,NYC_COVID_REAL
2021-12-30,Bronx Medical Center,BX,10451,299,323,9354,NYC_COVID_REAL
2021-12-30,Brooklyn Health Center,BK,11201,320,332,13494,NYC_COVID_REAL
2021-12-30,Manhattan Hospital,MN,10001,156,178,7583,NYC_COVID_REAL
2021-12-30,Queens Medical Center,QN,11101,204,229,13962,NYC_COVID_REAL
2021-12-30,Staten Island Hospital,SI,10301,54,75,3124,NYC_COVID_REAL
2021-12-31,Bronx Medical Center,BX,10451,168,189,5138,NYC_COVID_REAL
2021-12-31,Brooklyn Health Center,BK,11201,285,304,8759,NYC_COVID_REAL
2021-12-31,Manhattan Hospital,MN,10001,131,146,4584,NYC_COVID_REAL
2021-12-31,Queens Medical Center,QN,11101,194,211,8992,NYC_COVID_REAL
2021-12-31,Staten Island Hospital,SI,10301,42,57,1710,NYC_COVID_REAL
2022-01-01,Bronx Medical Center,BX,10451,205,220,1990,NYC_COVID_REAL
2022-01-01,Brooklyn Health Center,BK,11201,254,267,3538,NYC_COVID_REAL
2022-01-01,Manhattan Hospital,MN,10001,152,169,1931,NYC_COVID_REAL
2022-01-01,Queens Medical Center,QN,11101,207,218,3734,NYC_COVID_REAL
2022-01-01,Staten Island Hospital,SI,10301,52,78,876,NYC_COVID_REAL
2022-01-02,Bronx Medical Center,BX,10451,350,366,4920,NYC_COVID_REAL
2022-01-02,Brooklyn Health Center,BK,11201,359,371,10164,NYC_COVID_REAL
2022-01-02,Manhattan Hospital,MN,10001,217,244,5085,NYC_COVID_REAL
2022-01-02,Queens Medical Center,QN,11101,307,325,9894,NYC_COVID_REAL
2022-01-02,Staten Island Hospital,SI,10301,58,76,2479,NYC_COVID_REAL
2022-01-03,Bronx Medical Center,BX,10451,345,370,10564,NYC_COVID_REAL
2022-01-03,Brooklyn Health Center,BK,11201,314,340,16683,NYC_COVID_REAL
2022-01-03,Manhattan Hospital,MN,10001,181,200,9121,NYC_COVID_REAL
2022-01-03,Queens Medical Center,QN,11101,259,279,15244,NYC_COVID_REAL
2022-01-03,Staten Island Hospital,SI,10301,29,52,3424,NYC_COVID_REAL
2022-01-04,Bronx Medical Center,BX,10451,315,326,10284,NYC_COVID_REAL
2022-01-04,Brooklyn Health Center,BK,11201,277,301,13853,NYC_COVID_REAL
2022-01-04,Manhattan Hospital,MN,10001,147,174,8755,NYC_COVID_REAL
2022-01-04,Queens Medical Center,QN,11101,219,232,13419,NYC_COVID_REAL
2022-01-04,Staten Island Hospital,SI,10301,47,63,2957,NYC_COVID_REAL
2022-01-05,Bronx Medical Center,BX,10451,283,312,7967,NYC_COVID_REAL
2022-01-05,Brooklyn Health Center,BK,11201,358,371,11206,NYC_COVID_REAL
2022-01-05,Manhattan Hospital,MN,10001,164,188,7098,NYC_COVID_REAL
2022-01-05,Queens Medical Center,QN,11101,261,282,11472,NYC_COVID_REAL
2022-01-05,Staten Island Hospital,SI,10301,56,82,2535,NYC_COVID_REAL
2022-01-06,Bronx Medical Center,BX,10451,268,286,6986,NYC_COVID_REAL
2022-01-06,Brooklyn Health Center,BK,11201,267,282,10469,NYC_COVID_REAL
2022-01-06,Manhattan Hospital,MN,10001,151,173,6337,NYC_COVID_REAL
2022-01-06,Queens Medical Center,QN,11101,214,239,10504,NYC_COVID_REAL
2022-01-06,Staten Island Hospital,SI,10301,43,55,2093,NYC_COVID_REAL
2022-01-07,Bronx Medical Center,BX,10451,204,221,4233,NYC_COVID_REAL
2022-01-07,Brooklyn Health Center,BK,11201,258,278,6876,NYC_COVID_REAL
2022-01-07,Manhattan Hospital,MN,10001,132,158,4352,NYC_COVID_REAL
2022-01-07,Queens Medical Center,QN,11101,186,198,6439,NYC_COVID_REAL
2022-01-07,Staten Island Hospital,SI,10301,39,61,1318,NYC_COVID_REAL
2022-01-08,Bronx Medical Center,BX,10451,200,213,2702,NYC_COVID_REAL
2022-01-08,Brooklyn Health Center,BK,11201,220,245,4845,NYC_COVID_REAL
2022-01-08,Manhattan Hospital,MN,10001,121,142,2526,NYC_COVID_REAL
2022-01-08,Queens Medical Center,QN,11101,168,196,5026,NYC_COVID_REAL
2022-01-08,Staten Island Hospital,SI,10301,46,75,1106,NYC_COVID_REAL
2022-01-09,Bronx Medical Center,BX,10451,163,175,1860,NYC_COVID_REAL
2022-01-09,Brooklyn Health Center,BK,11201,224,250,4691,NYC_COVID_REAL
2022-01-09,Manhattan Hospital,MN,10001,126,153,2112,NYC_COVID_REAL
2022-01-09,Queens Medical Center,QN,11101,168,180,4573,NYC_COVID_REAL
2022-01-09,Staten Island Hospital,SI,10301,42,61,1123,NYC_COVID_REAL
2022-01-10,Bronx Medical Center,BX,10451,254,278,4508,NYC_COVID_REAL
2022-01-10,Brooklyn Health Center,BK,11201,260,287,7560,NYC_COVID_REAL
2022-01-10,Manhattan Hospital,MN,10001,150,167,4065,NYC_COVID_REAL
2022-01-10,Queens Medical Center,QN,11101,205,226,7312,NYC_COVID_REAL
2022-01-10,Staten Island Hospital,SI,10301,54,80,1614,NYC_COVID_REAL
2022-01-11,Bronx Medical Center,BX,10451,179,197,3355,NYC_COVID_REAL
2022-01-11,Brooklyn Health Center,BK,11201,244,257,5557,NYC_COVID_REAL
2022-01-11,Manhattan Hospital,MN,10001,120,133,2882,NYC_COVID_REAL
2022-01-11,Queens Medical Center,QN,11101,174,186,5460,NYC_COVID_REAL
2022-01-11,Staten Island Hospital,SI,10301,43,59,1284,NYC_COVID_REAL
2022-01-12,Bronx Medical Center,BX,10451,162,190,3012,NYC_COVID_REAL
2022-01-12,Brooklyn Health Center,BK,11201,229,253,5679,NYC_COVID_REAL
2022-01-12,Manhattan Hospital,MN,10001,115,129,3209,NYC_COVID_REAL
2022-01-12,Queens Medical Center,QN,11101,203,232,5420,NYC_COVID_REAL
2022-01-12,Staten Island Hospital,SI,10301,45,59,1119,NYC_COVID_REAL
2022-01-13,Bronx Medical Center,BX,10451,158,181,2506,NYC_COVID_REAL
2022-01-13,Brooklyn Health Center,BK,11201,209,225,5253,NYC_COVID_REAL
2022-01-13,Manhattan Hospital,MN,10001,116,145,2548,NYC_COVID_REAL
2022-01-13,Queens Medical Center,QN,11101,199,219,4818,NYC_COVID_REAL
2022-01-13,Staten Island Hospital,SI,10301,39,49,973,NYC_COVID_REAL
2022-01-14,Bronx Medical Center,BX,10451,173,183,2205,NYC_COVID_REAL
2022-01-14,Brooklyn Health Center,BK,11201,207,217,4116,NYC_COVID_REAL
2022-01-14,Manhattan Hospital,MN,10001,114,130,2325,NYC_COVID_REAL
2022-01-14,Queens Medical Center,QN,11101,163,187,3835,NYC_COVID_REAL
2022-01-14,Staten Island Hospital,SI,10301,29,52,805,NYC_COVID_REAL
2022-01-15,Bronx Medical Center,BX,10451,112,133,887,NYC_COVID_REAL
2022-01-15,Brooklyn Health Center,BK,11201,168,184,2236,NYC_COVID_REAL
2022-01-15,Manhattan Hospital,MN,10001,70,98,987,NYC_COVID_REAL
2022-01-15,Queens Medical Center,QN,11101,118,146,2115,NYC_COVID_REAL
2022-01-15,Staten Island Hospital,SI,10301,41,67,535,NYC_COVID_REAL
2022-01-16,Bronx Medical Center,BX,10451,98,109,789,NYC_COVID_REAL
2022-01-16,Brooklyn Health Center,BK,11201,133,146,2413,NYC_COVID_REAL
2022-01-16,Manhattan Hospital,MN,10001,62,76,1178,NYC_COVID_REAL
2022-01-16,Queens Medical Center,QN,11101,122,139,2060,NYC_COVID_REAL
2022-01-16,Staten Island Hospital,SI,10301,32,51,451,NYC_COVID_REAL
2022-01-17,Bronx Medical Center,BX,10451,102,113,1187,NYC_COVID_REAL
2022-01-17,Brooklyn Health Center,BK,11201,163,187,3552,NYC_COVID_REAL
2022-01-17,Manhattan Hospital,MN,10001,83,108,1649,NYC_COVID_REAL
2022-01-17,Queens Medical Center,QN,11101,139,160,2764,NYC_COVID_REAL
2022-01-17,Staten Island Hospital,SI,10301,49,72,679,NYC_COVID_REAL
2022-01-18,Bronx Medical Center,BX,10451,122,143,1616,NYC_COVID_REAL
2022-01-18,Brooklyn Health Center,BK,11201,145,165,3581,NYC_COVID_REAL
2022-01-18,Manhattan Hospital,MN,10001,85,99,2064,NYC_COVID_REAL
2022-01-18,Queens Medical Center,QN,11101,137,160,2954,NYC_COVID_REAL
2022-01-18,Staten Island Hospital,SI,10301,20,49,706,NYC_COVID_REAL
2022-01-19,Bronx Medical Center,BX,10451,97,116,1251,NYC_COVID_REAL
2022-01-19,Brooklyn Health Center,BK,11201,132,157,3003,NYC_COVID_REAL
2022-01-19,Manhattan Hospital,MN,10001,66,80,1740,NYC_COVID_REAL
2022-01-19,Queens Medical Center,QN,11101,101,112,2474,NYC_COVID_REAL
2022-01-19,Staten Island Hospital,SI,10301,33,49,561,NYC_COVID_REAL
2022-01-20,Bronx Medical Center,BX,10451,100,116,952,NYC_COVID_REAL
2022-01-20,Brooklyn Health Center,BK,11201,152,178,2317,NYC_COVID_REAL
2022-01-20,Manhattan Hospital,MN,10001,85,95,1436,NYC_COVID_REAL
2022-01-20,Queens Medical Center,QN,11101,101,118,1888,NYC_COVID_REAL
2022-01-20,Staten Island Hospital,SI,10301,23,51,449,NYC_COVID_REAL
2022-01-21,Bronx Medical Center,BX,10451,97,122,765,NYC_COVID_REAL
2022-01-21,Brooklyn Health Center,BK,11201,137,160,1779,NYC_COVID_REAL
2022-01-21,Manhattan Hospital,MN,10001,70,81,1152,NYC_COVID_REAL
2022-01-21,Queens Medical Center,QN,11101,77,98,1712,NYC_COVID_REAL
2022-01-21,Staten Island Hospital,SI,10301,15,31,390,NYC_COVID_REAL
2022-01-22,Bronx Medical Center,BX,10451,81,102,465,NYC_COVID_REAL
2022-01-22,Brooklyn Health Center,BK,11201,93,121,1200,NYC_COVID_REAL
2022-01-22,Manhattan Hospital,MN,10001,43,66,536,NYC_COVID_REAL
2022-01-22,Queens Medical Center,QN,11101,85,103,1159,NYC_COVID_REAL
2022-01-22,Staten Island Hospital,SI,10301,19,37,273,NYC_COVID_REAL
2022-01-23,Bronx Medical Center,BX,10451,58,73,350,NYC_COVID_REAL
2022-01-23,Brooklyn Health Center,BK,11201,87,106,1234,NYC_COVID_REAL
2022-01-23,Manhattan Hospital,MN,10001,40,64,605,NYC_COVID_REAL
2022-01-23,Queens Medical Center,QN,11101,78,98,982,NYC_COVID_REAL
2022-01-23,Staten Island Hospital,SI,10301,15,28,227,NYC_COVID_REAL
2022-01-24,Bronx Medical Center,BX,10451,108,125,817,NYC_COVID_REAL
2022-01-24,Brooklyn Health Center,BK,11201,94,111,1996,NYC_COVID_REAL
2022-01-24,Manhattan Hospital,MN,10001,61,83,1224,NYC_COVID_REAL
2022-01-24,Queens Medical Center,QN,11101,73,83,1551,NYC_COVID_REAL
2022-01-24,Staten Island Hospital,SI,10301,15,30,425,NYC_COVID_REAL
2022-01-25,Bronx Medical Center,BX,10451,84,96,582,NYC_COVID_REAL
2022-01-25,Brooklyn Health Center,BK,11201,117,128,1604,NYC_COVID_REAL
2022-01-25,Manhattan Hospital,MN,10001,43,63,1000,NYC_COVID_REAL
2022-01-25,Queens Medical Center,QN,11101,76,99,1247,NYC_COVID_REAL
2022-01-25,Staten Island Hospital,SI,10301,25,49,328,NYC_COVID_REAL
2022-01-26,Bronx Medical Center,BX,10451,60,75,516,NYC_COVID_REAL
2022-01-26,Brooklyn Health Center,BK,11201,84,108,1452,NYC_COVID_REAL
2022-01-26,Manhattan Hospital,MN,10001,45,67,901,NYC_COVID_REAL
2022-01-26,Queens Medical Center,QN,11101,71,92,1074,NYC_COVID_REAL
2022-01-26,Staten Island Hospital,SI,10301,20,49,250,NYC_COVID_REAL
2022-01-27,Bronx Medical Center,BX,10451,52,65,443,NYC_COVID_REAL
2022-01-27,Brooklyn Health Center,BK,11201,93,116,1189,NYC_COVID_REAL
2022-01-27,Manhattan Hospital,MN,10001,41,51,786,NYC_COVID_REAL
2022-01-27,Queens Medical Center,QN,11101,58,74,952,NYC_COVID_REAL
2022-01-27,Staten Island Hospital,SI,10301,29,57,259,NYC_COVID_REAL
2022-01-28,Bronx Medical Center,BX,10451,47,65,307,NYC_COVID_REAL
2022-01-28,Brooklyn Health Center,BK,11201,52,76,894,NYC_COVID_REAL
2022-01-28,Manhattan Hospital,MN,10001,40,62,569,NYC_COVID_REAL
2022-01-28,Queens Medical Center,QN,11101,52,65,756,NYC_COVID_REAL
2022-01-28,Staten Island Hospital,SI,10301,15,37,197,NYC_COVID_REAL
2022-01-29,Bronx Medical Center,BX,10451,23,37,69,NYC_COVID_REAL
2022-01-29,Brooklyn Health Center,BK,11201,48,77,141,NYC_COVID_REAL
2022-01-29,Manhattan Hospital,MN,10001,20,33,147,NYC_COVID_REAL
2022-01-29,Queens Medical Center,QN,11101,39,56,127,NYC_COVID_REAL
2022-01-29,Staten Island Hospital,SI,10301,9,30,29,NYC_COVID_REAL
2022-01-30,Bronx Medical Center,BX,10451,23,52,138,NYC_COVID_REAL
2022-01-30,Brooklyn Health Center,BK,11201,51,75,488,NYC_COVID_REAL
2022-01-30,Manhattan Hospital,MN,10001,15,35,320,NYC_COVID_REAL
2022-01-30,Queens Medical Center,QN,11101,37,64,364,NYC_COVID_REAL
2022-01-30,Staten Island Hospital,SI,10301,17,39,116,NYC_COVID_REAL
2022-01-31,Bronx Medical Center,BX,10451,57,78,638,NYC_COVID_REAL
2022-01-31,Brooklyn Health Center,BK,11201,68,96,905,NYC_COVID_REAL
2022-01-31,Manhattan Hospital,MN,10001,20,42,639,NYC_COVID_REAL
2022-01-31,Queens Medical Center,QN,11101,46,73,706,NYC_COVID_REAL
2022-01-31,Staten Island Hospital,SI,10301,14,30,221,NYC_COVID_REAL
2022-02-01,Bronx Medical Center,BX,10451,31,54,282,NYC_COVID_REAL
2022-02-01,Brooklyn Health Center,BK,11201,60,86,758,NYC_COVID_REAL
2022-02-01,Manhattan Hospital,MN,10001,22,41,520,NYC_COVID_REAL
2022-02-01,Queens Medical Center,QN,11101,53,81,528,NYC_COVID_REAL
2022-02-01,Staten Island Hospital,SI,10301,10,32,148,NYC_COVID_REAL
2022-02-02,Bronx Medical Center,BX,10451,38,48,264,NYC_COVID_REAL
2022-02-02,Brooklyn Health Center,BK,11201,50,75,832,NYC_COVID_REAL
2022-02-02,Manhattan Hospital,MN,10001,14,34,528,NYC_COVID_REAL
2022-02-02,Queens Medical Center,QN,11101,48,76,542,NYC_COVID_REAL
2022-02-02,Staten Island Hospital,SI,10301,11,22,159,NYC_COVID_REAL
2022-02-03,Bronx Medical Center,BX,10451,29,53,253,NYC_COVID_REAL
2022-02-03,Brooklyn Health Center,BK,11201,56,83,751,NYC_COVID_REAL
2022-02-03,Manhattan Hospital,MN,10001,16,42,418,NYC_COVID_REAL
2022-02-03,Queens Medical Center,QN,11101,28,55,457,NYC_COVID_REAL
2022-02-03,Staten Island Hospital,SI,10301,10,29,121,NYC_COVID_REAL
2022-02-04,Bronx Medical Center,BX,10451,24,44,176,NYC_COVID_REAL
2022-02-04,Brooklyn Health Center,BK,11201,42,69,496,NYC_COVID_REAL
2022-02-04,Manhattan Hospital,MN,10001,27,37,324,NYC_COVID_REAL
2022-02-04,Queens Medical Center,QN,11101,43,66,426,NYC_COVID_REAL
2022-02-04,Staten Island Hospital,SI,10301,14,24,117,NYC_COVID_REAL
2022-02-05,Bronx Medical Center,BX,10451,29,39,117,NYC_COVID_REAL
2022-02-05,Brooklyn Health Center,BK,11201,33,56,298,NYC_COVID_REAL
2022-02-05,Manhattan Hospital,MN,10001,17,42,195,NYC_COVID_REAL
2022-02-05,Queens Medical Center,QN,11101,30,59,266,NYC_COVID_REAL
2022-02-05,Staten Island Hospital,SI,10301,7,19,70,NYC_COVID_REAL
2022-02-06,Bronx Medical Center,BX,10451,17,43,70,NYC_COVID_REAL
2022-02-06,Brooklyn Health Center,BK,11201,25,52,263,NYC_COVID_REAL
2022-02-06,Manhattan Hospital,MN,10001,16,36,219,NYC_COVID_REAL
2022-02-06,Queens Medical Center,QN,11101,38,66,239,NYC_COVID_REAL
2022-02-06,Staten Island Hospital,SI,10301,9,24,78,NYC_COVID_REAL
2022-02-07,Bronx Medical Center,BX,10451,20,46,190,NYC_COVID_REAL
2022-02-07,Brooklyn Health Center,BK,11201,31,51,529,NYC_COVID_REAL
2022-02-07,Manhattan Hospital,MN,10001,19,37,369,NYC_COVID_REAL
2022-02-07,Queens Medical Center,QN,11101,28,49,404,NYC_COVID_REAL
2022-02-07,Staten Island Hospital,SI,10301,4,20,111,NYC_COVID_REAL
2022-02-08,Bronx Medical Center,BX,10451,36,49,196,NYC_COVID_REAL
2022-02-08,Brooklyn Health Center,BK,11201,46,60,528,NYC_COVID_REAL
2022-02-08,Manhattan Hospital,MN,10001,12,41,376,NYC_COVID_REAL
2022-02-08,Queens Medical Center,QN,11101,28,53,314,NYC_COVID_REAL
2022-02-08,Staten Island Hospital,SI,10301,5,18,101,NYC_COVID_REAL
2022-02-09,Bronx Medical Center,BX,10451,23,52,158,NYC_COVID_REAL
2022-02-09,Brooklyn Health Center,BK,11201,39,66,407,NYC_COVID_REAL
2022-02-09,Manhattan Hospital,MN,10001,15,30,342,NYC_COVID_REAL
2022-02-09,Queens Medical Center,QN,11101,29,54,329,NYC_COVID_REAL
2022-02-09,Staten Island Hospital,SI,10301,7,30,80,NYC_COVID_REAL
2022-02-10,Bronx Medical Center,BX,10451,20,39,128,NYC_COVID_REAL
2022-02-10,Brooklyn Health Center,BK,11201,34,58,402,NYC_COVID_REAL
2022-02-10,Manhattan Hospital,MN,10001,14,27,298,NYC_COVID_REAL
2022-02-10,Queens Medical Center,QN,11101,16,27,326,NYC_COVID_REAL
2022-02-10,Staten Island Hospital,SI,10301,3,19,72,NYC_COVID_REAL
2022-02-11,Bronx Medical Center,BX,10451,21,41,133,NYC_COVID_REAL
2022-02-11,Brooklyn Health Center,BK,11201,33,56,317,NYC_COVID_REAL
2022-02-11,Manhattan Hospital,MN,10001,11,29,236,NYC_COVID_REAL
2022-02-11,Queens Medical Center,QN,11101,31,43,229,NYC_COVID_REAL
2022-02-11,Staten Island Hospital,SI,10301,10,38,67,NYC_COVID_REAL
2022-02-12,Bronx Medical Center,BX,10451,15,33,67,NYC_COVID_REAL
2022-02-12,Brooklyn Health Center,BK,11201,23,35,213,NYC_COVID_REAL
2022-02-12,Manhattan Hospital,MN,10001,13,26,146,NYC_COVID_REAL
2022-02-12,Queens Medical Center,QN,11101,10,33,150,NYC_COVID_REAL
2022-02-12,Staten Island Hospital,SI,10301,8,27,59,NYC_COVID_REAL
2022-02-13,Bronx Medical Center,BX,10451,15,41,55,NYC_COVID_REAL
2022-02-13,Brooklyn Health Center,BK,11201,11,32,153,NYC_COVID_REAL
2022-02-13,Manhattan Hospital,MN,10001,10,37,105,NYC_COVID_REAL
2022-02-13,Queens Medical Center,QN,11101,13,25,110,NYC_COVID_REAL
2022-02-13,Staten Island Hospital,SI,10301,6,25,35,NYC_COVID_REAL
2022-02-14,Bronx Medical Center,BX,10451,17,33,96,NYC_COVID_REAL
2022-02-14,Brooklyn Health Center,BK,11201,26,47,357,NYC_COVID_REAL
2022-02-14,Manhattan Hospital,MN,10001,11,31,277,NYC_COVID_REAL
2022-02-14,Queens Medical Center,QN,11101,19,29,218,NYC_COVID_REAL
2022-02-14,Staten Island Hospital,SI,10301,3,15,69,NYC_COVID_REAL
2022-02-15,Bronx Medical Center,BX,10451,14,43,91,NYC_COVID_REAL
2022-02-15,Brooklyn Health Center,BK,11201,28,55,299,NYC_COVID_REAL
2022-02-15,Manhattan Hospital,MN,10001,7,17,269,NYC_COVID_REAL
2022-02-15,Queens Medical Center,QN,11101,16,39,206,NYC_COVID_REAL
2022-02-15,Staten Island Hospital,SI,10301,7,23,74,NYC_COVID_REAL
2022-02-16,Bronx Medical Center,BX,10451,11,31,89,NYC_COVID_REAL
2022-02-16,Brooklyn Health Center,BK,11201,24,47,317,NYC_COVID_REAL
2022-02-16,Manhattan Hospital,MN,10001,9,34,250,NYC_COVID_REAL
2022-02-16,Queens Medical Center,QN,11101,21,32,219,NYC_COVID_REAL
2022-02-16,Staten Island Hospital,SI,10301,3,27,60,NYC_COVID_REAL
2022-02-17,Bronx Medical Center,BX,10451,9,37,82,NYC_COVID_REAL
2022-02-17,Brooklyn Health Center,BK,11201,20,36,268,NYC_COVID_REAL
2022-02-17,Manhattan Hospital,MN,10001,17,27,232,NYC_COVID_REAL
2022-02-17,Queens Medical Center,QN,11101,22,46,205,NYC_COVID_REAL
2022-02-17,Staten Island Hospital,SI,10301,4,21,45,NYC_COVID_REAL
2022-02-18,Bronx Medical Center,BX,10451,15,36,70,NYC_COVID_REAL
2022-02-18,Brooklyn Health Center,BK,11201,12,22,214,NYC_COVID_REAL
2022-02-18,Manhattan Hospital,MN,10001,8,30,149,NYC_COVID_REAL
2022-02-18,Queens Medical Center,QN,11101,19,42,174,NYC_COVID_REAL
2022-02-18,Staten Island Hospital,SI,10301,6,18,56,NYC_COVID_REAL
2022-02-19,Bronx Medical Center,BX,10451,11,27,40,NYC_COVID_REAL
2022-02-19,Brooklyn Health Center,BK,11201,15,25,103,NYC_COVID_REAL
2022-02-19,Manhattan Hospital,MN,10001,6,24,123,NYC_COVID_REAL
2022-02-19,Queens Medical Center,QN,11101,13,37,125,NYC_COVID_REAL
2022-02-19,Staten Island Hospital,SI,10301,2,28,34,NYC_COVID_REAL
2022-02-20,Bronx Medical Center,BX,10451,11,36,45,NYC_COVID_REAL
2022-02-20,Brooklyn Health Center,BK,11201,14,43,115,NYC_COVID_REAL
2022-02-20,Manhattan Hospital,MN,10001,4,19,118,NYC_COVID_REAL
2022-02-20,Queens Medical Center,QN,11101,7,26,74,NYC_COVID_REAL
2022-02-20,Staten Island Hospital,SI,10301,2,24,31,NYC_COVID_REAL
2022-02-21,Bronx Medical Center,BX,10451,11,24,47,NYC_COVID_REAL
2022-02-21,Brooklyn Health Center,BK,11201,6,33,155,NYC_COVID_REAL
2022-02-21,Manhattan Hospital,MN,10001,8,33,161,NYC_COVID_REAL
2022-02-21,Queens Medical Center,QN,11101,12,38,160,NYC_COVID_REAL
2022-02-21,Staten Island Hospital,SI,10301,1,12,36,NYC_COVID_REAL
2022-02-22,Bronx Medical Center,BX,10451,11,21,67,NYC_COVID_REAL
2022-02-22,Brooklyn Health Center,BK,11201,19,42,219,NYC_COVID_REAL
2022-02-22,Manhattan Hospital,MN,10001,2,25,192,NYC_COVID_REAL
2022-02-22,Queens Medical Center,QN,11101,13,29,153,NYC_COVID_REAL
2022-02-22,Staten Island Hospital,SI,10301,9,28,54,NYC_COVID_REAL
2022-02-23,Bronx Medical Center,BX,10451,13,38,68,NYC_COVID_REAL
2022-02-23,Brooklyn Health Center,BK,11201,8,35,202,NYC_COVID_REAL
2022-02-23,Manhattan Hospital,MN,10001,7,23,259,NYC_COVID_REAL
2022-02-23,Queens Medical Center,QN,11101,10,35,140,NYC_COVID_REAL
2022-02-23,Staten Island Hospital,SI,10301,2,24,36,NYC_COVID_REAL
2022-02-24,Bronx Medical Center,BX,10451,11,25,77,NYC_COVID_REAL
2022-02-24,Brooklyn Health Center,BK,11201,8,31,176,NYC_COVID_REAL
2022-02-24,Manhattan Hospital,MN,10001,9,38,203,NYC_COVID_REAL
2022-02-24,Queens Medical Center,QN,11101,12,41,164,NYC_COVID_REAL
2022-02-24,Staten Island Hospital,SI,10301,2,23,40,NYC_COVID_REAL
2022-02-25,Bronx Medical Center,BX,10451,4,23,32,NYC_COVID_REAL
2022-02-25,Brooklyn Health Center,BK,11201,17,44,184,NYC_COVID_REAL
2022-02-25,Manhattan Hospital,MN,10001,4,24,165,NYC_COVID_REAL
2022-02-25,Queens Medical Center,QN,11101,11,40,119,NYC_COVID_REAL
2022-02-25,Staten Island Hospital,SI,10301,7,26,38,NYC_COVID_REAL
2022-02-26,Bronx Medical Center,BX,10451,5,31,32,NYC_COVID_REAL
2022-02-26,Brooklyn Health Center,BK,11201,8,34,105,NYC_COVID_REAL
2022-02-26,Manhattan Hospital,MN,10001,6,32,109,NYC_COVID_REAL
2022-02-26,Queens Medical Center,QN,11101,9,29,69,NYC_COVID_REAL
2022-02-26,Staten Island Hospital,SI,10301,1,18,21,NYC_COVID_REAL
2022-02-27,Bronx Medical Center,BX,10451,5,28,27,NYC_COVID_REAL
2022-02-27,Brooklyn Health Center,BK,11201,7,27,127,NYC_COVID_REAL
2022-02-27,Manhattan Hospital,MN,10001,4,33,115,NYC_COVID_REAL
2022-02-27,Queens Medical Center,QN,11101,9,26,68,NYC_COVID_REAL
2022-02-27,Staten Island Hospital,SI,10301,4,16,24,NYC_COVID_REAL
2022-02-28,Bronx Medical Center,BX,10451,9,24,57,NYC_COVID_REAL
2022-02-28,Brooklyn Health Center,BK,11201,15,29,197,NYC_COVID_REAL
2022-02-28,Manhattan Hospital,MN,10001,8,26,248,NYC_COVID_REAL
2022-02-28,Queens Medical Center,QN,11101,17,39,155,NYC_COVID_REAL
2022-02-28,Staten Island Hospital,SI,10301,2,15,49,NYC_COVID_REAL
2022-03-01,Bronx Medical Center,BX,10451,11,33,56,NYC_COVID_REAL
2022-03-01,Brooklyn Health Center,BK,11201,10,24,181,NYC_COVID_REAL
2022-03-01,Manhattan Hospital,MN,10001,8,37,230,NYC_COVID_REAL
2022-03-01,Queens Medical Center,QN,11101,10,23,111,NYC_COVID_REAL
2022-03-01,Staten Island Hospital,SI,10301,4,30,33,NYC_COVID_REAL
2022-03-02,Bronx Medical Center,BX,10451,11,27,47,NYC_COVID_REAL
2022-03-02,Brooklyn Health Center,BK,11201,13,37,191,NYC_COVID_REAL
2022-03-02,Manhattan Hospital,MN,10001,3,27,235,NYC_COVID_REAL
2022-03-02,Queens Medical Center,QN,11101,9,25,122,NYC_COVID_REAL
2022-03-02,Staten Island Hospital,SI,10301,5,29,46,NYC_COVID_REAL
2022-03-03,Bronx Medical Center,BX,10451,9,36,51,NYC_COVID_REAL
2022-03-03,Brooklyn Health Center,BK,11201,10,23,159,NYC_COVID_REAL
2022-03-03,Manhattan Hospital,MN,10001,8,24,230,NYC_COVID_REAL
2022-03-03,Queens Medical Center,QN,11101,9,32,123,NYC_COVID_REAL
2022-03-03,Staten Island Hospital,SI,10301,4,15,23,NYC_COVID_REAL
2022-03-04,Bronx Medical Center,BX,10451,8,34,45,NYC_COVID_REAL
2022-03-04,Brooklyn Health Center,BK,11201,9,35,139,NYC_COVID_REAL
2022-03-04,Manhattan Hospital,MN,10001,7,36,150,NYC_COVID_REAL
2022-03-04,Queens Medical Center,QN,11101,14,36,106,NYC_COVID_REAL
2022-03-04,Staten Island Hospital,SI,10301,1,12,21,NYC_COVID_REAL
2022-03-05,Bronx Medical Center,BX,10451,7,28,29,NYC_COVID_REAL
2022-03-05,Brooklyn Health Center,BK,11201,5,27,86,NYC_COVID_REAL
2022-03-05,Manhattan Hospital,MN,10001,3,13,107,NYC_COVID_REAL
2022-03-05,Queens Medical Center,QN,11101,7,22,66,NYC_COVID_REAL
2022-03-05,Staten Island Hospital,SI,10301,4,14,29,NYC_COVID_REAL
2022-03-06,Bronx Medical Center,BX,10451,5,32,23,NYC_COVID_REAL
2022-03-06,Brooklyn Health Center,BK,11201,5,28,123,NYC_COVID_REAL
2022-03-06,Manhattan Hospital,MN,10001,3,28,109,NYC_COVID_REAL
2022-03-06,Queens Medical Center,QN,11101,5,17,69,NYC_COVID_REAL
2022-03-06,Staten Island Hospital,SI,10301,2,29,16,NYC_COVID_REAL
2022-03-07,Bronx Medical Center,BX,10451,3,21,38,NYC_COVID_REAL
2022-03-07,Brooklyn Health Center,BK,11201,5,23,230,NYC_COVID_REAL
2022-03-07,Manhattan Hospital,MN,10001,5,16,241,NYC_COVID_REAL
2022-03-07,Queens Medical Center,QN,11101,6,31,110,NYC_COVID_REAL
2022-03-07,Staten Island Hospital,SI,10301,4,26,37,NYC_COVID_REAL
2022-03-08,Bronx Medical Center,BX,10451,5,24,52,NYC_COVID_REAL
2022-03-08,Brooklyn Health Center,BK,11201,7,19,245,NYC_COVID_REAL
2022-03-08,Manhattan Hospital,MN,10001,5,15,238,NYC_COVID_REAL
2022-03-08,Queens Medical Center,QN,11101,3,22,111,NYC_COVID_REAL
2022-03-08,Staten Island Hospital,SI,10301,3,14,35,NYC_COVID_REAL
2022-03-09,Bronx Medical Center,BX,10451,8,25,42,NYC_COVID_REAL
2022-03-09,Brooklyn Health Center,BK,11201,5,22,221,NYC_COVID_REAL
2022-03-09,Manhattan Hospital,MN,10001,2,13,228,NYC_COVID_REAL
2022-03-09,Queens Medical Center,QN,11101,7,24,109,NYC_COVID_REAL
2022-03-09,Staten Island Hospital,SI,10301,4,23,25,NYC_COVID_REAL
2022-03-10,Bronx Medical Center,BX,10451,7,25,49,NYC_COVID_REAL
2022-03-10,Brooklyn Health Center,BK,11201,10,25,241,NYC_COVID_REAL
2022-03-10,Manhattan Hospital,MN,10001,2,17,259,NYC_COVID_REAL
2022-03-10,Queens Medical Center,QN,11101,9,22,119,NYC_COVID_REAL
2022-03-10,Staten Island Hospital,SI,10301,1,22,30,NYC_COVID_REAL
2022-03-11,Bronx Medical Center,BX,10451,5,20,59,NYC_COVID_REAL
2022-03-11,Brooklyn Health Center,BK,11201,7,35,207,NYC_COVID_REAL
2022-03-11,Manhattan Hospital,MN,10001,5,18,204,NYC_COVID_REAL
2022-03-11,Queens Medical Center,QN,11101,3,20,104,NYC_COVID_REAL
2022-03-11,Staten Island Hospital,SI,10301,2,29,30,NYC_COVID_REAL
2022-03-12,Bronx Medical Center,BX,10451,4,23,21,NYC_COVID_REAL
2022-03-12,Brooklyn Health Center,BK,11201,6,24,103,NYC_COVID_REAL
2022-03-12,Manhattan Hospital,MN,10001,3,18,101,NYC_COVID_REAL
2022-03-12,Queens Medical Center,QN,11101,6,29,60,NYC_COVID_REAL
2022-03-12,Staten Island Hospital,SI,10301,1,26,14,NYC_COVID_REAL
2022-03-13,Bronx Medical Center,BX,10451,2,28,35,NYC_COVID_REAL
2022-03-13,Brooklyn Health Center,BK,11201,7,34,129,NYC_COVID_REAL
2022-03-13,Manhattan Hospital,MN,10001,2,12,151,NYC_COVID_REAL
2022-03-13,Queens Medical Center,QN,11101,11,23,93,NYC_COVID_REAL
2022-03-13,Staten Island Hospital,SI,10301,2,13,27,NYC_COVID_REAL
2022-03-14,Bronx Medical Center,BX,10451,3,29,69,NYC_COVID_REAL
2022-03-14,Brooklyn Health Center,BK,11201,7,34,332,NYC_COVID_REAL
2022-03-14,Manhattan Hospital,MN,10001,7,26,320,NYC_COVID_REAL
2022-03-14,Queens Medical Center,QN,11101,13,30,147,NYC_COVID_REAL
2022-03-14,Staten Island Hospital,SI,10301,2,29,36,NYC_COVID_REAL
2022-03-15,Bronx Medical Center,BX,10451,8,29,61,NYC_COVID_REAL
2022-03-15,Brooklyn Health Center,BK,11201,8,23,312,NYC_COVID_REAL
2022-03-15,Manhattan Hospital,MN,10001,7,21,300,NYC_COVID_REAL
2022-03-15,Queens Medical Center,QN,11101,3,16,141,NYC_COVID_REAL
2022-03-15,Staten Island Hospital,SI,10301,3,29,33,NYC_COVID_REAL
2022-03-16,Bronx Medical Center,BX,10451,4,31,69,NYC_COVID_REAL
2022-03-16,Brooklyn Health Center,BK,11201,5,20,275,NYC_COVID_REAL
2022-03-16,Manhattan Hospital,MN,10001,4,23,349,NYC_COVID_REAL
2022-03-16,Queens Medical Center,QN,11101,7,35,154,NYC_COVID_REAL
2022-03-16,Staten Island Hospital,SI,10301,3,23,24,NYC_COVID_REAL
2022-03-17,Bronx Medical Center,BX,10451,4,19,66,NYC_COVID_REAL
2022-03-17,Brooklyn Health Center,BK,11201,9,36,246,NYC_COVID_REAL
2022-03-17,Manhattan Hospital,MN,10001,2,13,288,NYC_COVID_REAL
2022-03-17,Queens Medical Center,QN,11101,8,22,125,NYC_COVID_REAL
2022-03-17,Staten Island Hospital,SI,10301,5,27,29,NYC_COVID_REAL
2022-03-18,Bronx Medical Center,BX,10451,4,21,63,NYC_COVID_REAL
2022-03-18,Brooklyn Health Center,BK,11201,8,19,238,NYC_COVID_REAL
2022-03-18,Manhattan Hospital,MN,10001,3,26,319,NYC_COVID_REAL
2022-03-18,Queens Medical Center,QN,11101,17,38,154,NYC_COVID_REAL
2022-03-18,Staten Island Hospital,SI,10301,1,26,28,NYC_COVID_REAL
2022-03-19,Bronx Medical Center,BX,10451,4,22,26,NYC_COVID_REAL
2022-03-19,Brooklyn Health Center,BK,11201,5,23,132,NYC_COVID_REAL
2022-03-19,Manhattan Hospital,MN,10001,9,34,174,NYC_COVID_REAL
2022-03-19,Queens Medical Center,QN,11101,1,24,90,NYC_COVID_REAL
2022-03-19,Staten Island Hospital,SI,10301,3,29,26,NYC_COVID_REAL
2022-03-20,Bronx Medical Center,BX,10451,3,18,28,NYC_COVID_REAL
2022-03-20,Brooklyn Health Center,BK,11201,10,25,211,NYC_COVID_REAL
2022-03-20,Manhattan Hospital,MN,10001,4,24,251,NYC_COVID_REAL
2022-03-20,Queens Medical Center,QN,11101,7,23,134,NYC_COVID_REAL
2022-03-20,Staten Island Hospital,SI,10301,1,17,29,NYC_COVID_REAL
2022-03-21,Bronx Medical Center,BX,10451,6,21,105,NYC_COVID_REAL
2022-03-21,Brooklyn Health Center,BK,11201,8,32,399,NYC_COVID_REAL
2022-03-21,Manhattan Hospital,MN,10001,6,35,554,NYC_COVID_REAL
2022-03-21,Queens Medical Center,QN,11101,3,17,208,NYC_COVID_REAL
2022-03-21,Staten Island Hospital,SI,10301,3,21,45,NYC_COVID_REAL
2022-03-22,Bronx Medical Center,BX,10451,5,29,92,NYC_COVID_REAL
2022-03-22,Brooklyn Health Center,BK,11201,9,26,427,NYC_COVID_REAL
2022-03-22,Manhattan Hospital,MN,10001,7,21,497,NYC_COVID_REAL
2022-03-22,Queens Medical Center,QN,11101,4,23,214,NYC_COVID_REAL
2022-03-22,Staten Island Hospital,SI,10301,4,27,55,NYC_COVID_REAL
2022-03-23,Bronx Medical Center,BX,10451,6,26,85,NYC_COVID_REAL
2022-03-23,Brooklyn Health Center,BK,11201,6,26,401,NYC_COVID_REAL
2022-03-23,Manhattan Hospital,MN,10001,7,34,491,NYC_COVID_REAL
2022-03-23,Queens Medical Center,QN,11101,3,23,225,NYC_COVID_REAL
2022-03-23,Staten Island Hospital,SI,10301,1,16,63,NYC_COVID_REAL
2022-03-24,Bronx Medical Center,BX,10451,2,25,104,NYC_COVID_REAL
2022-03-24,Brooklyn Health Center,BK,11201,11,23,355,NYC_COVID_REAL
2022-03-24,Manhattan Hospital,MN,10001,2,28,447,NYC_COVID_REAL
2022-03-24,Queens Medical Center,QN,11101,6,24,217,NYC_COVID_REAL
2022-03-24,Staten Island Hospital,SI,10301,3,27,53,NYC_COVID_REAL
2022-03-25,Bronx Medical Center,BX,10451,5,32,94,NYC_COVID_REAL
2022-03-25,Brooklyn Health Center,BK,11201,9,32,332,NYC_COVID_REAL
2022-03-25,Manhattan Hospital,MN,10001,9,20,411,NYC_COVID_REAL
2022-03-25,Queens Medical Center,QN,11101,14,41,211,NYC_COVID_REAL
2022-03-25,Staten Island Hospital,SI,10301,1,28,45,NYC_COVID_REAL
2022-03-26,Bronx Medical Center,BX,10451,4,33,49,NYC_COVID_REAL
2022-03-26,Brooklyn Health Center,BK,11201,4,23,229,NYC_COVID_REAL
2022-03-26,Manhattan Hospital,MN,10001,5,30,217,NYC_COVID_REAL
2022-03-26,Queens Medical Center,QN,11101,10,20,128,NYC_COVID_REAL
2022-03-26,Staten Island Hospital,SI,10301,2,22,55,NYC_COVID_REAL
2022-03-27,Bronx Medical Center,BX,10451,4,16,48,NYC_COVID_REAL
2022-03-27,Brooklyn Health Center,BK,11201,8,21,267,NYC_COVID_REAL
2022-03-27,Manhattan Hospital,MN,10001,2,12,271,NYC_COVID_REAL
2022-03-27,Queens Medical Center,QN,11101,5,21,150,NYC_COVID_REAL
2022-03-27,Staten Island Hospital,SI,10301,3,19,39,NYC_COVID_REAL
2022-03-28,Bronx Medical Center,BX,10451,6,16,124,NYC_COVID_REAL
2022-03-28,Brooklyn Health Center,BK,11201,7,21,437,NYC_COVID_REAL
2022-03-28,Manhattan Hospital,MN,10001,6,28,572,NYC_COVID_REAL
2022-03-28,Queens Medical Center,QN,11101,10,29,304,NYC_COVID_REAL
2022-03-28,Staten Island Hospital,SI,10301,2,13,77,NYC_COVID_REAL
2022-03-29,Bronx Medical Center,BX,10451,2,12,110,NYC_COVID_REAL
2022-03-29,Brooklyn Health Center,BK,11201,12,22,481,NYC_COVID_REAL
2022-03-29,Manhattan Hospital,MN,10001,2,26,494,NYC_COVID_REAL
2022-03-29,Queens Medical Center,QN,11101,11,37,261,NYC_COVID_REAL
2022-03-29,Staten Island Hospital,SI,10301,2,22,89,NYC_COVID_REAL
2022-03-30,Bronx Medical Center,BX,10451,9,28,119,NYC_COVID_REAL
2022-03-30,Brooklyn Health Center,BK,11201,13,36,455,NYC_COVID_REAL
2022-03-30,Manhattan Hospital,MN,10001,5,29,549,NYC_COVID_REAL
2022-03-30,Queens Medical Center,QN,11101,13,30,309,NYC_COVID_REAL
2022-03-30,Staten Island Hospital,SI,10301,1,16,82,NYC_COVID_REAL
2022-03-31,Bronx Medical Center,BX,10451,5,24,97,NYC_COVID_REAL
2022-03-31,Brooklyn Health Center,BK,11201,8,34,447,NYC_COVID_REAL
2022-03-31,Manhattan Hospital,MN,10001,15,25,588,NYC_COVID_REAL
2022-03-31,Queens Medical Center,QN,11101,9,31,277,NYC_COVID_REAL
2022-03-31,Staten Island Hospital,SI,10301,6,29,99,NYC_COVID_REAL
2022-04-01,Bronx Medical Center,BX,10451,4,21,112,NYC_COVID_REAL
2022-04-01,Brooklyn Health Center,BK,11201,5,15,398,NYC_COVID_REAL
2022-04-01,Manhattan Hospital,MN,10001,14,42,476,NYC_COVID_REAL
2022-04-01,Queens Medical Center,QN,11101,5,29,285,NYC_COVID_REAL
2022-04-01,Staten Island Hospital,SI,10301,5,29,66,NYC_COVID_REAL
2022-04-02,Bronx Medical Center,BX,10451,5,33,70,NYC_COVID_REAL
2022-04-02,Brooklyn Health Center,BK,11201,7,36,286,NYC_COVID_REAL
2022-04-02,Manhattan Hospital,MN,10001,8,28,311,NYC_COVID_REAL
2022-04-02,Queens Medical Center,QN,11101,8,35,175,NYC_COVID_REAL
2022-04-02,Staten Island Hospital,SI,10301,1,18,35,NYC_COVID_REAL
2022-04-03,Bronx Medical Center,BX,10451,6,19,54,NYC_COVID_REAL
2022-04-03,Brooklyn Health Center,BK,11201,6,35,292,NYC_COVID_REAL
2022-04-03,Manhattan Hospital,MN,10001,6,25,305,NYC_COVID_REAL
2022-04-03,Queens Medical Center,QN,11101,3,16,189,NYC_COVID_REAL
2022-04-03,Staten Island Hospital,SI,10301,3,16,63,NYC_COVID_REAL
2022-04-04,Bronx Medical Center,BX,10451,3,15,187,NYC_COVID_REAL
2022-04-04,Brooklyn Health Center,BK,11201,9,35,620,NYC_COVID_REAL
2022-04-04,Manhattan Hospital,MN,10001,14,35,793,NYC_COVID_REAL
2022-04-04,Queens Medical Center,QN,11101,10,26,458,NYC_COVID_REAL
2022-04-04,Staten Island Hospital,SI,10301,2,30,96,NYC_COVID_REAL
2022-04-05,Bronx Medical Center,BX,10451,8,37,149,NYC_COVID_REAL
2022-04-05,Brooklyn Health Center,BK,11201,24,36,630,NYC_COVID_REAL
2022-04-05,Manhattan Hospital,MN,10001,5,22,720,NYC_COVID_REAL
2022-04-05,Queens Medical Center,QN,11101,6,35,368,NYC_COVID_REAL
2022-04-05,Staten Island Hospital,SI,10301,4,17,111,NYC_COVID_REAL
2022-04-06,Bronx Medical Center,BX,10451,6,27,149,NYC_COVID_REAL
2022-04-06,Brooklyn Health Center,BK,11201,16,38,646,NYC_COVID_REAL
2022-04-06,Manhattan Hospital,MN,10001,8,26,822,NYC_COVID_REAL
2022-04-06,Queens Medical Center,QN,11101,11,25,386,NYC_COVID_REAL
2022-04-06,Staten Island Hospital,SI,10301,2,16,87,NYC_COVID_REAL
2022-04-07,Bronx Medical Center,BX,10451,8,25,144,NYC_COVID_REAL
2022-04-07,Brooklyn Health Center,BK,11201,16,44,586,NYC_COVID_REAL
2022-04-07,Manhattan Hospital,MN,10001,9,21,776,NYC_COVID_REAL
2022-04-07,Queens Medical Center,QN,11101,11,23,380,NYC_COVID_REAL
2022-04-07,Staten Island Hospital,SI,10301,1,21,121,NYC_COVID_REAL
2022-04-08,Bronx Medical Center,BX,10451,10,33,136,NYC_COVID_REAL
2022-04-08,Brooklyn Health Center,BK,11201,14,28,550,NYC_COVID_REAL
2022-04-08,Manhattan Hospital,MN,10001,11,30,644,NYC_COVID_REAL
2022-04-08,Queens Medical Center,QN,11101,9,22,427,NYC_COVID_REAL
2022-04-08,Staten Island Hospital,SI,10301,2,13,127,NYC_COVID_REAL
2022-04-09,Bronx Medical Center,BX,10451,6,29,69,NYC_COVID_REAL
2022-04-09,Brooklyn Health Center,BK,11201,12,31,371,NYC_COVID_REAL
2022-04-09,Manhattan Hospital,MN,10001,8,24,403,NYC_COVID_REAL
2022-04-09,Queens Medical Center,QN,11101,14,39,263,NYC_COVID_REAL
2022-04-09,Staten Island Hospital,SI,10301,1,15,65,NYC_COVID_REAL
2022-04-10,Bronx Medical Center,BX,10451,8,18,69,NYC_COVID_REAL
2022-04-10,Brooklyn Health Center,BK,11201,7,32,343,NYC_COVID_REAL
2022-04-10,Manhattan Hospital,MN,10001,15,27,450,NYC_COVID_REAL
2022-04-10,Queens Medical Center,QN,11101,10,23,239,NYC_COVID_REAL
2022-04-10,Staten Island Hospital,SI,10301,2,20,88,NYC_COVID_REAL
2022-04-11,Bronx Medical Center,BX,10451,9,32,223,NYC_COVID_REAL
2022-04-11,Brooklyn Health Center,BK,11201,14,28,765,NYC_COVID_REAL
2022-04-11,Manhattan Hospital,MN,10001,14,32,935,NYC_COVID_REAL
2022-04-11,Queens Medical Center,QN,11101,14,26,502,NYC_COVID_REAL
2022-04-11,Staten Island Hospital,SI,10301,5,32,167,NYC_COVID_REAL
2022-04-12,Bronx Medical Center,BX,10451,9,24,206,NYC_COVID_REAL
2022-04-12,Brooklyn Health Center,BK,11201,12,26,712,NYC_COVID_REAL
2022-04-12,Manhattan Hospital,MN,10001,11,29,889,NYC_COVID_REAL
2022-04-12,Queens Medical Center,QN,11101,10,23,495,NYC_COVID_REAL
2022-04-12,Staten Island Hospital,SI,10301,2,17,121,NYC_COVID_REAL
2022-04-13,Bronx Medical Center,BX,10451,8,21,201,NYC_COVID_REAL
2022-04-13,Brooklyn Health Center,BK,11201,18,40,732,NYC_COVID_REAL
2022-04-13,Manhattan Hospital,MN,10001,9,30,906,NYC_COVID_REAL
2022-04-13,Queens Medical Center,QN,11101,8,35,577,NYC_COVID_REAL
2022-04-13,Staten Island Hospital,SI,10301,6,29,191,NYC_COVID_REAL
2022-04-14,Bronx Medical Center,BX,10451,7,23,191,NYC_COVID_REAL
2022-04-14,Brooklyn Health Center,BK,11201,14,29,639,NYC_COVID_REAL
2022-04-14,Manhattan Hospital,MN,10001,12,26,802,NYC_COVID_REAL
2022-04-14,Queens Medical Center,QN,11101,10,21,551,NYC_COVID_REAL
2022-04-14,Staten Island Hospital,SI,10301,5,24,122,NYC_COVID_REAL
2022-04-15,Bronx Medical Center,BX,10451,13,30,137,NYC_COVID_REAL
2022-04-15,Brooklyn Health Center,BK,11201,15,34,592,NYC_COVID_REAL
2022-04-15,Manhattan Hospital,MN,10001,6,22,673,NYC_COVID_REAL
2022-04-15,Queens Medical Center,QN,11101,16,26,479,NYC_COVID_REAL
2022-04-15,Staten Island Hospital,SI,10301,4,17,123,NYC_COVID_REAL
2022-04-16,Bronx Medical Center,BX,10451,9,20,116,NYC_COVID_REAL
2022-04-16,Brooklyn Health Center,BK,11201,12,35,350,NYC_COVID_REAL
2022-04-16,Manhattan Hospital,MN,10001,8,35,323,NYC_COVID_REAL
2022-04-16,Queens Medical Center,QN,11101,11,30,329,NYC_COVID_REAL
2022-04-16,Staten Island Hospital,SI,10301,1,24,87,NYC_COVID_REAL
2022-04-17,Bronx Medical Center,BX,10451,12,30,80,NYC_COVID_REAL
2022-04-17,Brooklyn Health Center,BK,11201,9,28,289,NYC_COVID_REAL
2022-04-17,Manhattan Hospital,MN,10001,13,41,302,NYC_COVID_REAL
2022-04-17,Queens Medical Center,QN,11101,13,33,234,NYC_COVID_REAL
2022-04-17,Staten Island Hospital,SI,10301,3,29,61,NYC_COVID_REAL
2022-04-18,Bronx Medical Center,BX,10451,10,30,187,NYC_COVID_REAL
2022-04-18,Brooklyn Health Center,BK,11201,20,39,663,NYC_COVID_REAL
2022-04-18,Manhattan Hospital,MN,10001,11,35,765,NYC_COVID_REAL
2022-04-18,Queens Medical Center,QN,11101,14,43,565,NYC_COVID_REAL
2022-04-18,Staten Island Hospital,SI,10301,4,29,167,NYC_COVID_REAL
2022-04-19,Bronx Medical Center,BX,10451,6,32,180,NYC_COVID_REAL
2022-04-19,Brooklyn Health Center,BK,11201,22,44,677,NYC_COVID_REAL
2022-04-19,Manhattan Hospital,MN,10001,11,33,733,NYC_COVID_REAL
2022-04-19,Queens Medical Center,QN,11101,18,44,597,NYC_COVID_REAL
2022-04-19,Staten Island Hospital,SI,10301,3,24,114,NYC_COVID_REAL
2022-04-20,Bronx Medical Center,BX,10451,5,28,194,NYC_COVID_REAL
2022-04-20,Brooklyn Health Center,BK,11201,20,45,581,NYC_COVID_REAL
2022-04-20,Manhattan Hospital,MN,10001,7,28,684,NYC_COVID_REAL
2022-04-20,Queens Medical Center,QN,11101,10,24,582,NYC_COVID_REAL
2022-04-20,Staten Island Hospital,SI,10301,2,25,125,NYC_COVID_REAL
2022-04-21,Bronx Medical Center,BX,10451,11,35,176,NYC_COVID_REAL
2022-04-21,Brooklyn Health Center,BK,11201,13,25,614,NYC_COVID_REAL
2022-04-21,Manhattan Hospital,MN,10001,11,31,551,NYC_COVID_REAL
2022-04-21,Queens Medical Center,QN,11101,13,24,494,NYC_COVID_REAL
2022-04-21,Staten Island Hospital,SI,10301,12,30,157,NYC_COVID_REAL
2022-04-22,Bronx Medical Center,BX,10451,8,25,171,NYC_COVID_REAL
2022-04-22,Brooklyn Health Center,BK,11201,21,39,512,NYC_COVID_REAL
2022-04-22,Manhattan Hospital,MN,10001,23,47,464,NYC_COVID_REAL
2022-04-22,Queens Medical Center,QN,11101,24,52,518,NYC_COVID_REAL
2022-04-22,Staten Island Hospital,SI,10301,9,23,151,NYC_COVID_REAL
2022-04-23,Bronx Medical Center,BX,10451,14,42,116,NYC_COVID_REAL
2022-04-23,Brooklyn Health Center,BK,11201,15,41,462,NYC_COVID_REAL
2022-04-23,Manhattan Hospital,MN,10001,11,32,338,NYC_COVID_REAL
2022-04-23,Queens Medical Center,QN,11101,14,37,405,NYC_COVID_REAL
2022-04-23,Staten Island Hospital,SI,10301,2,29,90,NYC_COVID_REAL
2022-04-24,Bronx Medical Center,BX,10451,8,19,112,NYC_COVID_REAL
2022-04-24,Brooklyn Health Center,BK,11201,14,40,422,NYC_COVID_REAL
2022-04-24,Manhattan Hospital,MN,10001,11,25,350,NYC_COVID_REAL
2022-04-24,Queens Medical Center,QN,11101,14,43,429,NYC_COVID_REAL
2022-04-24,Staten Island Hospital,SI,10301,2,27,151,NYC_COVID_REAL
2022-04-25,Bronx Medical Center,BX,10451,5,15,293,NYC_COVID_REAL
2022-04-25,Brooklyn Health Center,BK,11201,16,41,927,NYC_COVID_REAL
2022-04-25,Manhattan Hospital,MN,10001,19,43,761,NYC_COVID_REAL
2022-04-25,Queens Medical Center,QN,11101,16,45,768,NYC_COVID_REAL
2022-04-25,Staten Island Hospital,SI,10301,9,38,168,NYC_COVID_REAL
2022-04-26,Bronx Medical Center,BX,10451,15,31,260,NYC_COVID_REAL
2022-04-26,Brooklyn Health Center,BK,11201,13,24,834,NYC_COVID_REAL
2022-04-26,Manhattan Hospital,MN,10001,11,32,901,NYC_COVID_REAL
2022-04-26,Queens Medical Center,QN,11101,25,53,758,NYC_COVID_REAL
2022-04-26,Staten Island Hospital,SI,10301,5,32,198,NYC_COVID_REAL
2022-04-27,Bronx Medical Center,BX,10451,17,41,298,NYC_COVID_REAL
2022-04-27,Brooklyn Health Center,BK,11201,26,38,831,NYC_COVID_REAL
2022-04-27,Manhattan Hospital,MN,10001,23,52,758,NYC_COVID_REAL
2022-04-27,Queens Medical Center,QN,11101,17,34,759,NYC_COVID_REAL
2022-04-27,Staten Island Hospital,SI,10301,5,20,141,NYC_COVID_REAL
2022-04-28,Bronx Medical Center,BX,10451,10,32,246,NYC_COVID_REAL
2022-04-28,Brooklyn Health Center,BK,11201,31,41,810,NYC_COVID_REAL
2022-04-28,Manhattan Hospital,MN,10001,17,42,690,NYC_COVID_REAL
2022-04-28,Queens Medical Center,QN,11101,15,27,762,NYC_COVID_REAL
2022-04-28,Staten Island Hospital,SI,10301,2,19,159,NYC_COVID_REAL
2022-04-29,Bronx Medical Center,BX,10451,19,43,230,NYC_COVID_REAL
2022-04-29,Brooklyn Health Center,BK,11201,19,46,829,NYC_COVID_REAL
2022-04-29,Manhattan Hospital,MN,10001,15,31,816,NYC_COVID_REAL
2022-04-29,Queens Medical Center,QN,11101,17,27,763,NYC_COVID_REAL
2022-04-29,Staten Island Hospital,SI,10301,6,18,147,NYC_COVID_REAL
2022-04-30,Bronx Medical Center,BX,10451,14,38,137,NYC_COVID_REAL
2022-04-30,Brooklyn Health Center,BK,11201,14,37,498,NYC_COVID_REAL
2022-04-30,Manhattan Hospital,MN,10001,15,41,382,NYC_COVID_REAL
2022-04-30,Queens Medical Center,QN,11101,22,39,491,NYC_COVID_REAL
2022-04-30,Staten Island Hospital,SI,10301,5,21,111,NYC_COVID_REAL
2022-05-01,Bronx Medical Center,BX,10451,9,36,132,NYC_COVID_REAL
2022-05-01,Brooklyn Health Center,BK,11201,19,36,564,NYC_COVID_REAL
2022-05-01,Manhattan Hospital,MN,10001,13,31,592,NYC_COVID_REAL
2022-05-01,Queens Medical Center,QN,11101,17,35,479,NYC_COVID_REAL
2022-05-01,Staten Island Hospital,SI,10301,3,19,111,NYC_COVID_REAL
2022-05-02,Bronx Medical Center,BX,10451,15,35,296,NYC_COVID_REAL
2022-05-02,Brooklyn Health Center,BK,11201,20,34,1191,NYC_COVID_REAL
2022-05-02,Manhattan Hospital,MN,10001,14,31,1195,NYC_COVID_REAL
2022-05-02,Queens Medical Center,QN,11101,15,43,1001,NYC_COVID_REAL
2022-05-02,Staten Island Hospital,SI,10301,4,15,211,NYC_COVID_REAL
2022-05-03,Bronx Medical Center,BX,10451,18,31,330,NYC_COVID_REAL
2022-05-03,Brooklyn Health Center,BK,11201,22,43,1126,NYC_COVID_REAL
2022-05-03,Manhattan Hospital,MN,10001,19,42,1018,NYC_COVID_REAL
2022-05-03,Queens Medical Center,QN,11101,22,38,1067,NYC_COVID_REAL
2022-05-03,Staten Island Hospital,SI,10301,6,21,236,NYC_COVID_REAL
2022-05-04,Bronx Medical Center,BX,10451,11,37,327,NYC_COVID_REAL
2022-05-04,Brooklyn Health Center,BK,11201,28,40,1116,NYC_COVID_REAL
2022-05-04,Manhattan Hospital,MN,10001,24,50,961,NYC_COVID_REAL
2022-05-04,Queens Medical Center,QN,11101,14,25,1046,NYC_COVID_REAL
2022-05-04,Staten Island Hospital,SI,10301,8,35,264,NYC_COVID_REAL
2022-05-05,Bronx Medical Center,BX,10451,23,37,377,NYC_COVID_REAL
2022-05-05,Brooklyn Health Center,BK,11201,23,48,1079,NYC_COVID_REAL
2022-05-05,Manhattan Hospital,MN,10001,20,40,799,NYC_COVID_REAL
2022-05-05,Queens Medical Center,QN,11101,24,37,1085,NYC_COVID_REAL
2022-05-05,Staten Island Hospital,SI,10301,10,34,231,NYC_COVID_REAL
2022-05-06,Bronx Medical Center,BX,10451,10,24,279,NYC_COVID_REAL
2022-05-06,Brooklyn Health Center,BK,11201,23,41,876,NYC_COVID_REAL
2022-05-06,Manhattan Hospital,MN,10001,16,29,706,NYC_COVID_REAL
2022-05-06,Queens Medical Center,QN,11101,25,38,982,NYC_COVID_REAL
2022-05-06,Staten Island Hospital,SI,10301,10,34,239,NYC_COVID_REAL
2022-05-07,Bronx Medical Center,BX,10451,14,41,161,NYC_COVID_REAL
2022-05-07,Brooklyn Health Center,BK,11201,21,33,523,NYC_COVID_REAL
2022-05-07,Manhattan Hospital,MN,10001,16,42,441,NYC_COVID_REAL
2022-05-07,Queens Medical Center,QN,11101,14,34,567,NYC_COVID_REAL
2022-05-07,Staten Island Hospital,SI,10301,10,20,161,NYC_COVID_REAL
2022-05-08,Bronx Medical Center,BX,10451,8,26,150,NYC_COVID_REAL
2022-05-08,Brooklyn Health Center,BK,11201,19,48,634,NYC_COVID_REAL
2022-05-08,Manhattan Hospital,MN,10001,13,34,459,NYC_COVID_REAL
2022-05-08,Queens Medical Center,QN,11101,18,36,538,NYC_COVID_REAL
2022-05-08,Staten Island Hospital,SI,10301,7,18,192,NYC_COVID_REAL
2022-05-09,Bronx Medical Center,BX,10451,15,29,473,NYC_COVID_REAL
2022-05-09,Brooklyn Health Center,BK,11201,26,48,1265,NYC_COVID_REAL
2022-05-09,Manhattan Hospital,MN,10001,26,42,1009,NYC_COVID_REAL
2022-05-09,Queens Medical Center,QN,11101,24,44,1296,NYC_COVID_REAL
2022-05-09,Staten Island Hospital,SI,10301,9,29,304,NYC_COVID_REAL
2022-05-10,Bronx Medical Center,BX,10451,20,40,376,NYC_COVID_REAL
2022-05-10,Brooklyn Health Center,BK,11201,23,34,1333,NYC_COVID_REAL
2022-05-10,Manhattan Hospital,MN,10001,18,41,911,NYC_COVID_REAL
2022-05-10,Queens Medical Center,QN,11101,33,47,1148,NYC_COVID_REAL
2022-05-10,Staten Island Hospital,SI,10301,8,34,273,NYC_COVID_REAL
2022-05-11,Bronx Medical Center,BX,10451,28,52,433,NYC_COVID_REAL
2022-05-11,Brooklyn Health Center,BK,11201,35,56,1256,NYC_COVID_REAL
2022-05-11,Manhattan Hospital,MN,10001,13,32,956,NYC_COVID_REAL
2022-05-11,Queens Medical Center,QN,11101,22,32,1145,NYC_COVID_REAL
2022-05-11,Staten Island Hospital,SI,10301,5,24,294,NYC_COVID_REAL
2022-05-12,Bronx Medical Center,BX,10451,21,46,440,NYC_COVID_REAL
2022-05-12,Brooklyn Health Center,BK,11201,16,42,1213,NYC_COVID_REAL
2022-05-12,Manhattan Hospital,MN,10001,23,48,861,NYC_COVID_REAL
2022-05-12,Queens Medical Center,QN,11101,27,51,1171,NYC_COVID_REAL
2022-05-12,Staten Island Hospital,SI,10301,9,27,312,NYC_COVID_REAL
2022-05-13,Bronx Medical Center,BX,10451,23,51,413,NYC_COVID_REAL
2022-05-13,Brooklyn Health Center,BK,11201,40,51,1077,NYC_COVID_REAL
2022-05-13,Manhattan Hospital,MN,10001,21,34,713,NYC_COVID_REAL
2022-05-13,Queens Medical Center,QN,11101,30,55,1061,NYC_COVID_REAL
2022-05-13,Staten Island Hospital,SI,10301,9,36,266,NYC_COVID_REAL
2022-05-14,Bronx Medical Center,BX,10451,15,37,238,NYC_COVID_REAL
2022-05-14,Brooklyn Health Center,BK,11201,35,53,733,NYC_COVID_REAL
2022-05-14,Manhattan Hospital,MN,10001,21,36,508,NYC_COVID_REAL
2022-05-14,Queens Medical Center,QN,11101,28,57,740,NYC_COVID_REAL
2022-05-14,Staten Island Hospital,SI,10301,4,16,214,NYC_COVID_REAL
2022-05-15,Bronx Medical Center,BX,10451,20,46,209,NYC_COVID_REAL
2022-05-15,Brooklyn Health Center,BK,11201,18,44,750,NYC_COVID_REAL
2022-05-15,Manhattan Hospital,MN,10001,11,26,451,NYC_COVID_REAL
2022-05-15,Queens Medical Center,QN,11101,25,41,635,NYC_COVID_REAL
2022-05-15,Staten Island Hospital,SI,10301,9,29,195,NYC_COVID_REAL
2022-05-16,Bronx Medical Center,BX,10451,15,42,559,NYC_COVID_REAL
2022-05-16,Brooklyn Health Center,BK,11201,32,46,1402,NYC_COVID_REAL
2022-05-16,Manhattan Hospital,MN,10001,27,48,976,NYC_COVID_REAL
2022-05-16,Queens Medical Center,QN,11101,33,50,1249,NYC_COVID_REAL
2022-05-16,Staten Island Hospital,SI,10301,14,35,318,NYC_COVID_REAL
2022-05-17,Bronx Medical Center,BX,10451,25,41,477,NYC_COVID_REAL
2022-05-17,Brooklyn Health Center,BK,11201,26,36,1205,NYC_COVID_REAL
2022-05-17,Manhattan Hospital,MN,10001,31,50,967,NYC_COVID_REAL
2022-05-17,Queens Medical Center,QN,11101,24,37,1155,NYC_COVID_REAL
2022-05-17,Staten Island Hospital,SI,10301,13,26,337,NYC_COVID_REAL
2022-05-18,Bronx Medical Center,BX,10451,16,34,551,NYC_COVID_REAL
2022-05-18,Brooklyn Health Center,BK,11201,24,39,1250,NYC_COVID_REAL
2022-05-18,Manhattan Hospital,MN,10001,31,52,931,NYC_COVID_REAL
2022-05-18,Queens Medical Center,QN,11101,30,58,1177,NYC_COVID_REAL
2022-05-18,Staten Island Hospital,SI,10301,7,26,344,NYC_COVID_REAL
2022-05-19,Bronx Medical Center,BX,10451,11,21,491,NYC_COVID_REAL
2022-05-19,Brooklyn Health Center,BK,11201,19,46,1143,NYC_COVID_REAL
2022-05-19,Manhattan Hospital,MN,10001,13,38,791,NYC_COVID_REAL
2022-05-19,Queens Medical Center,QN,11101,22,42,1045,NYC_COVID_REAL
2022-05-19,Staten Island Hospital,SI,10301,11,36,279,NYC_COVID_REAL
2022-05-20,Bronx Medical Center,BX,10451,36,56,432,NYC_COVID_REAL
2022-05-20,Brooklyn Health Center,BK,11201,27,46,1029,NYC_COVID_REAL
2022-05-20,Manhattan Hospital,MN,10001,21,31,761,NYC_COVID_REAL
2022-05-20,Queens Medical Center,QN,11101,36,63,972,NYC_COVID_REAL
2022-05-20,Staten Island Hospital,SI,10301,6,22,244,NYC_COVID_REAL
2022-05-21,Bronx Medical Center,BX,10451,36,58,287,NYC_COVID_REAL
2022-05-21,Brooklyn Health Center,BK,11201,36,50,663,NYC_COVID_REAL
2022-05-21,Manhattan Hospital,MN,10001,17,41,576,NYC_COVID_REAL
2022-05-21,Queens Medical Center,QN,11101,27,42,731,NYC_COVID_REAL
2022-05-21,Staten Island Hospital,SI,10301,14,38,195,NYC_COVID_REAL
2022-05-22,Bronx Medical Center,BX,10451,17,30,214,NYC_COVID_REAL
2022-05-22,Brooklyn Health Center,BK,11201,41,66,721,NYC_COVID_REAL
2022-05-22,Manhattan Hospital,MN,10001,22,50,598,NYC_COVID_REAL
2022-05-22,Queens Medical Center,QN,11101,25,42,611,NYC_COVID_REAL
2022-05-22,Staten Island Hospital,SI,10301,6,26,188,NYC_COVID_REAL
2022-05-23,Bronx Medical Center,BX,10451,19,36,558,NYC_COVID_REAL
2022-05-23,Brooklyn Health Center,BK,11201,42,69,1404,NYC_COVID_REAL
2022-05-23,Manhattan Hospital,MN,10001,34,53,1094,NYC_COVID_REAL
2022-05-23,Queens Medical Center,QN,11101,31,46,1277,NYC_COVID_REAL
2022-05-23,Staten Island Hospital,SI,10301,7,21,363,NYC_COVID_REAL
2022-05-24,Bronx Medical Center,BX,10451,10,35,521,NYC_COVID_REAL
2022-05-24,Brooklyn Health Center,BK,11201,45,67,1174,NYC_COVID_REAL
2022-05-24,Manhattan Hospital,MN,10001,15,39,961,NYC_COVID_REAL
2022-05-24,Queens Medical Center,QN,11101,27,45,1019,NYC_COVID_REAL
2022-05-24,Staten Island Hospital,SI,10301,8,34,277,NYC_COVID_REAL
2022-05-25,Bronx Medical Center,BX,10451,25,39,453,NYC_COVID_REAL
2022-05-25,Brooklyn Health Center,BK,11201,48,59,1199,NYC_COVID_REAL
2022-05-25,Manhattan Hospital,MN,10001,23,43,885,NYC_COVID_REAL
2022-05-25,Queens Medical Center,QN,11101,29,40,1085,NYC_COVID_REAL
2022-05-25,Staten Island Hospital,SI,10301,8,18,262,NYC_COVID_REAL
2022-05-26,Bronx Medical Center,BX,10451,23,45,431,NYC_COVID_REAL
2022-05-26,Brooklyn Health Center,BK,11201,30,59,996,NYC_COVID_REAL
2022-05-26,Manhattan Hospital,MN,10001,23,44,726,NYC_COVID_REAL
2022-05-26,Queens Medical Center,QN,11101,27,52,915,NYC_COVID_REAL
2022-05-26,Staten Island Hospital,SI,10301,14,36,235,NYC_COVID_REAL
2022-05-27,Bronx Medical Center,BX,10451,20,41,370,NYC_COVID_REAL
2022-05-27,Brooklyn Health Center,BK,11201,26,47,880,NYC_COVID_REAL
2022-05-27,Manhattan Hospital,MN,10001,13,38,695,NYC_COVID_REAL
2022-05-27,Queens Medical Center,QN,11101,22,42,837,NYC_COVID_REAL
2022-05-27,Staten Island Hospital,SI,10301,7,21,178,NYC_COVID_REAL
2022-05-28,Bronx Medical Center,BX,10451,10,21,193,NYC_COVID_REAL
2022-05-28,Brooklyn Health Center,BK,11201,20,41,566,NYC_COVID_REAL
2022-05-28,Manhattan Hospital,MN,10001,15,31,483,NYC_COVID_REAL
2022-05-28,Queens Medical Center,QN,11101,13,35,590,NYC_COVID_REAL
2022-05-28,Staten Island Hospital,SI,10301,12,28,174,NYC_COVID_REAL
2022-05-29,Bronx Medical Center,BX,10451,14,24,182,NYC_COVID_REAL
2022-05-29,Brooklyn Health Center,BK,11201,36,55,599,NYC_COVID_REAL
2022-05-29,Manhattan Hospital,MN,10001,11,30,404,NYC_COVID_REAL
2022-05-29,Queens Medical Center,QN,11101,17,29,483,NYC_COVID_REAL
2022-05-29,Staten Island Hospital,SI,10301,8,28,119,NYC_COVID_REAL
2022-05-30,Bronx Medical Center,BX,10451,17,30,210,NYC_COVID_REAL
2022-05-30,Brooklyn Health Center,BK,11201,27,43,519,NYC_COVID_REAL
2022-05-30,Manhattan Hospital,MN,10001,18,30,426,NYC_COVID_REAL
2022-05-30,Queens Medical Center,QN,11101,23,33,467,NYC_COVID_REAL
2022-05-30,Staten Island Hospital,SI,10301,10,21,102,NYC_COVID_REAL
2022-05-31,Bronx Medical Center,BX,10451,21,47,513,NYC_COVID_REAL
2022-05-31,Brooklyn Health Center,BK,11201,27,42,1313,NYC_COVID_REAL
2022-05-31,Manhattan Hospital,MN,10001,26,49,1003,NYC_COVID_REAL
2022-05-31,Queens Medical Center,QN,11101,36,65,1156,NYC_COVID_REAL
2022-05-31,Staten Island Hospital,SI,10301,9,33,296,NYC_COVID_REAL
2022-06-01,Bronx Medical Center,BX,10451,18,39,502,NYC_COVID_REAL
2022-06-01,Brooklyn Health Center,BK,11201,37,51,1115,NYC_COVID_REAL
2022-06-01,Manhattan Hospital,MN,10001,14,25,803,NYC_COVID_REAL
2022-06-01,Queens Medical Center,QN,11101,27,53,951,NYC_COVID_REAL
2022-06-01,Staten Island Hospital,SI,10301,9,21,231,NYC_COVID_REAL
2022-06-02,Bronx Medical Center,BX,10451,19,43,382,NYC_COVID_REAL
2022-06-02,Brooklyn Health Center,BK,11201,26,49,1010,NYC_COVID_REAL
2022-06-02,Manhattan Hospital,MN,10001,25,50,754,NYC_COVID_REAL
2022-06-02,Queens Medical Center,QN,11101,31,49,845,NYC_COVID_REAL
2022-06-02,Staten Island Hospital,SI,10301,10,32,206,NYC_COVID_REAL
2022-06-03,Bronx Medical Center,BX,10451,16,34,351,NYC_COVID_REAL
2022-06-03,Brooklyn Health Center,BK,11201,30,40,804,NYC_COVID_REAL
2022-06-03,Manhattan Hospital,MN,10001,14,29,654,NYC_COVID_REAL
2022-06-03,Queens Medical Center,QN,11101,27,40,823,NYC_COVID_REAL
2022-06-03,Staten Island Hospital,SI,10301,7,32,169,NYC_COVID_REAL
2022-06-04,Bronx Medical Center,BX,10451,8,37,193,NYC_COVID_REAL
2022-06-04,Brooklyn Health Center,BK,11201,21,35,532,NYC_COVID_REAL
2022-06-04,Manhattan Hospital,MN,10001,10,36,402,NYC_COVID_REAL
2022-06-04,Queens Medical Center,QN,11101,16,39,507,NYC_COVID_REAL
2022-06-04,Staten Island Hospital,SI,10301,10,20,140,NYC_COVID_REAL
2022-06-05,Bronx Medical Center,BX,10451,19,43,172,NYC_COVID_REAL
2022-06-05,Brooklyn Health Center,BK,11201,22,40,475,NYC_COVID_REAL
2022-06-05,Manhattan Hospital,MN,10001,13,32,395,NYC_COVID_REAL
2022-06-05,Queens Medical Center,QN,11101,16,32,510,NYC_COVID_REAL
2022-06-05,Staten Island Hospital,SI,10301,7,35,115,NYC_COVID_REAL
2022-06-06,Bronx Medical Center,BX,10451,21,47,426,NYC_COVID_REAL
2022-06-06,Brooklyn Health Center,BK,11201,34,60,984,NYC_COVID_REAL
2022-06-06,Manhattan Hospital,MN,10001,21,39,714,NYC_COVID_REAL
2022-06-06,Queens Medical Center,QN,11101,32,59,989,NYC_COVID_REAL
2022-06-06,Staten Island Hospital,SI,10301,9,38,213,NYC_COVID_REAL
2022-06-07,Bronx Medical Center,BX,10451,23,34,380,NYC_COVID_REAL
2022-06-07,Brooklyn Health Center,BK,11201,27,47,900,NYC_COVID_REAL
2022-06-07,Manhattan Hospital,MN,10001,11,29,603,NYC_COVID_REAL
2022-06-07,Queens Medical Center,QN,11101,21,45,853,NYC_COVID_REAL
2022-06-07,Staten Island Hospital,SI,10301,7,32,175,NYC_COVID_REAL
2022-06-08,Bronx Medical Center,BX,10451,21,37,337,NYC_COVID_REAL
2022-06-08,Brooklyn Health Center,BK,11201,46,67,916,NYC_COVID_REAL
2022-06-08,Manhattan Hospital,MN,10001,19,29,626,NYC_COVID_REAL
2022-06-08,Queens Medical Center,QN,11101,30,51,842,NYC_COVID_REAL
2022-06-08,Staten Island Hospital,SI,10301,7,22,197,NYC_COVID_REAL
2022-06-09,Bronx Medical Center,BX,10451,15,26,315,NYC_COVID_REAL
2022-06-09,Brooklyn Health Center,BK,11201,39,67,788,NYC_COVID_REAL
2022-06-09,Manhattan Hospital,MN,10001,28,56,566,NYC_COVID_REAL
2022-06-09,Queens Medical Center,QN,11101,27,43,704,NYC_COVID_REAL
2022-06-09,Staten Island Hospital,SI,10301,4,18,160,NYC_COVID_REAL
2022-06-10,Bronx Medical Center,BX,10451,19,44,319,NYC_COVID_REAL
2022-06-10,Brooklyn Health Center,BK,11201,32,55,720,NYC_COVID_REAL
2022-06-10,Manhattan Hospital,MN,10001,14,26,481,NYC_COVID_REAL
2022-06-10,Queens Medical Center,QN,11101,28,41,738,NYC_COVID_REAL
2022-06-10,Staten Island Hospital,SI,10301,6,34,157,NYC_COVID_REAL
2022-06-11,Bronx Medical Center,BX,10451,14,30,197,NYC_COVID_REAL
2022-06-11,Brooklyn Health Center,BK,11201,34,49,412,NYC_COVID_REAL
2022-06-11,Manhattan Hospital,MN,10001,16,29,254,NYC_COVID_REAL
2022-06-11,Queens Medical Center,QN,11101,20,47,494,NYC_COVID_REAL
2022-06-11,Staten Island Hospital,SI,10301,5,24,103,NYC_COVID_REAL
2022-06-12,Bronx Medical Center,BX,10451,15,32,154,NYC_COVID_REAL
2022-06-12,Brooklyn Health Center,BK,11201,22,46,425,NYC_COVID_REAL
2022-06-12,Manhattan Hospital,MN,10001,15,26,341,NYC_COVID_REAL
2022-06-12,Queens Medical Center,QN,11101,25,36,454,NYC_COVID_REAL
2022-06-12,Staten Island Hospital,SI,10301,1,14,137,NYC_COVID_REAL
2022-06-13,Bronx Medical Center,BX,10451,21,44,455,NYC_COVID_REAL
2022-06-13,Brooklyn Health Center,BK,11201,37,48,931,NYC_COVID_REAL
2022-06-13,Manhattan Hospital,MN,10001,17,37,656,NYC_COVID_REAL
2022-06-13,Queens Medical Center,QN,11101,36,49,879,NYC_COVID_REAL
2022-06-13,Staten Island Hospital,SI,10301,11,34,203,NYC_COVID_REAL
2022-06-14,Bronx Medical Center,BX,10451,21,36,336,NYC_COVID_REAL
2022-06-14,Brooklyn Health Center,BK,11201,28,48,879,NYC_COVID_REAL
2022-06-14,Manhattan Hospital,MN,10001,22,33,638,NYC_COVID_REAL
2022-06-14,Queens Medical Center,QN,11101,33,61,815,NYC_COVID_REAL
2022-06-14,Staten Island Hospital,SI,10301,11,30,198,NYC_COVID_REAL
2022-06-15,Bronx Medical Center,BX,10451,31,46,381,NYC_COVID_REAL
2022-06-15,Brooklyn Health Center,BK,11201,39,62,904,NYC_COVID_REAL
2022-06-15,Manhattan Hospital,MN,10001,18,42,596,NYC_COVID_REAL
2022-06-15,Queens Medical Center,QN,11101,31,47,771,NYC_COVID_REAL
2022-06-15,Staten Island Hospital,SI,10301,8,27,178,NYC_COVID_REAL
2022-06-16,Bronx Medical Center,BX,10451,24,36,325,NYC_COVID_REAL
2022-06-16,Brooklyn Health Center,BK,11201,35,49,726,NYC_COVID_REAL
2022-06-16,Manhattan Hospital,MN,10001,30,42,566,NYC_COVID_REAL
2022-06-16,Queens Medical Center,QN,11101,31,50,677,NYC_COVID_REAL
2022-06-16,Staten Island Hospital,SI,10301,8,20,174,NYC_COVID_REAL
2022-06-17,Bronx Medical Center,BX,10451,34,44,335,NYC_COVID_REAL
2022-06-17,Brooklyn Health Center,BK,11201,30,45,701,NYC_COVID_REAL
2022-06-17,Manhattan Hospital,MN,10001,18,29,519,NYC_COVID_REAL
2022-06-17,Queens Medical Center,QN,11101,21,33,745,NYC_COVID_REAL
2022-06-17,Staten Island Hospital,SI,10301,6,23,142,NYC_COVID_REAL
2022-06-18,Bronx Medical Center,BX,10451,22,50,243,NYC_COVID_REAL
2022-06-18,Brooklyn Health Center,BK,11201,27,41,527,NYC_COVID_REAL
2022-06-18,Manhattan Hospital,MN,10001,10,28,389,NYC_COVID_REAL
2022-06-18,Queens Medical Center,QN,11101,19,31,528,NYC_COVID_REAL
2022-06-18,Staten Island Hospital,SI,10301,4,24,117,NYC_COVID_REAL
2022-06-19,Bronx Medical Center,BX,10451,12,35,161,NYC_COVID_REAL
2022-06-19,Brooklyn Health Center,BK,11201,34,48,440,NYC_COVID_REAL
2022-06-19,Manhattan Hospital,MN,10001,12,31,368,NYC_COVID_REAL
2022-06-19,Queens Medical Center,QN,11101,28,38,507,NYC_COVID_REAL
2022-06-19,Staten Island Hospital,SI,10301,8,34,101,NYC_COVID_REAL
2022-06-20,Bronx Medical Center,BX,10451,18,44,322,NYC_COVID_REAL
2022-06-20,Brooklyn Health Center,BK,11201,35,59,685,NYC_COVID_REAL
2022-06-20,Manhattan Hospital,MN,10001,20,32,541,NYC_COVID_REAL
2022-06-20,Queens Medical Center,QN,11101,32,55,735,NYC_COVID_REAL
2022-06-20,Staten Island Hospital,SI,10301,9,28,160,NYC_COVID_REAL
2022-06-21,Bronx Medical Center,BX,10451,20,47,485,NYC_COVID_REAL
2022-06-21,Brooklyn Health Center,BK,11201,47,58,1093,NYC_COVID_REAL
2022-06-21,Manhattan Hospital,MN,10001,27,55,850,NYC_COVID_REAL
2022-06-21,Queens Medical Center,QN,11101,36,64,1008,NYC_COVID_REAL
2022-06-21,Staten Island Hospital,SI,10301,6,24,228,NYC_COVID_REAL
2022-06-22,Bronx Medical Center,BX,10451,27,47,480,NYC_COVID_REAL
2022-06-22,Brooklyn Health Center,BK,11201,35,57,898,NYC_COVID_REAL
2022-06-22,Manhattan Hospital,MN,10001,34,52,733,NYC_COVID_REAL
2022-06-22,Queens Medical Center,QN,11101,30,45,985,NYC_COVID_REAL
2022-06-22,Staten Island Hospital,SI,10301,10,34,199,NYC_COVID_REAL
2022-06-23,Bronx Medical Center,BX,10451,16,28,381,NYC_COVID_REAL
2022-06-23,Brooklyn Health Center,BK,11201,32,52,851,NYC_COVID_REAL
2022-06-23,Manhattan Hospital,MN,10001,28,56,690,NYC_COVID_REAL
2022-06-23,Queens Medical Center,QN,11101,28,55,847,NYC_COVID_REAL
2022-06-23,Staten Island Hospital,SI,10301,10,34,177,NYC_COVID_REAL
2022-06-24,Bronx Medical Center,BX,10451,31,54,390,NYC_COVID_REAL
2022-06-24,Brooklyn Health Center,BK,11201,56,68,812,NYC_COVID_REAL
2022-06-24,Manhattan Hospital,MN,10001,24,43,605,NYC_COVID_REAL
2022-06-24,Queens Medical Center,QN,11101,27,43,834,NYC_COVID_REAL
2022-06-24,Staten Island Hospital,SI,10301,8,33,176,NYC_COVID_REAL
2022-06-25,Bronx Medical Center,BX,10451,22,38,267,NYC_COVID_REAL
2022-06-25,Brooklyn Health Center,BK,11201,26,42,604,NYC_COVID_REAL
2022-06-25,Manhattan Hospital,MN,10001,22,32,462,NYC_COVID_REAL
2022-06-25,Queens Medical Center,QN,11101,24,52,600,NYC_COVID_REAL
2022-06-25,Staten Island Hospital,SI,10301,8,23,132,NYC_COVID_REAL
2022-06-26,Bronx Medical Center,BX,10451,16,30,227,NYC_COVID_REAL
2022-06-26,Brooklyn Health Center,BK,11201,38,64,625,NYC_COVID_REAL
2022-06-26,Manhattan Hospital,MN,10001,19,36,419,NYC_COVID_REAL
2022-06-26,Queens Medical Center,QN,11101,41,56,652,NYC_COVID_REAL
2022-06-26,Staten Island Hospital,SI,10301,5,17,137,NYC_COVID_REAL
2022-06-27,Bronx Medical Center,BX,10451,32,47,505,NYC_COVID_REAL
2022-06-27,Brooklyn Health Center,BK,11201,27,49,1123,NYC_COVID_REAL
2022-06-27,Manhattan Hospital,MN,10001,25,50,832,NYC_COVID_REAL
2022-06-27,Queens Medical Center,QN,11101,38,55,1071,NYC_COVID_REAL
2022-06-27,Staten Island Hospital,SI,10301,11,25,263,NYC_COVID_REAL
2022-06-28,Bronx Medical Center,BX,10451,23,39,509,NYC_COVID_REAL
2022-06-28,Brooklyn Health Center,BK,11201,33,46,1156,NYC_COVID_REAL
2022-06-28,Manhattan Hospital,MN,10001,24,52,784,NYC_COVID_REAL
2022-06-28,Queens Medical Center,QN,11101,30,45,988,NYC_COVID_REAL
2022-06-28,Staten Island Hospital,SI,10301,12,25,193,NYC_COVID_REAL
2022-06-29,Bronx Medical Center,BX,10451,32,56,496,NYC_COVID_REAL
2022-06-29,Brooklyn Health Center,BK,11201,48,74,1027,NYC_COVID_REAL
2022-06-29,Manhattan Hospital,MN,10001,27,40,831,NYC_COVID_REAL
2022-06-29,Queens Medical Center,QN,11101,28,53,1037,NYC_COVID_REAL
2022-06-29,Staten Island Hospital,SI,10301,7,27,214,NYC_COVID_REAL
2022-06-30,Bronx Medical Center,BX,10451,52,76,506,NYC_COVID_REAL
2022-06-30,Brooklyn Health Center,BK,11201,38,61,879,NYC_COVID_REAL
2022-06-30,Manhattan Hospital,MN,10001,28,42,710,NYC_COVID_REAL
2022-06-30,Queens Medical Center,QN,11101,34,59,877,NYC_COVID_REAL
2022-06-30,Staten Island Hospital,SI,10301,10,28,176,NYC_COVID_REAL
2022-07-01,Bronx Medical Center,BX,10451,33,60,467,NYC_COVID_REAL
2022-07-01,Brooklyn Health Center,BK,11201,37,64,877,NYC_COVID_REAL
2022-07-01,Manhattan Hospital,MN,10001,22,48,681,NYC_COVID_REAL
2022-07-01,Queens Medical Center,QN,11101,38,49,887,NYC_COVID_REAL
2022-07-01,Staten Island Hospital,SI,10301,10,25,198,NYC_COVID_REAL
2022-07-02,Bronx Medical Center,BX,10451,19,34,317,NYC_COVID_REAL
2022-07-02,Brooklyn Health Center,BK,11201,21,46,572,NYC_COVID_REAL
2022-07-02,Manhattan Hospital,MN,10001,33,55,488,NYC_COVID_REAL
2022-07-02,Queens Medical Center,QN,11101,40,63,677,NYC_COVID_REAL
2022-07-02,Staten Island Hospital,SI,10301,6,33,161,NYC_COVID_REAL
2022-07-03,Bronx Medical Center,BX,10451,29,57,296,NYC_COVID_REAL
2022-07-03,Brooklyn Health Center,BK,11201,42,58,634,NYC_COVID_REAL
2022-07-03,Manhattan Hospital,MN,10001,21,49,492,NYC_COVID_REAL
2022-07-03,Queens Medical Center,QN,11101,29,54,631,NYC_COVID_REAL
2022-07-03,Staten Island Hospital,SI,10301,6,16,159,NYC_COVID_REAL
2022-07-04,Bronx Medical Center,BX,10451,16,26,272,NYC_COVID_REAL
2022-07-04,Brooklyn Health Center,BK,11201,31,56,427,NYC_COVID_REAL
2022-07-04,Manhattan Hospital,MN,10001,26,41,434,NYC_COVID_REAL
2022-07-04,Queens Medical Center,QN,11101,38,57,493,NYC_COVID_REAL
2022-07-04,Staten Island Hospital,SI,10301,7,26,109,NYC_COVID_REAL
2022-07-05,Bronx Medical Center,BX,10451,51,73,790,NYC_COVID_REAL
2022-07-05,Brooklyn Health Center,BK,11201,43,53,1502,NYC_COVID_REAL
2022-07-05,Manhattan Hospital,MN,10001,24,51,1084,NYC_COVID_REAL
2022-07-05,Queens Medical Center,QN,11101,38,60,1526,NYC_COVID_REAL
2022-07-05,Staten Island Hospital,SI,10301,13,31,332,NYC_COVID_REAL
2022-07-06,Bronx Medical Center,BX,10451,44,54,645,NYC_COVID_REAL
2022-07-06,Brooklyn Health Center,BK,11201,46,71,1229,NYC_COVID_REAL
2022-07-06,Manhattan Hospital,MN,10001,29,55,961,NYC_COVID_REAL
2022-07-06,Queens Medical Center,QN,11101,46,62,1237,NYC_COVID_REAL
2022-07-06,Staten Island Hospital,SI,10301,16,41,284,NYC_COVID_REAL
2022-07-07,Bronx Medical Center,BX,10451,41,69,617,NYC_COVID_REAL
2022-07-07,Brooklyn Health Center,BK,11201,58,69,1249,NYC_COVID_REAL
2022-07-07,Manhattan Hospital,MN,10001,24,38,906,NYC_COVID_REAL
2022-07-07,Queens Medical Center,QN,11101,45,67,1210,NYC_COVID_REAL
2022-07-07,Staten Island Hospital,SI,10301,20,37,255,NYC_COVID_REAL
2022-07-08,Bronx Medical Center,BX,10451,32,58,531,NYC_COVID_REAL
2022-07-08,Brooklyn Health Center,BK,11201,47,76,1130,NYC_COVID_REAL
2022-07-08,Manhattan Hospital,MN,10001,29,47,778,NYC_COVID_REAL
2022-07-08,Queens Medical Center,QN,11101,41,52,1127,NYC_COVID_REAL
2022-07-08,Staten Island Hospital,SI,10301,12,22,244,NYC_COVID_REAL
2022-07-09,Bronx Medical Center,BX,10451,25,42,393,NYC_COVID_REAL
2022-07-09,Brooklyn Health Center,BK,11201,48,62,758,NYC_COVID_REAL
2022-07-09,Manhattan Hospital,MN,10001,18,33,472,NYC_COVID_REAL
2022-07-09,Queens Medical Center,QN,11101,29,58,743,NYC_COVID_REAL
2022-07-09,Staten Island Hospital,SI,10301,16,39,184,NYC_COVID_REAL
2022-07-10,Bronx Medical Center,BX,10451,18,41,269,NYC_COVID_REAL
2022-07-10,Brooklyn Health Center,BK,11201,43,67,725,NYC_COVID_REAL
2022-07-10,Manhattan Hospital,MN,10001,28,44,522,NYC_COVID_REAL
2022-07-10,Queens Medical Center,QN,11101,44,69,750,NYC_COVID_REAL
2022-07-10,Staten Island Hospital,SI,10301,14,33,187,NYC_COVID_REAL
2022-07-11,Bronx Medical Center,BX,10451,46,62,744,NYC_COVID_REAL
2022-07-11,Brooklyn Health Center,BK,11201,55,65,1412,NYC_COVID_REAL
2022-07-11,Manhattan Hospital,MN,10001,34,48,1040,NYC_COVID_REAL
2022-07-11,Queens Medical Center,QN,11101,50,60,1470,NYC_COVID_REAL
2022-07-11,Staten Island Hospital,SI,10301,16,42,321,NYC_COVID_REAL
2022-07-12,Bronx Medical Center,BX,10451,42,64,698,NYC_COVID_REAL
2022-07-12,Brooklyn Health Center,BK,11201,56,82,1253,NYC_COVID_REAL
2022-07-12,Manhattan Hospital,MN,10001,37,56,850,NYC_COVID_REAL
2022-07-12,Queens Medical Center,QN,11101,51,66,1203,NYC_COVID_REAL
2022-07-12,Staten Island Hospital,SI,10301,14,39,243,NYC_COVID_REAL
2022-07-13,Bronx Medical Center,BX,10451,37,58,627,NYC_COVID_REAL
2022-07-13,Brooklyn Health Center,BK,11201,43,68,1181,NYC_COVID_REAL
2022-07-13,Manhattan Hospital,MN,10001,29,44,816,NYC_COVID_REAL
2022-07-13,Queens Medical Center,QN,11101,55,69,1143,NYC_COVID_REAL
2022-07-13,Staten Island Hospital,SI,10301,14,30,209,NYC_COVID_REAL
2022-07-14,Bronx Medical Center,BX,10451,39,59,609,NYC_COVID_REAL
2022-07-14,Brooklyn Health Center,BK,11201,49,62,1191,NYC_COVID_REAL
2022-07-14,Manhattan Hospital,MN,10001,26,40,762,NYC_COVID_REAL
2022-07-14,Queens Medical Center,QN,11101,51,76,1114,NYC_COVID_REAL
2022-07-14,Staten Island Hospital,SI,10301,13,38,228,NYC_COVID_REAL
2022-07-15,Bronx Medical Center,BX,10451,44,70,568,NYC_COVID_REAL
2022-07-15,Brooklyn Health Center,BK,11201,43,70,1164,NYC_COVID_REAL
2022-07-15,Manhattan Hospital,MN,10001,31,48,732,NYC_COVID_REAL
2022-07-15,Queens Medical Center,QN,11101,57,70,1084,NYC_COVID_REAL
2022-07-15,Staten Island Hospital,SI,10301,11,21,196,NYC_COVID_REAL
2022-07-16,Bronx Medical Center,BX,10451,38,55,360,NYC_COVID_REAL
2022-07-16,Brooklyn Health Center,BK,11201,36,48,633,NYC_COVID_REAL
2022-07-16,Manhattan Hospital,MN,10001,38,58,445,NYC_COVID_REAL
2022-07-16,Queens Medical Center,QN,11101,32,55,746,NYC_COVID_REAL
2022-07-16,Staten Island Hospital,SI,10301,11,33,177,NYC_COVID_REAL
2022-07-17,Bronx Medical Center,BX,10451,27,42,307,NYC_COVID_REAL
2022-07-17,Brooklyn Health Center,BK,11201,51,70,685,NYC_COVID_REAL
2022-07-17,Manhattan Hospital,MN,10001,27,55,524,NYC_COVID_REAL
2022-07-17,Queens Medical Center,QN,11101,39,50,705,NYC_COVID_REAL
2022-07-17,Staten Island Hospital,SI,10301,10,31,169,NYC_COVID_REAL
2022-07-18,Bronx Medical Center,BX,10451,39,64,627,NYC_COVID_REAL
2022-07-18,Brooklyn Health Center,BK,11201,64,78,1261,NYC_COVID_REAL
2022-07-18,Manhattan Hospital,MN,10001,30,51,852,NYC_COVID_REAL
2022-07-18,Queens Medical Center,QN,11101,52,63,1348,NYC_COVID_REAL
2022-07-18,Staten Island Hospital,SI,10301,18,37,278,NYC_COVID_REAL
2022-07-19,Bronx Medical Center,BX,10451,34,60,650,NYC_COVID_REAL
2022-07-19,Brooklyn Health Center,BK,11201,65,76,1164,NYC_COVID_REAL
2022-07-19,Manhattan Hospital,MN,10001,35,55,824,NYC_COVID_REAL
2022-07-19,Queens Medical Center,QN,11101,42,64,1212,NYC_COVID_REAL
2022-07-19,Staten Island Hospital,SI,10301,18,33,226,NYC_COVID_REAL
2022-07-20,Bronx Medical Center,BX,10451,41,65,643,NYC_COVID_REAL
2022-07-20,Brooklyn Health Center,BK,11201,53,77,1129,NYC_COVID_REAL
2022-07-20,Manhattan Hospital,MN,10001,36,65,762,NYC_COVID_REAL
2022-07-20,Queens Medical Center,QN,11101,43,55,1073,NYC_COVID_REAL
2022-07-20,Staten Island Hospital,SI,10301,15,32,232,NYC_COVID_REAL
2022-07-21,Bronx Medical Center,BX,10451,47,65,536,NYC_COVID_REAL
2022-07-21,Brooklyn Health Center,BK,11201,45,64,1005,NYC_COVID_REAL
2022-07-21,Manhattan Hospital,MN,10001,32,42,699,NYC_COVID_REAL
2022-07-21,Queens Medical Center,QN,11101,53,63,989,NYC_COVID_REAL
2022-07-21,Staten Island Hospital,SI,10301,11,30,206,NYC_COVID_REAL
2022-07-22,Bronx Medical Center,BX,10451,23,40,490,NYC_COVID_REAL
2022-07-22,Brooklyn Health Center,BK,11201,45,68,956,NYC_COVID_REAL
2022-07-22,Manhattan Hospital,MN,10001,31,60,624,NYC_COVID_REAL
2022-07-22,Queens Medical Center,QN,11101,43,64,917,NYC_COVID_REAL
2022-07-22,Staten Island Hospital,SI,10301,12,23,228,NYC_COVID_REAL
2022-07-23,Bronx Medical Center,BX,10451,37,55,325,NYC_COVID_REAL
2022-07-23,Brooklyn Health Center,BK,11201,38,48,603,NYC_COVID_REAL
2022-07-23,Manhattan Hospital,MN,10001,25,41,410,NYC_COVID_REAL
2022-07-23,Queens Medical Center,QN,11101,28,55,688,NYC_COVID_REAL
2022-07-23,Staten Island Hospital,SI,10301,14,39,154,NYC_COVID_REAL
2022-07-24,Bronx Medical Center,BX,10451,32,49,297,NYC_COVID_REAL
2022-07-24,Brooklyn Health Center,BK,11201,34,47,598,NYC_COVID_REAL
2022-07-24,Manhattan Hospital,MN,10001,27,51,397,NYC_COVID_REAL
2022-07-24,Queens Medical Center,QN,11101,30,43,599,NYC_COVID_REAL
2022-07-24,Staten Island Hospital,SI,10301,5,16,140,NYC_COVID_REAL
2022-07-25,Bronx Medical Center,BX,10451,39,66,714,NYC_COVID_REAL
2022-07-25,Brooklyn Health Center,BK,11201,53,76,1180,NYC_COVID_REAL
2022-07-25,Manhattan Hospital,MN,10001,45,66,877,NYC_COVID_REAL
2022-07-25,Queens Medical Center,QN,11101,48,65,1265,NYC_COVID_REAL
2022-07-25,Staten Island Hospital,SI,10301,15,37,254,NYC_COVID_REAL
2022-07-26,Bronx Medical Center,BX,10451,39,57,669,NYC_COVID_REAL
2022-07-26,Brooklyn Health Center,BK,11201,44,70,1086,NYC_COVID_REAL
2022-07-26,Manhattan Hospital,MN,10001,32,42,757,NYC_COVID_REAL
2022-07-26,Queens Medical Center,QN,11101,39,51,1134,NYC_COVID_REAL
2022-07-26,Staten Island Hospital,SI,10301,10,30,243,NYC_COVID_REAL
2022-07-27,Bronx Medical Center,BX,10451,31,50,577,NYC_COVID_REAL
2022-07-27,Brooklyn Health Center,BK,11201,38,59,1078,NYC_COVID_REAL
2022-07-27,Manhattan Hospital,MN,10001,37,56,748,NYC_COVID_REAL
2022-07-27,Queens Medical Center,QN,11101,43,63,1031,NYC_COVID_REAL
2022-07-27,Staten Island Hospital,SI,10301,24,46,225,NYC_COVID_REAL
2022-07-28,Bronx Medical Center,BX,10451,38,61,573,NYC_COVID_REAL
2022-07-28,Brooklyn Health Center,BK,11201,32,44,935,NYC_COVID_REAL
2022-07-28,Manhattan Hospital,MN,10001,26,50,630,NYC_COVID_REAL
2022-07-28,Queens Medical Center,QN,11101,33,47,891,NYC_COVID_REAL
2022-07-28,Staten Island Hospital,SI,10301,10,27,197,NYC_COVID_REAL
2022-07-29,Bronx Medical Center,BX,10451,34,49,500,NYC_COVID_REAL
2022-07-29,Brooklyn Health Center,BK,11201,40,64,834,NYC_COVID_REAL
2022-07-29,Manhattan Hospital,MN,10001,28,55,540,NYC_COVID_REAL
2022-07-29,Queens Medical Center,QN,11101,32,60,857,NYC_COVID_REAL
2022-07-29,Staten Island Hospital,SI,10301,14,39,178,NYC_COVID_REAL
2022-07-30,Bronx Medical Center,BX,10451,28,52,311,NYC_COVID_REAL
2022-07-30,Brooklyn Health Center,BK,11201,38,61,495,NYC_COVID_REAL
2022-07-30,Manhattan Hospital,MN,10001,25,50,309,NYC_COVID_REAL
2022-07-30,Queens Medical Center,QN,11101,34,45,588,NYC_COVID_REAL
2022-07-30,Staten Island Hospital,SI,10301,5,34,118,NYC_COVID_REAL
2022-07-31,Bronx Medical Center,BX,10451,26,48,300,NYC_COVID_REAL
2022-07-31,Brooklyn Health Center,BK,11201,42,65,569,NYC_COVID_REAL
2022-07-31,Manhattan Hospital,MN,10001,16,37,334,NYC_COVID_REAL
2022-07-31,Queens Medical Center,QN,11101,39,58,592,NYC_COVID_REAL
2022-07-31,Staten Island Hospital,SI,10301,14,42,140,NYC_COVID_REAL
2022-08-01,Bronx Medical Center,BX,10451,22,35,644,NYC_COVID_REAL
2022-08-01,Brooklyn Health Center,BK,11201,53,80,1108,NYC_COVID_REAL
2022-08-01,Manhattan Hospital,MN,10001,40,67,726,NYC_COVID_REAL
2022-08-01,Queens Medical Center,QN,11101,36,59,1162,NYC_COVID_REAL
2022-08-01,Staten Island Hospital,SI,10301,12,22,217,NYC_COVID_REAL
2022-08-02,Bronx Medical Center,BX,10451,44,59,570,NYC_COVID_REAL
2022-08-02,Brooklyn Health Center,BK,11201,50,76,1037,NYC_COVID_REAL
2022-08-02,Manhattan Hospital,MN,10001,23,49,723,NYC_COVID_REAL
2022-08-02,Queens Medical Center,QN,11101,36,59,1000,NYC_COVID_REAL
2022-08-02,Staten Island Hospital,SI,10301,9,23,212,NYC_COVID_REAL
2022-08-03,Bronx Medical Center,BX,10451,44,56,570,NYC_COVID_REAL
2022-08-03,Brooklyn Health Center,BK,11201,50,79,843,NYC_COVID_REAL
2022-08-03,Manhattan Hospital,MN,10001,24,46,653,NYC_COVID_REAL
2022-08-03,Queens Medical Center,QN,11101,37,51,933,NYC_COVID_REAL
2022-08-03,Staten Island Hospital,SI,10301,13,26,199,NYC_COVID_REAL
2022-08-04,Bronx Medical Center,BX,10451,29,40,469,NYC_COVID_REAL
2022-08-04,Brooklyn Health Center,BK,11201,42,66,849,NYC_COVID_REAL
2022-08-04,Manhattan Hospital,MN,10001,35,61,585,NYC_COVID_REAL
2022-08-04,Queens Medical Center,QN,11101,35,57,870,NYC_COVID_REAL
2022-08-04,Staten Island Hospital,SI,10301,12,27,191,NYC_COVID_REAL
2022-08-05,Bronx Medical Center,BX,10451,41,52,435,NYC_COVID_REAL
2022-08-05,Brooklyn Health Center,BK,11201,46,65,781,NYC_COVID_REAL
2022-08-05,Manhattan Hospital,MN,10001,38,51,523,NYC_COVID_REAL
2022-08-05,Queens Medical Center,QN,11101,39,64,801,NYC_COVID_REAL
2022-08-05,Staten Island Hospital,SI,10301,13,42,188,NYC_COVID_REAL
2022-08-06,Bronx Medical Center,BX,10451,31,55,302,NYC_COVID_REAL
2022-08-06,Brooklyn Health Center,BK,11201,31,49,430,NYC_COVID_REAL
2022-08-06,Manhattan Hospital,MN,10001,18,30,320,NYC_COVID_REAL
2022-08-06,Queens Medical Center,QN,11101,29,49,518,NYC_COVID_REAL
2022-08-06,Staten Island Hospital,SI,10301,5,19,110,NYC_COVID_REAL
2022-08-07,Bronx Medical Center,BX,10451,27,43,250,NYC_COVID_REAL
2022-08-07,Brooklyn Health Center,BK,11201,30,57,445,NYC_COVID_REAL
2022-08-07,Manhattan Hospital,MN,10001,24,47,286,NYC_COVID_REAL
2022-08-07,Queens Medical Center,QN,11101,26,53,508,NYC_COVID_REAL
2022-08-07,Staten Island Hospital,SI,10301,13,36,129,NYC_COVID_REAL
2022-08-08,Bronx Medical Center,BX,10451,46,70,600,NYC_COVID_REAL
2022-08-08,Brooklyn Health Center,BK,11201,48,76,975,NYC_COVID_REAL
2022-08-08,Manhattan Hospital,MN,10001,29,42,639,NYC_COVID_REAL
2022-08-08,Queens Medical Center,QN,11101,24,40,925,NYC_COVID_REAL
2022-08-08,Staten Island Hospital,SI,10301,11,32,232,NYC_COVID_REAL
2022-08-09,Bronx Medical Center,BX,10451,40,55,531,NYC_COVID_REAL
2022-08-09,Brooklyn Health Center,BK,11201,41,65,748,NYC_COVID_REAL
2022-08-09,Manhattan Hospital,MN,10001,33,45,504,NYC_COVID_REAL
2022-08-09,Queens Medical Center,QN,11101,39,67,771,NYC_COVID_REAL
2022-08-09,Staten Island Hospital,SI,10301,11,32,175,NYC_COVID_REAL
2022-08-10,Bronx Medical Center,BX,10451,36,65,406,NYC_COVID_REAL
2022-08-10,Brooklyn Health Center,BK,11201,46,73,802,NYC_COVID_REAL
2022-08-10,Manhattan Hospital,MN,10001,21,45,454,NYC_COVID_REAL
2022-08-10,Queens Medical Center,QN,11101,34,58,717,NYC_COVID_REAL
2022-08-10,Staten Island Hospital,SI,10301,14,41,180,NYC_COVID_REAL
2022-08-11,Bronx Medical Center,BX,10451,34,51,433,NYC_COVID_REAL
2022-08-11,Brooklyn Health Center,BK,11201,42,59,608,NYC_COVID_REAL
2022-08-11,Manhattan Hospital,MN,10001,32,57,419,NYC_COVID_REAL
2022-08-11,Queens Medical Center,QN,11101,36,65,699,NYC_COVID_REAL
2022-08-11,Staten Island Hospital,SI,10301,7,28,156,NYC_COVID_REAL
2022-08-12,Bronx Medical Center,BX,10451,28,48,363,NYC_COVID_REAL
2022-08-12,Brooklyn Health Center,BK,11201,44,62,607,NYC_COVID_REAL
2022-08-12,Manhattan Hospital,MN,10001,24,43,382,NYC_COVID_REAL
2022-08-12,Queens Medical Center,QN,11101,34,47,561,NYC_COVID_REAL
2022-08-12,Staten Island Hospital,SI,10301,14,30,103,NYC_COVID_REAL
2022-08-13,Bronx Medical Center,BX,10451,18,44,187,NYC_COVID_REAL
2022-08-13,Brooklyn Health Center,BK,11201,32,56,356,NYC_COVID_REAL
2022-08-13,Manhattan Hospital,MN,10001,19,29,253,NYC_COVID_REAL
2022-08-13,Queens Medical Center,QN,11101,20,30,404,NYC_COVID_REAL
2022-08-13,Staten Island Hospital,SI,10301,4,17,95,NYC_COVID_REAL
2022-08-14,Bronx Medical Center,BX,10451,30,49,198,NYC_COVID_REAL
2022-08-14,Brooklyn Health Center,BK,11201,26,46,384,NYC_COVID_REAL
2022-08-14,Manhattan Hospital,MN,10001,12,28,238,NYC_COVID_REAL
2022-08-14,Queens Medical Center,QN,11101,35,47,423,NYC_COVID_REAL
2022-08-14,Staten Island Hospital,SI,10301,4,16,87,NYC_COVID_REAL
2022-08-15,Bronx Medical Center,BX,10451,32,60,431,NYC_COVID_REAL
2022-08-15,Brooklyn Health Center,BK,11201,49,71,779,NYC_COVID_REAL
2022-08-15,Manhattan Hospital,MN,10001,19,43,506,NYC_COVID_REAL
2022-08-15,Queens Medical Center,QN,11101,31,55,783,NYC_COVID_REAL
2022-08-15,Staten Island Hospital,SI,10301,14,43,181,NYC_COVID_REAL
2022-08-16,Bronx Medical Center,BX,10451,31,53,370,NYC_COVID_REAL
2022-08-16,Brooklyn Health Center,BK,11201,54,65,670,NYC_COVID_REAL
2022-08-16,Manhattan Hospital,MN,10001,25,49,485,NYC_COVID_REAL
2022-08-16,Queens Medical Center,QN,11101,22,35,687,NYC_COVID_REAL
2022-08-16,Staten Island Hospital,SI,10301,9,29,167,NYC_COVID_REAL
2022-08-17,Bronx Medical Center,BX,10451,30,43,350,NYC_COVID_REAL
2022-08-17,Brooklyn Health Center,BK,11201,58,75,644,NYC_COVID_REAL
2022-08-17,Manhattan Hospital,MN,10001,16,38,414,NYC_COVID_REAL
2022-08-17,Queens Medical Center,QN,11101,35,52,658,NYC_COVID_REAL
2022-08-17,Staten Island Hospital,SI,10301,5,17,141,NYC_COVID_REAL
2022-08-18,Bronx Medical Center,BX,10451,27,42,331,NYC_COVID_REAL
2022-08-18,Brooklyn Health Center,BK,11201,45,61,610,NYC_COVID_REAL
2022-08-18,Manhattan Hospital,MN,10001,21,46,398,NYC_COVID_REAL
2022-08-18,Queens Medical Center,QN,11101,26,44,646,NYC_COVID_REAL
2022-08-18,Staten Island Hospital,SI,10301,9,20,125,NYC_COVID_REAL
2022-08-19,Bronx Medical Center,BX,10451,36,48,312,NYC_COVID_REAL
2022-08-19,Brooklyn Health Center,BK,11201,29,39,530,NYC_COVID_REAL
2022-08-19,Manhattan Hospital,MN,10001,26,40,414,NYC_COVID_REAL
2022-08-19,Queens Medical Center,QN,11101,22,44,554,NYC_COVID_REAL
2022-08-19,Staten Island Hospital,SI,10301,8,25,124,NYC_COVID_REAL
2022-08-20,Bronx Medical Center,BX,10451,30,57,200,NYC_COVID_REAL
2022-08-20,Brooklyn Health Center,BK,11201,31,44,338,NYC_COVID_REAL
2022-08-20,Manhattan Hospital,MN,10001,11,22,233,NYC_COVID_REAL
2022-08-20,Queens Medical Center,QN,11101,30,41,402,NYC_COVID_REAL
2022-08-20,Staten Island Hospital,SI,10301,6,24,91,NYC_COVID_REAL
2022-08-21,Bronx Medical Center,BX,10451,14,38,182,NYC_COVID_REAL
2022-08-21,Brooklyn Health Center,BK,11201,37,51,373,NYC_COVID_REAL
2022-08-21,Manhattan Hospital,MN,10001,15,25,210,NYC_COVID_REAL
2022-08-21,Queens Medical Center,QN,11101,27,52,397,NYC_COVID_REAL
2022-08-21,Staten Island Hospital,SI,10301,7,20,104,NYC_COVID_REAL
2022-08-22,Bronx Medical Center,BX,10451,44,67,384,NYC_COVID_REAL
2022-08-22,Brooklyn Health Center,BK,11201,43,54,669,NYC_COVID_REAL
2022-08-22,Manhattan Hospital,MN,10001,25,54,433,NYC_COVID_REAL
2022-08-22,Queens Medical Center,QN,11101,24,42,667,NYC_COVID_REAL
2022-08-22,Staten Island Hospital,SI,10301,8,35,136,NYC_COVID_REAL
2022-08-23,Bronx Medical Center,BX,10451,30,41,352,NYC_COVID_REAL
2022-08-23,Brooklyn Health Center,BK,11201,29,47,554,NYC_COVID_REAL
2022-08-23,Manhattan Hospital,MN,10001,27,40,443,NYC_COVID_REAL
2022-08-23,Queens Medical Center,QN,11101,29,56,570,NYC_COVID_REAL
2022-08-23,Staten Island Hospital,SI,10301,9,32,130,NYC_COVID_REAL
2022-08-24,Bronx Medical Center,BX,10451,38,49,308,NYC_COVID_REAL
2022-08-24,Brooklyn Health Center,BK,11201,41,57,570,NYC_COVID_REAL
2022-08-24,Manhattan Hospital,MN,10001,20,39,371,NYC_COVID_REAL
2022-08-24,Queens Medical Center,QN,11101,32,55,538,NYC_COVID_REAL
2022-08-24,Staten Island Hospital,SI,10301,9,27,126,NYC_COVID_REAL
2022-08-25,Bronx Medical Center,BX,10451,22,34,348,NYC_COVID_REAL
2022-08-25,Brooklyn Health Center,BK,11201,45,56,524,NYC_COVID_REAL
2022-08-25,Manhattan Hospital,MN,10001,20,49,345,NYC_COVID_REAL
2022-08-25,Queens Medical Center,QN,11101,30,49,532,NYC_COVID_REAL
2022-08-25,Staten Island Hospital,SI,10301,4,22,103,NYC_COVID_REAL
2022-08-26,Bronx Medical Center,BX,10451,37,52,263,NYC_COVID_REAL
2022-08-26,Brooklyn Health Center,BK,11201,35,64,473,NYC_COVID_REAL
2022-08-26,Manhattan Hospital,MN,10001,21,31,353,NYC_COVID_REAL
2022-08-26,Queens Medical Center,QN,11101,28,57,497,NYC_COVID_REAL
2022-08-26,Staten Island Hospital,SI,10301,10,24,107,NYC_COVID_REAL
2022-08-27,Bronx Medical Center,BX,10451,27,52,191,NYC_COVID_REAL
2022-08-27,Brooklyn Health Center,BK,11201,30,40,291,NYC_COVID_REAL
2022-08-27,Manhattan Hospital,MN,10001,11,26,221,NYC_COVID_REAL
2022-08-27,Queens Medical Center,QN,11101,29,58,341,NYC_COVID_REAL
2022-08-27,Staten Island Hospital,SI,10301,6,34,74,NYC_COVID_REAL
2022-08-28,Bronx Medical Center,BX,10451,19,38,164,NYC_COVID_REAL
2022-08-28,Brooklyn Health Center,BK,11201,20,39,327,NYC_COVID_REAL
2022-08-28,Manhattan Hospital,MN,10001,15,38,242,NYC_COVID_REAL
2022-08-28,Queens Medical Center,QN,11101,30,55,318,NYC_COVID_REAL
2022-08-28,Staten Island Hospital,SI,10301,7,20,65,NYC_COVID_REAL
2022-08-29,Bronx Medical Center,BX,10451,33,53,362,NYC_COVID_REAL
2022-08-29,Brooklyn Health Center,BK,11201,44,71,647,NYC_COVID_REAL
2022-08-29,Manhattan Hospital,MN,10001,20,33,429,NYC_COVID_REAL
2022-08-29,Queens Medical Center,QN,11101,38,57,589,NYC_COVID_REAL
2022-08-29,Staten Island Hospital,SI,10301,8,23,160,NYC_COVID_REAL
2022-08-30,Bronx Medical Center,BX,10451,20,31,289,NYC_COVID_REAL
2022-08-30,Brooklyn Health Center,BK,11201,45,61,533,NYC_COVID_REAL
2022-08-30,Manhattan Hospital,MN,10001,23,41,348,NYC_COVID_REAL
2022-08-30,Queens Medical Center,QN,11101,34,49,576,NYC_COVID_REAL
2022-08-30,Staten Island Hospital,SI,10301,16,42,113,NYC_COVID_REAL
2022-08-31,Bronx Medical Center,BX,10451,20,35,293,NYC_COVID_REAL
2022-08-31,Brooklyn Health Center,BK,11201,24,41,534,NYC_COVID_REAL
2022-08-31,Manhattan Hospital,MN,10001,23,49,334,NYC_COVID_REAL
2022-08-31,Queens Medical Center,QN,11101,25,40,556,NYC_COVID_REAL
2022-08-31,Staten Island Hospital,SI,10301,6,20,120,NYC_COVID_REAL
2022-09-01,Bronx Medical Center,BX,10451,26,55,264,NYC_COVID_REAL
2022-09-01,Brooklyn Health Center,BK,11201,32,43,471,NYC_COVID_REAL
2022-09-01,Manhattan Hospital,MN,10001,17,38,325,NYC_COVID_REAL
2022-09-01,Queens Medical Center,QN,11101,28,55,501,NYC_COVID_REAL
2022-09-01,Staten Island Hospital,SI,10301,5,17,97,NYC_COVID_REAL
2022-09-02,Bronx Medical Center,BX,10451,28,44,240,NYC_COVID_REAL
2022-09-02,Brooklyn Health Center,BK,11201,44,54,466,NYC_COVID_REAL
2022-09-02,Manhattan Hospital,MN,10001,19,43,279,NYC_COVID_REAL
2022-09-02,Queens Medical Center,QN,11101,19,44,411,NYC_COVID_REAL
2022-09-02,Staten Island Hospital,SI,10301,5,23,87,NYC_COVID_REAL
2022-09-03,Bronx Medical Center,BX,10451,15,39,146,NYC_COVID_REAL
2022-09-03,Brooklyn Health Center,BK,11201,26,38,219,NYC_COVID_REAL
2022-09-03,Manhattan Hospital,MN,10001,17,43,184,NYC_COVID_REAL
2022-09-03,Queens Medical Center,QN,11101,22,44,290,NYC_COVID_REAL
2022-09-03,Staten Island Hospital,SI,10301,4,27,88,NYC_COVID_REAL
2022-09-04,Bronx Medical Center,BX,10451,14,25,124,NYC_COVID_REAL
2022-09-04,Brooklyn Health Center,BK,11201,24,39,274,NYC_COVID_REAL
2022-09-04,Manhattan Hospital,MN,10001,13,30,195,NYC_COVID_REAL
2022-09-04,Queens Medical Center,QN,11101,22,43,277,NYC_COVID_REAL
2022-09-04,Staten Island Hospital,SI,10301,2,16,90,NYC_COVID_REAL
2022-09-05,Bronx Medical Center,BX,10451,15,31,156,NYC_COVID_REAL
2022-09-05,Brooklyn Health Center,BK,11201,33,43,292,NYC_COVID_REAL
2022-09-05,Manhattan Hospital,MN,10001,12,35,196,NYC_COVID_REAL
2022-09-05,Queens Medical Center,QN,11101,22,40,279,NYC_COVID_REAL
2022-09-05,Staten Island Hospital,SI,10301,10,39,70,NYC_COVID_REAL
2022-09-06,Bronx Medical Center,BX,10451,31,55,304,NYC_COVID_REAL
2022-09-06,Brooklyn Health Center,BK,11201,28,51,599,NYC_COVID_REAL
2022-09-06,Manhattan Hospital,MN,10001,12,28,396,NYC_COVID_REAL
2022-09-06,Queens Medical Center,QN,11101,38,66,591,NYC_COVID_REAL
2022-09-06,Staten Island Hospital,SI,10301,5,27,152,NYC_COVID_REAL
2022-09-07,Bronx Medical Center,BX,10451,15,32,271,NYC_COVID_REAL
2022-09-07,Brooklyn Health Center,BK,11201,41,60,533,NYC_COVID_REAL
2022-09-07,Manhattan Hospital,MN,10001,14,42,390,NYC_COVID_REAL
2022-09-07,Queens Medical Center,QN,11101,27,55,499,NYC_COVID_REAL
2022-09-07,Staten Island Hospital,SI,10301,6,22,108,NYC_COVID_REAL
2022-09-08,Bronx Medical Center,BX,10451,22,35,229,NYC_COVID_REAL
2022-09-08,Brooklyn Health Center,BK,11201,34,60,508,NYC_COVID_REAL
2022-09-08,Manhattan Hospital,MN,10001,19,35,324,NYC_COVID_REAL
2022-09-08,Queens Medical Center,QN,11101,30,54,516,NYC_COVID_REAL
2022-09-08,Staten Island Hospital,SI,10301,3,21,61,NYC_COVID_REAL
2022-09-09,Bronx Medical Center,BX,10451,22,49,226,NYC_COVID_REAL
2022-09-09,Brooklyn Health Center,BK,11201,30,42,461,NYC_COVID_REAL
2022-09-09,Manhattan Hospital,MN,10001,21,44,338,NYC_COVID_REAL
2022-09-09,Queens Medical Center,QN,11101,25,52,410,NYC_COVID_REAL
2022-09-09,Staten Island Hospital,SI,10301,1,11,76,NYC_COVID_REAL
2022-09-10,Bronx Medical Center,BX,10451,16,42,153,NYC_COVID_REAL
2022-09-10,Brooklyn Health Center,BK,11201,26,40,262,NYC_COVID_REAL
2022-09-10,Manhattan Hospital,MN,10001,17,33,208,NYC_COVID_REAL
2022-09-10,Queens Medical Center,QN,11101,23,42,321,NYC_COVID_REAL
2022-09-10,Staten Island Hospital,SI,10301,7,28,80,NYC_COVID_REAL
2022-09-11,Bronx Medical Center,BX,10451,17,29,121,NYC_COVID_REAL
2022-09-11,Brooklyn Health Center,BK,11201,33,59,297,NYC_COVID_REAL
2022-09-11,Manhattan Hospital,MN,10001,16,36,178,NYC_COVID_REAL
2022-09-11,Queens Medical Center,QN,11101,25,48,289,NYC_COVID_REAL
2022-09-11,Staten Island Hospital,SI,10301,5,27,60,NYC_COVID_REAL
2022-09-12,Bronx Medical Center,BX,10451,18,31,314,NYC_COVID_REAL
2022-09-12,Brooklyn Health Center,BK,11201,34,48,628,NYC_COVID_REAL
2022-09-12,Manhattan Hospital,MN,10001,22,37,449,NYC_COVID_REAL
2022-09-12,Queens Medical Center,QN,11101,30,56,565,NYC_COVID_REAL
2022-09-12,Staten Island Hospital,SI,10301,7,18,111,NYC_COVID_REAL
2022-09-13,Bronx Medical Center,BX,10451,23,50,261,NYC_COVID_REAL
2022-09-13,Brooklyn Health Center,BK,11201,31,53,497,NYC_COVID_REAL
2022-09-13,Manhattan Hospital,MN,10001,20,42,384,NYC_COVID_REAL
2022-09-13,Queens Medical Center,QN,11101,43,60,475,NYC_COVID_REAL
2022-09-13,Staten Island Hospital,SI,10301,7,32,113,NYC_COVID_REAL
2022-09-14,Bronx Medical Center,BX,10451,25,35,315,NYC_COVID_REAL
2022-09-14,Brooklyn Health Center,BK,11201,40,56,481,NYC_COVID_REAL
2022-09-14,Manhattan Hospital,MN,10001,11,38,405,NYC_COVID_REAL
2022-09-14,Queens Medical Center,QN,11101,36,49,515,NYC_COVID_REAL
2022-09-14,Staten Island Hospital,SI,10301,6,27,107,NYC_COVID_REAL
2022-09-15,Bronx Medical Center,BX,10451,23,47,279,NYC_COVID_REAL
2022-09-15,Brooklyn Health Center,BK,11201,34,52,424,NYC_COVID_REAL
2022-09-15,Manhattan Hospital,MN,10001,13,33,360,NYC_COVID_REAL
2022-09-15,Queens Medical Center,QN,11101,29,43,457,NYC_COVID_REAL
2022-09-15,Staten Island Hospital,SI,10301,8,34,135,NYC_COVID_REAL
2022-09-16,Bronx Medical Center,BX,10451,19,43,296,NYC_COVID_REAL
2022-09-16,Brooklyn Health Center,BK,11201,23,49,449,NYC_COVID_REAL
2022-09-16,Manhattan Hospital,MN,10001,13,26,321,NYC_COVID_REAL
2022-09-16,Queens Medical Center,QN,11101,22,43,439,NYC_COVID_REAL
2022-09-16,Staten Island Hospital,SI,10301,9,22,101,NYC_COVID_REAL
2022-09-17,Bronx Medical Center,BX,10451,17,34,184,NYC_COVID_REAL
2022-09-17,Brooklyn Health Center,BK,11201,28,55,302,NYC_COVID_REAL
2022-09-17,Manhattan Hospital,MN,10001,11,36,210,NYC_COVID_REAL
2022-09-17,Queens Medical Center,QN,11101,22,33,312,NYC_COVID_REAL
2022-09-17,Staten Island Hospital,SI,10301,4,23,79,NYC_COVID_REAL
2022-09-18,Bronx Medical Center,BX,10451,17,43,165,NYC_COVID_REAL
2022-09-18,Brooklyn Health Center,BK,11201,31,55,359,NYC_COVID_REAL
2022-09-18,Manhattan Hospital,MN,10001,10,34,242,NYC_COVID_REAL
2022-09-18,Queens Medical Center,QN,11101,25,54,320,NYC_COVID_REAL
2022-09-18,Staten Island Hospital,SI,10301,8,24,73,NYC_COVID_REAL
2022-09-19,Bronx Medical Center,BX,10451,17,34,407,NYC_COVID_REAL
2022-09-19,Brooklyn Health Center,BK,11201,29,45,709,NYC_COVID_REAL
2022-09-19,Manhattan Hospital,MN,10001,13,41,495,NYC_COVID_REAL
2022-09-19,Queens Medical Center,QN,11101,22,37,659,NYC_COVID_REAL
2022-09-19,Staten Island Hospital,SI,10301,8,35,165,NYC_COVID_REAL
2022-09-20,Bronx Medical Center,BX,10451,27,37,385,NYC_COVID_REAL
2022-09-20,Brooklyn Health Center,BK,11201,34,61,679,NYC_COVID_REAL
2022-09-20,Manhattan Hospital,MN,10001,20,41,412,NYC_COVID_REAL
2022-09-20,Queens Medical Center,QN,11101,36,46,614,NYC_COVID_REAL
2022-09-20,Staten Island Hospital,SI,10301,6,32,141,NYC_COVID_REAL
2022-09-21,Bronx Medical Center,BX,10451,21,37,348,NYC_COVID_REAL
2022-09-21,Brooklyn Health Center,BK,11201,33,55,594,NYC_COVID_REAL
2022-09-21,Manhattan Hospital,MN,10001,25,35,431,NYC_COVID_REAL
2022-09-21,Queens Medical Center,QN,11101,32,55,534,NYC_COVID_REAL
2022-09-21,Staten Island Hospital,SI,10301,11,28,135,NYC_COVID_REAL
2022-09-22,Bronx Medical Center,BX,10451,20,43,259,NYC_COVID_REAL
2022-09-22,Brooklyn Health Center,BK,11201,29,44,471,NYC_COVID_REAL
2022-09-22,Manhattan Hospital,MN,10001,8,32,321,NYC_COVID_REAL
2022-09-22,Queens Medical Center,QN,11101,32,44,481,NYC_COVID_REAL
2022-09-22,Staten Island Hospital,SI,10301,12,36,119,NYC_COVID_REAL
2022-09-23,Bronx Medical Center,BX,10451,21,47,266,NYC_COVID_REAL
2022-09-23,Brooklyn Health Center,BK,11201,32,48,408,NYC_COVID_REAL
2022-09-23,Manhattan Hospital,MN,10001,25,48,314,NYC_COVID_REAL
2022-09-23,Queens Medical Center,QN,11101,28,42,427,NYC_COVID_REAL
2022-09-23,Staten Island Hospital,SI,10301,11,40,98,NYC_COVID_REAL
2022-09-24,Bronx Medical Center,BX,10451,22,44,130,NYC_COVID_REAL
2022-09-24,Brooklyn Health Center,BK,11201,22,48,287,NYC_COVID_REAL
2022-09-24,Manhattan Hospital,MN,10001,15,40,197,NYC_COVID_REAL
2022-09-24,Queens Medical Center,QN,11101,25,46,284,NYC_COVID_REAL
2022-09-24,Staten Island Hospital,SI,10301,5,33,94,NYC_COVID_REAL
2022-09-25,Bronx Medical Center,BX,10451,27,51,124,NYC_COVID_REAL
2022-09-25,Brooklyn Health Center,BK,11201,30,57,309,NYC_COVID_REAL
2022-09-25,Manhattan Hospital,MN,10001,21,37,220,NYC_COVID_REAL
2022-09-25,Queens Medical Center,QN,11101,32,56,311,NYC_COVID_REAL
2022-09-25,Staten Island Hospital,SI,10301,7,26,96,NYC_COVID_REAL
2022-09-26,Bronx Medical Center,BX,10451,26,50,292,NYC_COVID_REAL
2022-09-26,Brooklyn Health Center,BK,11201,35,56,555,NYC_COVID_REAL
2022-09-26,Manhattan Hospital,MN,10001,16,43,447,NYC_COVID_REAL
2022-09-26,Queens Medical Center,QN,11101,43,63,573,NYC_COVID_REAL
2022-09-26,Staten Island Hospital,SI,10301,17,37,162,NYC_COVID_REAL
2022-09-27,Bronx Medical Center,BX,10451,31,47,262,NYC_COVID_REAL
2022-09-27,Brooklyn Health Center,BK,11201,40,55,525,NYC_COVID_REAL
2022-09-27,Manhattan Hospital,MN,10001,21,35,403,NYC_COVID_REAL
2022-09-27,Queens Medical Center,QN,11101,28,49,529,NYC_COVID_REAL
2022-09-27,Staten Island Hospital,SI,10301,13,32,180,NYC_COVID_REAL
2022-09-28,Bronx Medical Center,BX,10451,22,45,330,NYC_COVID_REAL
2022-09-28,Brooklyn Health Center,BK,11201,43,57,581,NYC_COVID_REAL
2022-09-28,Manhattan Hospital,MN,10001,18,31,416,NYC_COVID_REAL
2022-09-28,Queens Medical Center,QN,11101,37,62,553,NYC_COVID_REAL
2022-09-28,Staten Island Hospital,SI,10301,14,39,161,NYC_COVID_REAL
2022-09-29,Bronx Medical Center,BX,10451,11,40,237,NYC_COVID_REAL
2022-09-29,Brooklyn Health Center,BK,11201,39,56,581,NYC_COVID_REAL
2022-09-29,Manhattan Hospital,MN,10001,17,28,365,NYC_COVID_REAL
2022-09-29,Queens Medical Center,QN,11101,35,53,497,NYC_COVID_REAL
2022-09-29,Staten Island Hospital,SI,10301,9,19,168,NYC_COVID_REAL
2022-09-30,Bronx Medical Center,BX,10451,24,46,240,NYC_COVID_REAL
2022-09-30,Brooklyn Health Center,BK,11201,33,59,441,NYC_COVID_REAL
2022-09-30,Manhattan Hospital,MN,10001,20,37,313,NYC_COVID_REAL
2022-09-30,Queens Medical Center,QN,11101,34,60,418,NYC_COVID_REAL
2022-09-30,Staten Island Hospital,SI,10301,14,32,164,NYC_COVID_REAL
2022-10-01,Bronx Medical Center,BX,10451,20,49,105,NYC_COVID_REAL
2022-10-01,Brooklyn Health Center,BK,11201,30,42,227,NYC_COVID_REAL
2022-10-01,Manhattan Hospital,MN,10001,20,48,173,NYC_COVID_REAL
2022-10-01,Queens Medical Center,QN,11101,27,53,266,NYC_COVID_REAL
2022-10-01,Staten Island Hospital,SI,10301,8,21,119,NYC_COVID_REAL
2022-10-02,Bronx Medical Center,BX,10451,16,45,125,NYC_COVID_REAL
2022-10-02,Brooklyn Health Center,BK,11201,34,59,254,NYC_COVID_REAL
2022-10-02,Manhattan Hospital,MN,10001,20,46,208,NYC_COVID_REAL
2022-10-02,Queens Medical Center,QN,11101,26,36,256,NYC_COVID_REAL
2022-10-02,Staten Island Hospital,SI,10301,11,27,108,NYC_COVID_REAL
2022-10-03,Bronx Medical Center,BX,10451,21,45,270,NYC_COVID_REAL
2022-10-03,Brooklyn Health Center,BK,11201,38,49,554,NYC_COVID_REAL
2022-10-03,Manhattan Hospital,MN,10001,19,31,397,NYC_COVID_REAL
2022-10-03,Queens Medical Center,QN,11101,33,54,554,NYC_COVID_REAL
2022-10-03,Staten Island Hospital,SI,10301,10,22,182,NYC_COVID_REAL
2022-10-04,Bronx Medical Center,BX,10451,31,60,228,NYC_COVID_REAL
2022-10-04,Brooklyn Health Center,BK,11201,38,67,465,NYC_COVID_REAL
2022-10-04,Manhattan Hospital,MN,10001,21,44,360,NYC_COVID_REAL
2022-10-04,Queens Medical Center,QN,11101,38,64,429,NYC_COVID_REAL
2022-10-04,Staten Island Hospital,SI,10301,15,28,146,NYC_COVID_REAL
2022-10-05,Bronx Medical Center,BX,10451,25,51,212,NYC_COVID_REAL
2022-10-05,Brooklyn Health Center,BK,11201,39,67,398,NYC_COVID_REAL
2022-10-05,Manhattan Hospital,MN,10001,19,45,304,NYC_COVID_REAL
2022-10-05,Queens Medical Center,QN,11101,44,65,443,NYC_COVID_REAL
2022-10-05,Staten Island Hospital,SI,10301,10,27,143,NYC_COVID_REAL
2022-10-06,Bronx Medical Center,BX,10451,17,30,272,NYC_COVID_REAL
2022-10-06,Brooklyn Health Center,BK,11201,33,51,552,NYC_COVID_REAL
2022-10-06,Manhattan Hospital,MN,10001,34,51,437,NYC_COVID_REAL
2022-10-06,Queens Medical Center,QN,11101,39,66,470,NYC_COVID_REAL
2022-10-06,Staten Island Hospital,SI,10301,9,31,159,NYC_COVID_REAL
2022-10-07,Bronx Medical Center,BX,10451,26,51,204,NYC_COVID_REAL
2022-10-07,Brooklyn Health Center,BK,11201,24,50,434,NYC_COVID_REAL
2022-10-07,Manhattan Hospital,MN,10001,24,39,360,NYC_COVID_REAL
2022-10-07,Queens Medical Center,QN,11101,37,52,437,NYC_COVID_REAL
2022-10-07,Staten Island Hospital,SI,10301,13,34,149,NYC_COVID_REAL
2022-10-08,Bronx Medical Center,BX,10451,17,29,138,NYC_COVID_REAL
2022-10-08,Brooklyn Health Center,BK,11201,16,40,240,NYC_COVID_REAL
2022-10-08,Manhattan Hospital,MN,10001,12,26,187,NYC_COVID_REAL
2022-10-08,Queens Medical Center,QN,11101,36,50,309,NYC_COVID_REAL
2022-10-08,Staten Island Hospital,SI,10301,10,29,83,NYC_COVID_REAL
2022-10-09,Bronx Medical Center,BX,10451,17,30,110,NYC_COVID_REAL
2022-10-09,Brooklyn Health Center,BK,11201,24,44,256,NYC_COVID_REAL
2022-10-09,Manhattan Hospital,MN,10001,17,41,214,NYC_COVID_REAL
2022-10-09,Queens Medical Center,QN,11101,24,41,296,NYC_COVID_REAL
2022-10-09,Staten Island Hospital,SI,10301,5,20,101,NYC_COVID_REAL
2022-10-10,Bronx Medical Center,BX,10451,21,50,238,NYC_COVID_REAL
2022-10-10,Brooklyn Health Center,BK,11201,25,42,433,NYC_COVID_REAL
2022-10-10,Manhattan Hospital,MN,10001,24,47,377,NYC_COVID_REAL
2022-10-10,Queens Medical Center,QN,11101,33,46,475,NYC_COVID_REAL
2022-10-10,Staten Island Hospital,SI,10301,9,22,151,NYC_COVID_REAL
2022-10-11,Bronx Medical Center,BX,10451,15,33,295,NYC_COVID_REAL
2022-10-11,Brooklyn Health Center,BK,11201,22,46,549,NYC_COVID_REAL
2022-10-11,Manhattan Hospital,MN,10001,26,44,421,NYC_COVID_REAL
2022-10-11,Queens Medical Center,QN,11101,27,39,555,NYC_COVID_REAL
2022-10-11,Staten Island Hospital,SI,10301,10,28,173,NYC_COVID_REAL
2022-10-12,Bronx Medical Center,BX,10451,25,48,287,NYC_COVID_REAL
2022-10-12,Brooklyn Health Center,BK,11201,37,63,569,NYC_COVID_REAL
2022-10-12,Manhattan Hospital,MN,10001,15,41,427,NYC_COVID_REAL
2022-10-12,Queens Medical Center,QN,11101,26,37,535,NYC_COVID_REAL
2022-10-12,Staten Island Hospital,SI,10301,5,20,136,NYC_COVID_REAL
2022-10-13,Bronx Medical Center,BX,10451,28,44,267,NYC_COVID_REAL
2022-10-13,Brooklyn Health Center,BK,11201,27,46,539,NYC_COVID_REAL
2022-10-13,Manhattan Hospital,MN,10001,16,30,373,NYC_COVID_REAL
2022-10-13,Queens Medical Center,QN,11101,42,56,534,NYC_COVID_REAL
2022-10-13,Staten Island Hospital,SI,10301,12,23,121,NYC_COVID_REAL
2022-10-14,Bronx Medical Center,BX,10451,27,49,254,NYC_COVID_REAL
2022-10-14,Brooklyn Health Center,BK,11201,22,47,495,NYC_COVID_REAL
2022-10-14,Manhattan Hospital,MN,10001,25,36,325,NYC_COVID_REAL
2022-10-14,Queens Medical Center,QN,11101,26,43,439,NYC_COVID_REAL
2022-10-14,Staten Island Hospital,SI,10301,18,30,123,NYC_COVID_REAL
2022-10-15,Bronx Medical Center,BX,10451,16,33,153,NYC_COVID_REAL
2022-10-15,Brooklyn Health Center,BK,11201,30,46,277,NYC_COVID_REAL
2022-10-15,Manhattan Hospital,MN,10001,19,32,196,NYC_COVID_REAL
2022-10-15,Queens Medical Center,QN,11101,32,43,341,NYC_COVID_REAL
2022-10-15,Staten Island Hospital,SI,10301,6,23,62,NYC_COVID_REAL
2022-10-16,Bronx Medical Center,BX,10451,11,35,115,NYC_COVID_REAL
2022-10-16,Brooklyn Health Center,BK,11201,18,44,288,NYC_COVID_REAL
2022-10-16,Manhattan Hospital,MN,10001,13,37,182,NYC_COVID_REAL
2022-10-16,Queens Medical Center,QN,11101,25,36,319,NYC_COVID_REAL
2022-10-16,Staten Island Hospital,SI,10301,8,30,93,NYC_COVID_REAL
2022-10-17,Bronx Medical Center,BX,10451,21,49,310,NYC_COVID_REAL
2022-10-17,Brooklyn Health Center,BK,11201,35,50,521,NYC_COVID_REAL
2022-10-17,Manhattan Hospital,MN,10001,19,48,445,NYC_COVID_REAL
2022-10-17,Queens Medical Center,QN,11101,25,43,645,NYC_COVID_REAL
2022-10-17,Staten Island Hospital,SI,10301,11,26,155,NYC_COVID_REAL
2022-10-18,Bronx Medical Center,BX,10451,21,38,268,NYC_COVID_REAL
2022-10-18,Brooklyn Health Center,BK,11201,32,59,524,NYC_COVID_REAL
2022-10-18,Manhattan Hospital,MN,10001,27,54,407,NYC_COVID_REAL
2022-10-18,Queens Medical Center,QN,11101,32,50,554,NYC_COVID_REAL
2022-10-18,Staten Island Hospital,SI,10301,5,30,106,NYC_COVID_REAL
2022-10-19,Bronx Medical Center,BX,10451,30,50,332,NYC_COVID_REAL
2022-10-19,Brooklyn Health Center,BK,11201,43,64,521,NYC_COVID_REAL
2022-10-19,Manhattan Hospital,MN,10001,27,42,393,NYC_COVID_REAL
2022-10-19,Queens Medical Center,QN,11101,35,54,479,NYC_COVID_REAL
2022-10-19,Staten Island Hospital,SI,10301,12,33,127,NYC_COVID_REAL
2022-10-20,Bronx Medical Center,BX,10451,27,52,239,NYC_COVID_REAL
2022-10-20,Brooklyn Health Center,BK,11201,35,48,476,NYC_COVID_REAL
2022-10-20,Manhattan Hospital,MN,10001,24,49,353,NYC_COVID_REAL
2022-10-20,Queens Medical Center,QN,11101,36,53,462,NYC_COVID_REAL
2022-10-20,Staten Island Hospital,SI,10301,15,32,105,NYC_COVID_REAL
2022-10-21,Bronx Medical Center,BX,10451,22,36,254,NYC_COVID_REAL
2022-10-21,Brooklyn Health Center,BK,11201,38,66,459,NYC_COVID_REAL
2022-10-21,Manhattan Hospital,MN,10001,23,42,326,NYC_COVID_REAL
2022-10-21,Queens Medical Center,QN,11101,26,43,438,NYC_COVID_REAL
2022-10-21,Staten Island Hospital,SI,10301,15,35,86,NYC_COVID_REAL
2022-10-22,Bronx Medical Center,BX,10451,22,49,160,NYC_COVID_REAL
2022-10-22,Brooklyn Health Center,BK,11201,42,53,323,NYC_COVID_REAL
2022-10-22,Manhattan Hospital,MN,10001,18,45,232,NYC_COVID_REAL
2022-10-22,Queens Medical Center,QN,11101,28,48,359,NYC_COVID_REAL
2022-10-22,Staten Island Hospital,SI,10301,13,26,79,NYC_COVID_REAL
2022-10-23,Bronx Medical Center,BX,10451,26,50,172,NYC_COVID_REAL
2022-10-23,Brooklyn Health Center,BK,11201,31,59,319,NYC_COVID_REAL
2022-10-23,Manhattan Hospital,MN,10001,18,39,231,NYC_COVID_REAL
2022-10-23,Queens Medical Center,QN,11101,28,38,312,NYC_COVID_REAL
2022-10-23,Staten Island Hospital,SI,10301,8,24,76,NYC_COVID_REAL
2022-10-24,Bronx Medical Center,BX,10451,33,61,385,NYC_COVID_REAL
2022-10-24,Brooklyn Health Center,BK,11201,42,67,679,NYC_COVID_REAL
2022-10-24,Manhattan Hospital,MN,10001,21,46,482,NYC_COVID_REAL
2022-10-24,Queens Medical Center,QN,11101,35,49,644,NYC_COVID_REAL
2022-10-24,Staten Island Hospital,SI,10301,8,35,141,NYC_COVID_REAL
2022-10-25,Bronx Medical Center,BX,10451,34,52,387,NYC_COVID_REAL
2022-10-25,Brooklyn Health Center,BK,11201,46,65,682,NYC_COVID_REAL
2022-10-25,Manhattan Hospital,MN,10001,18,40,415,NYC_COVID_REAL
2022-10-25,Queens Medical Center,QN,11101,38,64,634,NYC_COVID_REAL
2022-10-25,Staten Island Hospital,SI,10301,10,22,127,NYC_COVID_REAL
2022-10-26,Bronx Medical Center,BX,10451,29,43,362,NYC_COVID_REAL
2022-10-26,Brooklyn Health Center,BK,11201,51,63,670,NYC_COVID_REAL
2022-10-26,Manhattan Hospital,MN,10001,25,45,455,NYC_COVID_REAL
2022-10-26,Queens Medical Center,QN,11101,41,66,661,NYC_COVID_REAL
2022-10-26,Staten Island Hospital,SI,10301,7,23,106,NYC_COVID_REAL
2022-10-27,Bronx Medical Center,BX,10451,15,35,324,NYC_COVID_REAL
2022-10-27,Brooklyn Health Center,BK,11201,38,50,574,NYC_COVID_REAL
2022-10-27,Manhattan Hospital,MN,10001,20,37,420,NYC_COVID_REAL
2022-10-27,Queens Medical Center,QN,11101,35,51,547,NYC_COVID_REAL
2022-10-27,Staten Island Hospital,SI,10301,11,39,109,NYC_COVID_REAL
2022-10-28,Bronx Medical Center,BX,10451,26,48,285,NYC_COVID_REAL
2022-10-28,Brooklyn Health Center,BK,11201,40,61,527,NYC_COVID_REAL
2022-10-28,Manhattan Hospital,MN,10001,17,30,376,NYC_COVID_REAL
2022-10-28,Queens Medical Center,QN,11101,30,46,477,NYC_COVID_REAL
2022-10-28,Staten Island Hospital,SI,10301,6,21,93,NYC_COVID_REAL
2022-10-29,Bronx Medical Center,BX,10451,27,38,178,NYC_COVID_REAL
2022-10-29,Brooklyn Health Center,BK,11201,27,44,315,NYC_COVID_REAL
2022-10-29,Manhattan Hospital,MN,10001,18,43,202,NYC_COVID_REAL
2022-10-29,Queens Medical Center,QN,11101,19,43,382,NYC_COVID_REAL
2022-10-29,Staten Island Hospital,SI,10301,5,18,70,NYC_COVID_REAL
2022-10-30,Bronx Medical Center,BX,10451,16,45,164,NYC_COVID_REAL
2022-10-30,Brooklyn Health Center,BK,11201,46,60,352,NYC_COVID_REAL
2022-10-30,Manhattan Hospital,MN,10001,24,52,246,NYC_COVID_REAL
2022-10-30,Queens Medical Center,QN,11101,33,61,375,NYC_COVID_REAL
2022-10-30,Staten Island Hospital,SI,10301,10,30,84,NYC_COVID_REAL
2022-10-31,Bronx Medical Center,BX,10451,31,59,418,NYC_COVID_REAL
2022-10-31,Brooklyn Health Center,BK,11201,53,81,731,NYC_COVID_REAL
2022-10-31,Manhattan Hospital,MN,10001,25,51,422,NYC_COVID_REAL
2022-10-31,Queens Medical Center,QN,11101,46,67,727,NYC_COVID_REAL
2022-10-31,Staten Island Hospital,SI,10301,5,33,136,NYC_COVID_REAL
2022-11-01,Bronx Medical Center,BX,10451,33,44,408,NYC_COVID_REAL
2022-11-01,Brooklyn Health Center,BK,11201,47,68,685,NYC_COVID_REAL
2022-11-01,Manhattan Hospital,MN,10001,23,41,416,NYC_COVID_REAL
2022-11-01,Queens Medical Center,QN,11101,42,68,671,NYC_COVID_REAL
2022-11-01,Staten Island Hospital,SI,10301,14,37,110,NYC_COVID_REAL
2022-11-02,Bronx Medical Center,BX,10451,31,48,374,NYC_COVID_REAL
2022-11-02,Brooklyn Health Center,BK,11201,46,69,709,NYC_COVID_REAL
2022-11-02,Manhattan Hospital,MN,10001,35,47,512,NYC_COVID_REAL
2022-11-02,Queens Medical Center,QN,11101,37,53,727,NYC_COVID_REAL
2022-11-02,Staten Island Hospital,SI,10301,8,27,116,NYC_COVID_REAL
2022-11-03,Bronx Medical Center,BX,10451,31,60,411,NYC_COVID_REAL
2022-11-03,Brooklyn Health Center,BK,11201,36,54,664,NYC_COVID_REAL
2022-11-03,Manhattan Hospital,MN,10001,24,41,443,NYC_COVID_REAL
2022-11-03,Queens Medical Center,QN,11101,43,56,669,NYC_COVID_REAL
2022-11-03,Staten Island Hospital,SI,10301,9,35,121,NYC_COVID_REAL
2022-11-04,Bronx Medical Center,BX,10451,23,49,333,NYC_COVID_REAL
2022-11-04,Brooklyn Health Center,BK,11201,50,70,666,NYC_COVID_REAL
2022-11-04,Manhattan Hospital,MN,10001,23,46,441,NYC_COVID_REAL
2022-11-04,Queens Medical Center,QN,11101,27,39,622,NYC_COVID_REAL
2022-11-04,Staten Island Hospital,SI,10301,8,33,109,NYC_COVID_REAL
2022-11-05,Bronx Medical Center,BX,10451,26,37,224,NYC_COVID_REAL
2022-11-05,Brooklyn Health Center,BK,11201,40,60,397,NYC_COVID_REAL
2022-11-05,Manhattan Hospital,MN,10001,21,42,262,NYC_COVID_REAL
2022-11-05,Queens Medical Center,QN,11101,35,45,452,NYC_COVID_REAL
2022-11-05,Staten Island Hospital,SI,10301,7,18,65,NYC_COVID_REAL
2022-11-06,Bronx Medical Center,BX,10451,23,35,185,NYC_COVID_REAL
2022-11-06,Brooklyn Health Center,BK,11201,22,43,455,NYC_COVID_REAL
2022-11-06,Manhattan Hospital,MN,10001,19,32,251,NYC_COVID_REAL
2022-11-06,Queens Medical Center,QN,11101,26,37,460,NYC_COVID_REAL
2022-11-06,Staten Island Hospital,SI,10301,15,38,93,NYC_COVID_REAL
2022-11-07,Bronx Medical Center,BX,10451,36,62,472,NYC_COVID_REAL
2022-11-07,Brooklyn Health Center,BK,11201,46,69,865,NYC_COVID_REAL
2022-11-07,Manhattan Hospital,MN,10001,24,36,542,NYC_COVID_REAL
2022-11-07,Queens Medical Center,QN,11101,40,63,794,NYC_COVID_REAL
2022-11-07,Staten Island Hospital,SI,10301,3,15,166,NYC_COVID_REAL
2022-11-08,Bronx Medical Center,BX,10451,35,57,366,NYC_COVID_REAL
2022-11-08,Brooklyn Health Center,BK,11201,54,71,749,NYC_COVID_REAL
2022-11-08,Manhattan Hospital,MN,10001,29,49,440,NYC_COVID_REAL
2022-11-08,Queens Medical Center,QN,11101,35,63,643,NYC_COVID_REAL
2022-11-08,Staten Island Hospital,SI,10301,6,26,100,NYC_COVID_REAL
2022-11-09,Bronx Medical Center,BX,10451,31,45,399,NYC_COVID_REAL
2022-11-09,Brooklyn Health Center,BK,11201,38,52,677,NYC_COVID_REAL
2022-11-09,Manhattan Hospital,MN,10001,25,53,422,NYC_COVID_REAL
2022-11-09,Queens Medical Center,QN,11101,23,37,655,NYC_COVID_REAL
2022-11-09,Staten Island Hospital,SI,10301,8,31,129,NYC_COVID_REAL
2022-11-10,Bronx Medical Center,BX,10451,29,48,368,NYC_COVID_REAL
2022-11-10,Brooklyn Health Center,BK,11201,39,58,629,NYC_COVID_REAL
2022-11-10,Manhattan Hospital,MN,10001,29,58,402,NYC_COVID_REAL
2022-11-10,Queens Medical Center,QN,11101,51,76,519,NYC_COVID_REAL
2022-11-10,Staten Island Hospital,SI,10301,7,32,94,NYC_COVID_REAL
2022-11-11,Bronx Medical Center,BX,10451,34,53,286,NYC_COVID_REAL
2022-11-11,Brooklyn Health Center,BK,11201,39,54,450,NYC_COVID_REAL
2022-11-11,Manhattan Hospital,MN,10001,32,57,317,NYC_COVID_REAL
2022-11-11,Queens Medical Center,QN,11101,44,65,476,NYC_COVID_REAL
2022-11-11,Staten Island Hospital,SI,10301,7,27,98,NYC_COVID_REAL
2022-11-12,Bronx Medical Center,BX,10451,25,47,210,NYC_COVID_REAL
2022-11-12,Brooklyn Health Center,BK,11201,42,59,463,NYC_COVID_REAL
2022-11-12,Manhattan Hospital,MN,10001,16,28,264,NYC_COVID_REAL
2022-11-12,Queens Medical Center,QN,11101,27,55,497,NYC_COVID_REAL
2022-11-12,Staten Island Hospital,SI,10301,9,23,107,NYC_COVID_REAL
2022-11-13,Bronx Medical Center,BX,10451,27,51,220,NYC_COVID_REAL
2022-11-13,Brooklyn Health Center,BK,11201,30,44,411,NYC_COVID_REAL
2022-11-13,Manhattan Hospital,MN,10001,22,39,247,NYC_COVID_REAL
2022-11-13,Queens Medical Center,QN,11101,27,53,403,NYC_COVID_REAL
2022-11-13,Staten Island Hospital,SI,10301,9,31,94,NYC_COVID_REAL
2022-11-14,Bronx Medical Center,BX,10451,42,64,539,NYC_COVID_REAL
2022-11-14,Brooklyn Health Center,BK,11201,35,48,868,NYC_COVID_REAL
2022-11-14,Manhattan Hospital,MN,10001,38,61,574,NYC_COVID_REAL
2022-11-14,Queens Medical Center,QN,11101,47,65,847,NYC_COVID_REAL
2022-11-14,Staten Island Hospital,SI,10301,8,36,135,NYC_COVID_REAL
2022-11-15,Bronx Medical Center,BX,10451,36,60,394,NYC_COVID_REAL
2022-11-15,Brooklyn Health Center,BK,11201,45,72,727,NYC_COVID_REAL
2022-11-15,Manhattan Hospital,MN,10001,23,39,490,NYC_COVID_REAL
2022-11-15,Queens Medical Center,QN,11101,40,60,671,NYC_COVID_REAL
2022-11-15,Staten Island Hospital,SI,10301,5,21,108,NYC_COVID_REAL
2022-11-16,Bronx Medical Center,BX,10451,37,62,419,NYC_COVID_REAL
2022-11-16,Brooklyn Health Center,BK,11201,47,63,666,NYC_COVID_REAL
2022-11-16,Manhattan Hospital,MN,10001,29,48,478,NYC_COVID_REAL
2022-11-16,Queens Medical Center,QN,11101,35,49,662,NYC_COVID_REAL
2022-11-16,Staten Island Hospital,SI,10301,7,20,102,NYC_COVID_REAL
2022-11-17,Bronx Medical Center,BX,10451,24,39,309,NYC_COVID_REAL
2022-11-17,Brooklyn Health Center,BK,11201,55,80,560,NYC_COVID_REAL
2022-11-17,Manhattan Hospital,MN,10001,26,54,354,NYC_COVID_REAL
2022-11-17,Queens Medical Center,QN,11101,41,66,572,NYC_COVID_REAL
2022-11-17,Staten Island Hospital,SI,10301,11,36,98,NYC_COVID_REAL
2022-11-18,Bronx Medical Center,BX,10451,23,46,275,NYC_COVID_REAL
2022-11-18,Brooklyn Health Center,BK,11201,48,73,503,NYC_COVID_REAL
2022-11-18,Manhattan Hospital,MN,10001,18,30,281,NYC_COVID_REAL
2022-11-18,Queens Medical Center,QN,11101,36,61,442,NYC_COVID_REAL
2022-11-18,Staten Island Hospital,SI,10301,5,18,68,NYC_COVID_REAL
2022-11-19,Bronx Medical Center,BX,10451,14,30,174,NYC_COVID_REAL
2022-11-19,Brooklyn Health Center,BK,11201,30,49,331,NYC_COVID_REAL
2022-11-19,Manhattan Hospital,MN,10001,21,39,214,NYC_COVID_REAL
2022-11-19,Queens Medical Center,QN,11101,23,41,383,NYC_COVID_REAL
2022-11-19,Staten Island Hospital,SI,10301,5,27,62,NYC_COVID_REAL
2022-11-20,Bronx Medical Center,BX,10451,31,44,180,NYC_COVID_REAL
2022-11-20,Brooklyn Health Center,BK,11201,42,52,431,NYC_COVID_REAL
2022-11-20,Manhattan Hospital,MN,10001,28,57,251,NYC_COVID_REAL
2022-11-20,Queens Medical Center,QN,11101,32,55,388,NYC_COVID_REAL
2022-11-20,Staten Island Hospital,SI,10301,8,34,89,NYC_COVID_REAL
2022-11-21,Bronx Medical Center,BX,10451,32,56,488,NYC_COVID_REAL
2022-11-21,Brooklyn Health Center,BK,11201,43,65,890,NYC_COVID_REAL
2022-11-21,Manhattan Hospital,MN,10001,38,52,605,NYC_COVID_REAL
2022-11-21,Queens Medical Center,QN,11101,51,75,858,NYC_COVID_REAL
2022-11-21,Staten Island Hospital,SI,10301,7,30,168,NYC_COVID_REAL
2022-11-22,Bronx Medical Center,BX,10451,31,41,415,NYC_COVID_REAL
2022-11-22,Brooklyn Health Center,BK,11201,36,50,827,NYC_COVID_REAL
2022-11-22,Manhattan Hospital,MN,10001,33,59,540,NYC_COVID_REAL
2022-11-22,Queens Medical Center,QN,11101,53,77,794,NYC_COVID_REAL
2022-11-22,Staten Island Hospital,SI,10301,6,31,125,NYC_COVID_REAL
2022-11-23,Bronx Medical Center,BX,10451,36,50,426,NYC_COVID_REAL
2022-11-23,Brooklyn Health Center,BK,11201,50,79,788,NYC_COVID_REAL
2022-11-23,Manhattan Hospital,MN,10001,33,50,561,NYC_COVID_REAL
2022-11-23,Queens Medical Center,QN,11101,50,65,789,NYC_COVID_REAL
2022-11-23,Staten Island Hospital,SI,10301,8,24,136,NYC_COVID_REAL
2022-11-24,Bronx Medical Center,BX,10451,23,40,162,NYC_COVID_REAL
2022-11-24,Brooklyn Health Center,BK,11201,38,60,314,NYC_COVID_REAL
2022-11-24,Manhattan Hospital,MN,10001,22,48,183,NYC_COVID_REAL
2022-11-24,Queens Medical Center,QN,11101,43,64,302,NYC_COVID_REAL
2022-11-24,Staten Island Hospital,SI,10301,8,32,46,NYC_COVID_REAL
2022-11-25,Bronx Medical Center,BX,10451,39,65,355,NYC_COVID_REAL
2022-11-25,Brooklyn Health Center,BK,11201,57,76,651,NYC_COVID_REAL
2022-11-25,Manhattan Hospital,MN,10001,27,45,419,NYC_COVID_REAL
2022-11-25,Queens Medical Center,QN,11101,51,65,736,NYC_COVID_REAL
2022-11-25,Staten Island Hospital,SI,10301,11,23,111,NYC_COVID_REAL
2022-11-26,Bronx Medical Center,BX,10451,34,62,358,NYC_COVID_REAL
2022-11-26,Brooklyn Health Center,BK,11201,58,77,584,NYC_COVID_REAL
2022-11-26,Manhattan Hospital,MN,10001,37,59,349,NYC_COVID_REAL
2022-11-26,Queens Medical Center,QN,11101,41,53,638,NYC_COVID_REAL
2022-11-26,Staten Island Hospital,SI,10301,5,22,111,NYC_COVID_REAL
2022-11-27,Bronx Medical Center,BX,10451,34,62,271,NYC_COVID_REAL
2022-11-27,Brooklyn Health Center,BK,11201,64,83,640,NYC_COVID_REAL
2022-11-27,Manhattan Hospital,MN,10001,35,53,352,NYC_COVID_REAL
2022-11-27,Queens Medical Center,QN,11101,49,71,622,NYC_COVID_REAL
2022-11-27,Staten Island Hospital,SI,10301,10,25,139,NYC_COVID_REAL
2022-11-28,Bronx Medical Center,BX,10451,43,58,822,NYC_COVID_REAL
2022-11-28,Brooklyn Health Center,BK,11201,67,77,1499,NYC_COVID_REAL
2022-11-28,Manhattan Hospital,MN,10001,31,47,821,NYC_COVID_REAL
2022-11-28,Queens Medical Center,QN,11101,53,72,1394,NYC_COVID_REAL
2022-11-28,Staten Island Hospital,SI,10301,15,40,245,NYC_COVID_REAL
2022-11-29,Bronx Medical Center,BX,10451,49,59,696,NYC_COVID_REAL
2022-11-29,Brooklyn Health Center,BK,11201,69,92,1136,NYC_COVID_REAL
2022-11-29,Manhattan Hospital,MN,10001,28,51,709,NYC_COVID_REAL
2022-11-29,Queens Medical Center,QN,11101,54,73,1153,NYC_COVID_REAL
2022-11-29,Staten Island Hospital,SI,10301,6,16,191,NYC_COVID_REAL
2022-11-30,Bronx Medical Center,BX,10451,51,79,580,NYC_COVID_REAL
2022-11-30,Brooklyn Health Center,BK,11201,72,96,980,NYC_COVID_REAL
2022-11-30,Manhattan Hospital,MN,10001,32,52,529,NYC_COVID_REAL
2022-11-30,Queens Medical Center,QN,11101,70,90,973,NYC_COVID_REAL
2022-11-30,Staten Island Hospital,SI,10301,7,34,153,NYC_COVID_REAL
2022-12-01,Bronx Medical Center,BX,10451,45,64,565,NYC_COVID_REAL
2022-12-01,Brooklyn Health Center,BK,11201,54,64,902,NYC_COVID_REAL
2022-12-01,Manhattan Hospital,MN,10001,35,63,545,NYC_COVID_REAL
2022-12-01,Queens Medical Center,QN,11101,52,76,947,NYC_COVID_REAL
2022-12-01,Staten Island Hospital,SI,10301,10,25,121,NYC_COVID_REAL
2022-12-02,Bronx Medical Center,BX,10451,49,63,523,NYC_COVID_REAL
2022-12-02,Brooklyn Health Center,BK,11201,55,69,857,NYC_COVID_REAL
2022-12-02,Manhattan Hospital,MN,10001,38,53,561,NYC_COVID_REAL
2022-12-02,Queens Medical Center,QN,11101,50,71,919,NYC_COVID_REAL
2022-12-02,Staten Island Hospital,SI,10301,7,29,113,NYC_COVID_REAL
2022-12-03,Bronx Medical Center,BX,10451,38,67,245,NYC_COVID_REAL
2022-12-03,Brooklyn Health Center,BK,11201,60,75,492,NYC_COVID_REAL
2022-12-03,Manhattan Hospital,MN,10001,39,49,277,NYC_COVID_REAL
2022-12-03,Queens Medical Center,QN,11101,49,74,554,NYC_COVID_REAL
2022-12-03,Staten Island Hospital,SI,10301,8,24,94,NYC_COVID_REAL
2022-12-04,Bronx Medical Center,BX,10451,45,66,262,NYC_COVID_REAL
2022-12-04,Brooklyn Health Center,BK,11201,33,59,584,NYC_COVID_REAL
2022-12-04,Manhattan Hospital,MN,10001,33,54,321,NYC_COVID_REAL
2022-12-04,Queens Medical Center,QN,11101,43,59,569,NYC_COVID_REAL
2022-12-04,Staten Island Hospital,SI,10301,6,21,102,NYC_COVID_REAL
2022-12-05,Bronx Medical Center,BX,10451,55,80,705,NYC_COVID_REAL
2022-12-05,Brooklyn Health Center,BK,11201,66,76,1228,NYC_COVID_REAL
2022-12-05,Manhattan Hospital,MN,10001,37,57,734,NYC_COVID_REAL
2022-12-05,Queens Medical Center,QN,11101,51,71,1216,NYC_COVID_REAL
2022-12-05,Staten Island Hospital,SI,10301,14,25,220,NYC_COVID_REAL
2022-12-06,Bronx Medical Center,BX,10451,45,74,565,NYC_COVID_REAL
2022-12-06,Brooklyn Health Center,BK,11201,61,80,1003,NYC_COVID_REAL
2022-12-06,Manhattan Hospital,MN,10001,28,38,551,NYC_COVID_REAL
2022-12-06,Queens Medical Center,QN,11101,53,64,1019,NYC_COVID_REAL
2022-12-06,Staten Island Hospital,SI,10301,16,32,166,NYC_COVID_REAL
2022-12-07,Bronx Medical Center,BX,10451,39,57,575,NYC_COVID_REAL
2022-12-07,Brooklyn Health Center,BK,11201,68,81,1053,NYC_COVID_REAL
2022-12-07,Manhattan Hospital,MN,10001,46,57,662,NYC_COVID_REAL
2022-12-07,Queens Medical Center,QN,11101,66,76,963,NYC_COVID_REAL
2022-12-07,Staten Island Hospital,SI,10301,10,20,166,NYC_COVID_REAL
2022-12-08,Bronx Medical Center,BX,10451,45,66,527,NYC_COVID_REAL
2022-12-08,Brooklyn Health Center,BK,11201,53,76,912,NYC_COVID_REAL
2022-12-08,Manhattan Hospital,MN,10001,30,55,592,NYC_COVID_REAL
2022-12-08,Queens Medical Center,QN,11101,50,73,972,NYC_COVID_REAL
2022-12-08,Staten Island Hospital,SI,10301,17,30,143,NYC_COVID_REAL
2022-12-09,Bronx Medical Center,BX,10451,39,61,545,NYC_COVID_REAL
2022-12-09,Brooklyn Health Center,BK,11201,62,73,843,NYC_COVID_REAL
2022-12-09,Manhattan Hospital,MN,10001,34,46,608,NYC_COVID_REAL
2022-12-09,Queens Medical Center,QN,11101,47,63,836,NYC_COVID_REAL
2022-12-09,Staten Island Hospital,SI,10301,9,29,145,NYC_COVID_REAL
2022-12-10,Bronx Medical Center,BX,10451,35,62,287,NYC_COVID_REAL
2022-12-10,Brooklyn Health Center,BK,11201,68,94,523,NYC_COVID_REAL
2022-12-10,Manhattan Hospital,MN,10001,24,44,283,NYC_COVID_REAL
2022-12-10,Queens Medical Center,QN,11101,44,67,544,NYC_COVID_REAL
2022-12-10,Staten Island Hospital,SI,10301,11,38,92,NYC_COVID_REAL
2022-12-11,Bronx Medical Center,BX,10451,26,46,249,NYC_COVID_REAL
2022-12-11,Brooklyn Health Center,BK,11201,45,74,566,NYC_COVID_REAL
2022-12-11,Manhattan Hospital,MN,10001,25,40,262,NYC_COVID_REAL
2022-12-11,Queens Medical Center,QN,11101,47,64,486,NYC_COVID_REAL
2022-12-11,Staten Island Hospital,SI,10301,12,33,122,NYC_COVID_REAL
2022-12-12,Bronx Medical Center,BX,10451,44,67,723,NYC_COVID_REAL
2022-12-12,Brooklyn Health Center,BK,11201,73,88,1206,NYC_COVID_REAL
2022-12-12,Manhattan Hospital,MN,10001,37,49,797,NYC_COVID_REAL
2022-12-12,Queens Medical Center,QN,11101,45,55,1160,NYC_COVID_REAL
2022-12-12,Staten Island Hospital,SI,10301,10,31,185,NYC_COVID_REAL
2022-12-13,Bronx Medical Center,BX,10451,51,71,636,NYC_COVID_REAL
2022-12-13,Brooklyn Health Center,BK,11201,61,79,1083,NYC_COVID_REAL
2022-12-13,Manhattan Hospital,MN,10001,48,73,737,NYC_COVID_REAL
2022-12-13,Queens Medical Center,QN,11101,57,75,994,NYC_COVID_REAL
2022-12-13,Staten Island Hospital,SI,10301,11,24,184,NYC_COVID_REAL
2022-12-14,Bronx Medical Center,BX,10451,47,58,571,NYC_COVID_REAL
2022-12-14,Brooklyn Health Center,BK,11201,59,76,1006,NYC_COVID_REAL
2022-12-14,Manhattan Hospital,MN,10001,39,61,669,NYC_COVID_REAL
2022-12-14,Queens Medical Center,QN,11101,72,95,991,NYC_COVID_REAL
2022-12-14,Staten Island Hospital,SI,10301,11,37,175,NYC_COVID_REAL
2022-12-15,Bronx Medical Center,BX,10451,42,52,479,NYC_COVID_REAL
2022-12-15,Brooklyn Health Center,BK,11201,56,75,928,NYC_COVID_REAL
2022-12-15,Manhattan Hospital,MN,10001,44,67,503,NYC_COVID_REAL
2022-12-15,Queens Medical Center,QN,11101,60,86,895,NYC_COVID_REAL
2022-12-15,Staten Island Hospital,SI,10301,10,21,162,NYC_COVID_REAL
2022-12-16,Bronx Medical Center,BX,10451,48,72,463,NYC_COVID_REAL
2022-12-16,Brooklyn Health Center,BK,11201,64,79,775,NYC_COVID_REAL
2022-12-16,Manhattan Hospital,MN,10001,29,43,483,NYC_COVID_REAL
2022-12-16,Queens Medical Center,QN,11101,63,83,775,NYC_COVID_REAL
2022-12-16,Staten Island Hospital,SI,10301,25,39,164,NYC_COVID_REAL
2022-12-17,Bronx Medical Center,BX,10451,32,51,326,NYC_COVID_REAL
2022-12-17,Brooklyn Health Center,BK,11201,45,64,589,NYC_COVID_REAL
2022-12-17,Manhattan Hospital,MN,10001,21,48,370,NYC_COVID_REAL
2022-12-17,Queens Medical Center,QN,11101,52,68,615,NYC_COVID_REAL
2022-12-17,Staten Island Hospital,SI,10301,13,30,126,NYC_COVID_REAL
2022-12-18,Bronx Medical Center,BX,10451,40,52,261,NYC_COVID_REAL
2022-12-18,Brooklyn Health Center,BK,11201,49,67,591,NYC_COVID_REAL
2022-12-18,Manhattan Hospital,MN,10001,32,61,329,NYC_COVID_REAL
2022-12-18,Queens Medical Center,QN,11101,42,53,533,NYC_COVID_REAL
2022-12-18,Staten Island Hospital,SI,10301,16,41,152,NYC_COVID_REAL
2022-12-19,Bronx Medical Center,BX,10451,42,69,660,NYC_COVID_REAL
2022-12-19,Brooklyn Health Center,BK,11201,54,68,1162,NYC_COVID_REAL
2022-12-19,Manhattan Hospital,MN,10001,51,78,707,NYC_COVID_REAL
2022-12-19,Queens Medical Center,QN,11101,52,78,1131,NYC_COVID_REAL
2022-12-19,Staten Island Hospital,SI,10301,28,40,282,NYC_COVID_REAL
2022-12-20,Bronx Medical Center,BX,10451,46,69,626,NYC_COVID_REAL
2022-12-20,Brooklyn Health Center,BK,11201,57,81,1026,NYC_COVID_REAL
2022-12-20,Manhattan Hospital,MN,10001,29,41,642,NYC_COVID_REAL
2022-12-20,Queens Medical Center,QN,11101,51,70,963,NYC_COVID_REAL
2022-12-20,Staten Island Hospital,SI,10301,14,34,187,NYC_COVID_REAL
2022-12-21,Bronx Medical Center,BX,10451,41,69,576,NYC_COVID_REAL
2022-12-21,Brooklyn Health Center,BK,11201,59,78,984,NYC_COVID_REAL
2022-12-21,Manhattan Hospital,MN,10001,39,66,621,NYC_COVID_REAL
2022-12-21,Queens Medical Center,QN,11101,59,79,950,NYC_COVID_REAL
2022-12-21,Staten Island Hospital,SI,10301,16,31,209,NYC_COVID_REAL
2022-12-22,Bronx Medical Center,BX,10451,38,55,474,NYC_COVID_REAL
2022-12-22,Brooklyn Health Center,BK,11201,73,95,850,NYC_COVID_REAL
2022-12-22,Manhattan Hospital,MN,10001,33,54,545,NYC_COVID_REAL
2022-12-22,Queens Medical Center,QN,11101,57,86,799,NYC_COVID_REAL
2022-12-22,Staten Island Hospital,SI,10301,16,26,173,NYC_COVID_REAL
2022-12-23,Bronx Medical Center,BX,10451,34,60,391,NYC_COVID_REAL
2022-12-23,Brooklyn Health Center,BK,11201,52,73,700,NYC_COVID_REAL
2022-12-23,Manhattan Hospital,MN,10001,34,49,438,NYC_COVID_REAL
2022-12-23,Queens Medical Center,QN,11101,56,72,717,NYC_COVID_REAL
2022-12-23,Staten Island Hospital,SI,10301,18,34,161,NYC_COVID_REAL
2022-12-24,Bronx Medical Center,BX,10451,31,57,176,NYC_COVID_REAL
2022-12-24,Brooklyn Health Center,BK,11201,49,78,319,NYC_COVID_REAL
2022-12-24,Manhattan Hospital,MN,10001,21,34,153,NYC_COVID_REAL
2022-12-24,Queens Medical Center,QN,11101,30,45,307,NYC_COVID_REAL
2022-12-24,Staten Island Hospital,SI,10301,11,35,72,NYC_COVID_REAL
2022-12-25,Bronx Medical Center,BX,10451,40,53,139,NYC_COVID_REAL
2022-12-25,Brooklyn Health Center,BK,11201,41,61,266,NYC_COVID_REAL
2022-12-25,Manhattan Hospital,MN,10001,31,55,146,NYC_COVID_REAL
2022-12-25,Queens Medical Center,QN,11101,39,51,228,NYC_COVID_REAL
2022-12-25,Staten Island Hospital,SI,10301,13,23,67,NYC_COVID_REAL
2022-12-26,Bronx Medical Center,BX,10451,36,61,350,NYC_COVID_REAL
2022-12-26,Brooklyn Health Center,BK,11201,53,79,745,NYC_COVID_REAL
2022-12-26,Manhattan Hospital,MN,10001,39,67,380,NYC_COVID_REAL
2022-12-26,Queens Medical Center,QN,11101,51,79,681,NYC_COVID_REAL
2022-12-26,Staten Island Hospital,SI,10301,14,28,167,NYC_COVID_REAL
2022-12-27,Bronx Medical Center,BX,10451,42,52,612,NYC_COVID_REAL
2022-12-27,Brooklyn Health Center,BK,11201,55,82,1004,NYC_COVID_REAL
2022-12-27,Manhattan Hospital,MN,10001,36,55,510,NYC_COVID_REAL
2022-12-27,Queens Medical Center,QN,11101,71,100,1108,NYC_COVID_REAL
2022-12-27,Staten Island Hospital,SI,10301,28,47,239,NYC_COVID_REAL
2022-12-28,Bronx Medical Center,BX,10451,51,77,604,NYC_COVID_REAL
2022-12-28,Brooklyn Health Center,BK,11201,71,96,910,NYC_COVID_REAL
2022-12-28,Manhattan Hospital,MN,10001,35,64,517,NYC_COVID_REAL
2022-12-28,Queens Medical Center,QN,11101,70,96,891,NYC_COVID_REAL
2022-12-28,Staten Island Hospital,SI,10301,24,41,253,NYC_COVID_REAL
2022-12-29,Bronx Medical Center,BX,10451,50,67,584,NYC_COVID_REAL
2022-12-29,Brooklyn Health Center,BK,11201,62,74,894,NYC_COVID_REAL
2022-12-29,Manhattan Hospital,MN,10001,43,68,507,NYC_COVID_REAL
2022-12-29,Queens Medical Center,QN,11101,60,86,889,NYC_COVID_REAL
2022-12-29,Staten Island Hospital,SI,10301,20,44,211,NYC_COVID_REAL
2022-12-30,Bronx Medical Center,BX,10451,62,85,506,NYC_COVID_REAL
2022-12-30,Brooklyn Health Center,BK,11201,51,64,780,NYC_COVID_REAL
2022-12-30,Manhattan Hospital,MN,10001,58,81,464,NYC_COVID_REAL
2022-12-30,Queens Medical Center,QN,11101,64,76,785,NYC_COVID_REAL
2022-12-30,Staten Island Hospital,SI,10301,18,32,166,NYC_COVID_REAL
2022-12-31,Bronx Medical Center,BX,10451,45,55,256,NYC_COVID_REAL
2022-12-31,Brooklyn Health Center,BK,11201,45,65,419,NYC_COVID_REAL
2022-12-31,Manhattan Hospital,MN,10001,33,49,229,NYC_COVID_REAL
2022-12-31,Queens Medical Center,QN,11101,57,69,432,NYC_COVID_REAL
2022-12-31,Staten Island Hospital,SI,10301,14,27,120,NYC_COVID_REAL
2023-01-01,Bronx Medical Center,BX,10451,47,63,181,NYC_COVID_REAL
2023-01-01,Brooklyn Health Center,BK,11201,55,68,364,NYC_COVID_REAL
2023-01-01,Manhattan Hospital,MN,10001,35,54,164,NYC_COVID_REAL
2023-01-01,Queens Medical Center,QN,11101,59,76,339,NYC_COVID_REAL
2023-01-01,Staten Island Hospital,SI,10301,23,50,93,NYC_COVID_REAL
2023-01-02,Bronx Medical Center,BX,10451,40,60,432,NYC_COVID_REAL
2023-01-02,Brooklyn Health Center,BK,11201,55,71,869,NYC_COVID_REAL
2023-01-02,Manhattan Hospital,MN,10001,34,58,461,NYC_COVID_REAL
2023-01-02,Queens Medical Center,QN,11101,47,67,861,NYC_COVID_REAL
2023-01-02,Staten Island Hospital,SI,10301,17,42,194,NYC_COVID_REAL
2023-01-03,Bronx Medical Center,BX,10451,48,76,693,NYC_COVID_REAL
2023-01-03,Brooklyn Health Center,BK,11201,56,76,1097,NYC_COVID_REAL
2023-01-03,Manhattan Hospital,MN,10001,39,58,677,NYC_COVID_REAL
2023-01-03,Queens Medical Center,QN,11101,87,104,1102,NYC_COVID_REAL
2023-01-03,Staten Island Hospital,SI,10301,11,21,237,NYC_COVID_REAL
2023-01-04,Bronx Medical Center,BX,10451,40,54,651,NYC_COVID_REAL
2023-01-04,Brooklyn Health Center,BK,11201,69,91,944,NYC_COVID_REAL
2023-01-04,Manhattan Hospital,MN,10001,25,42,592,NYC_COVID_REAL
2023-01-04,Queens Medical Center,QN,11101,55,82,975,NYC_COVID_REAL
2023-01-04,Staten Island Hospital,SI,10301,19,48,190,NYC_COVID_REAL
2023-01-05,Bronx Medical Center,BX,10451,48,73,534,NYC_COVID_REAL
2023-01-05,Brooklyn Health Center,BK,11201,61,79,856,NYC_COVID_REAL
2023-01-05,Manhattan Hospital,MN,10001,39,66,510,NYC_COVID_REAL
2023-01-05,Queens Medical Center,QN,11101,63,89,846,NYC_COVID_REAL
2023-01-05,Staten Island Hospital,SI,10301,21,45,143,NYC_COVID_REAL
2023-01-06,Bronx Medical Center,BX,10451,28,38,478,NYC_COVID_REAL
2023-01-06,Brooklyn Health Center,BK,11201,51,70,696,NYC_COVID_REAL
2023-01-06,Manhattan Hospital,MN,10001,31,53,462,NYC_COVID_REAL
2023-01-06,Queens Medical Center,QN,11101,64,79,700,NYC_COVID_REAL
2023-01-06,Staten Island Hospital,SI,10301,13,28,145,NYC_COVID_REAL
2023-01-07,Bronx Medical Center,BX,10451,35,53,239,NYC_COVID_REAL
2023-01-07,Brooklyn Health Center,BK,11201,42,70,403,NYC_COVID_REAL
2023-01-07,Manhattan Hospital,MN,10001,28,57,269,NYC_COVID_REAL
2023-01-07,Queens Medical Center,QN,11101,48,65,463,NYC_COVID_REAL
2023-01-07,Staten Island Hospital,SI,10301,14,30,84,NYC_COVID_REAL
2023-01-08,Bronx Medical Center,BX,10451,25,41,179,NYC_COVID_REAL
2023-01-08,Brooklyn Health Center,BK,11201,40,61,399,NYC_COVID_REAL
2023-01-08,Manhattan Hospital,MN,10001,31,52,250,NYC_COVID_REAL
2023-01-08,Queens Medical Center,QN,11101,34,55,405,NYC_COVID_REAL
2023-01-08,Staten Island Hospital,SI,10301,12,29,108,NYC_COVID_REAL
2023-01-09,Bronx Medical Center,BX,10451,28,46,513,NYC_COVID_REAL
2023-01-09,Brooklyn Health Center,BK,11201,63,82,867,NYC_COVID_REAL
2023-01-09,Manhattan Hospital,MN,10001,28,47,498,NYC_COVID_REAL
2023-01-09,Queens Medical Center,QN,11101,64,86,806,NYC_COVID_REAL
2023-01-09,Staten Island Hospital,SI,10301,20,40,188,NYC_COVID_REAL
2023-01-10,Bronx Medical Center,BX,10451,23,42,466,NYC_COVID_REAL
2023-01-10,Brooklyn Health Center,BK,11201,55,73,758,NYC_COVID_REAL
2023-01-10,Manhattan Hospital,MN,10001,43,54,421,NYC_COVID_REAL
2023-01-10,Queens Medical Center,QN,11101,52,69,670,NYC_COVID_REAL
2023-01-10,Staten Island Hospital,SI,10301,9,23,133,NYC_COVID_REAL
2023-01-11,Bronx Medical Center,BX,10451,41,69,430,NYC_COVID_REAL
2023-01-11,Brooklyn Health Center,BK,11201,44,72,733,NYC_COVID_REAL
2023-01-11,Manhattan Hospital,MN,10001,27,53,361,NYC_COVID_REAL
2023-01-11,Queens Medical Center,QN,11101,50,78,580,NYC_COVID_REAL
2023-01-11,Staten Island Hospital,SI,10301,11,34,110,NYC_COVID_REAL
2023-01-12,Bronx Medical Center,BX,10451,33,53,370,NYC_COVID_REAL
2023-01-12,Brooklyn Health Center,BK,11201,42,61,656,NYC_COVID_REAL
2023-01-12,Manhattan Hospital,MN,10001,23,41,365,NYC_COVID_REAL
2023-01-12,Queens Medical Center,QN,11101,43,64,563,NYC_COVID_REAL
2023-01-12,Staten Island Hospital,SI,10301,7,34,127,NYC_COVID_REAL
2023-01-13,Bronx Medical Center,BX,10451,39,60,356,NYC_COVID_REAL
2023-01-13,Brooklyn Health Center,BK,11201,42,70,559,NYC_COVID_REAL
2023-01-13,Manhattan Hospital,MN,10001,29,43,312,NYC_COVID_REAL
2023-01-13,Queens Medical Center,QN,11101,53,69,518,NYC_COVID_REAL
2023-01-13,Staten Island Hospital,SI,10301,12,39,107,NYC_COVID_REAL
2023-01-14,Bronx Medical Center,BX,10451,29,55,183,NYC_COVID_REAL
2023-01-14,Brooklyn Health Center,BK,11201,28,38,302,NYC_COVID_REAL
2023-01-14,Manhattan Hospital,MN,10001,24,37,203,NYC_COVID_REAL
2023-01-14,Queens Medical Center,QN,11101,40,58,340,NYC_COVID_REAL
2023-01-14,Staten Island Hospital,SI,10301,15,26,90,NYC_COVID_REAL
2023-01-15,Bronx Medical Center,BX,10451,25,38,173,NYC_COVID_REAL
2023-01-15,Brooklyn Health Center,BK,11201,23,44,318,NYC_COVID_REAL
2023-01-15,Manhattan Hospital,MN,10001,25,45,179,NYC_COVID_REAL
2023-01-15,Queens Medical Center,QN,11101,19,43,286,NYC_COVID_REAL
2023-01-15,Staten Island Hospital,SI,10301,9,35,79,NYC_COVID_REAL
2023-01-16,Bronx Medical Center,BX,10451,35,49,277,NYC_COVID_REAL
2023-01-16,Brooklyn Health Center,BK,11201,42,68,562,NYC_COVID_REAL
2023-01-16,Manhattan Hospital,MN,10001,19,44,278,NYC_COVID_REAL
2023-01-16,Queens Medical Center,QN,11101,42,61,483,NYC_COVID_REAL
2023-01-16,Staten Island Hospital,SI,10301,14,37,117,NYC_COVID_REAL
2023-01-17,Bronx Medical Center,BX,10451,34,50,481,NYC_COVID_REAL
2023-01-17,Brooklyn Health Center,BK,11201,48,70,750,NYC_COVID_REAL
2023-01-17,Manhattan Hospital,MN,10001,21,38,395,NYC_COVID_REAL
2023-01-17,Queens Medical Center,QN,11101,49,75,678,NYC_COVID_REAL
2023-01-17,Staten Island Hospital,SI,10301,15,40,149,NYC_COVID_REAL
2023-01-18,Bronx Medical Center,BX,10451,32,51,375,NYC_COVID_REAL
2023-01-18,Brooklyn Health Center,BK,11201,42,66,555,NYC_COVID_REAL
2023-01-18,Manhattan Hospital,MN,10001,33,57,298,NYC_COVID_REAL
2023-01-18,Queens Medical Center,QN,11101,47,66,486,NYC_COVID_REAL
2023-01-18,Staten Island Hospital,SI,10301,7,25,103,NYC_COVID_REAL
2023-01-19,Bronx Medical Center,BX,10451,35,57,327,NYC_COVID_REAL
2023-01-19,Brooklyn Health Center,BK,11201,39,50,550,NYC_COVID_REAL
2023-01-19,Manhattan Hospital,MN,10001,25,38,304,NYC_COVID_REAL
2023-01-19,Queens Medical Center,QN,11101,29,48,449,NYC_COVID_REAL
2023-01-19,Staten Island Hospital,SI,10301,10,30,93,NYC_COVID_REAL
2023-01-20,Bronx Medical Center,BX,10451,33,54,309,NYC_COVID_REAL
2023-01-20,Brooklyn Health Center,BK,11201,29,52,490,NYC_COVID_REAL
2023-01-20,Manhattan Hospital,MN,10001,36,63,326,NYC_COVID_REAL
2023-01-20,Queens Medical Center,QN,11101,25,54,456,NYC_COVID_REAL
2023-01-20,Staten Island Hospital,SI,10301,14,32,104,NYC_COVID_REAL
2023-01-21,Bronx Medical Center,BX,10451,29,43,177,NYC_COVID_REAL
2023-01-21,Brooklyn Health Center,BK,11201,32,43,308,NYC_COVID_REAL
2023-01-21,Manhattan Hospital,MN,10001,15,44,135,NYC_COVID_REAL
2023-01-21,Queens Medical Center,QN,11101,32,46,322,NYC_COVID_REAL
2023-01-21,Staten Island Hospital,SI,10301,5,18,58,NYC_COVID_REAL
2023-01-22,Bronx Medical Center,BX,10451,22,48,153,NYC_COVID_REAL
2023-01-22,Brooklyn Health Center,BK,11201,33,43,270,NYC_COVID_REAL
2023-01-22,Manhattan Hospital,MN,10001,18,34,159,NYC_COVID_REAL
2023-01-22,Queens Medical Center,QN,11101,24,42,272,NYC_COVID_REAL
2023-01-22,Staten Island Hospital,SI,10301,11,35,95,NYC_COVID_REAL
2023-01-23,Bronx Medical Center,BX,10451,32,57,384,NYC_COVID_REAL
2023-01-23,Brooklyn Health Center,BK,11201,40,60,607,NYC_COVID_REAL
2023-01-23,Manhattan Hospital,MN,10001,27,46,338,NYC_COVID_REAL
2023-01-23,Queens Medical Center,QN,11101,39,60,550,NYC_COVID_REAL
2023-01-23,Staten Island Hospital,SI,10301,11,26,117,NYC_COVID_REAL
2023-01-24,Bronx Medical Center,BX,10451,34,59,367,NYC_COVID_REAL
2023-01-24,Brooklyn Health Center,BK,11201,33,60,530,NYC_COVID_REAL
2023-01-24,Manhattan Hospital,MN,10001,16,41,305,NYC_COVID_REAL
2023-01-24,Queens Medical Center,QN,11101,29,45,504,NYC_COVID_REAL
2023-01-24,Staten Island Hospital,SI,10301,3,15,97,NYC_COVID_REAL
2023-01-25,Bronx Medical Center,BX,10451,23,41,284,NYC_COVID_REAL
2023-01-25,Brooklyn Health Center,BK,11201,39,55,458,NYC_COVID_REAL
2023-01-25,Manhattan Hospital,MN,10001,20,36,278,NYC_COVID_REAL
2023-01-25,Queens Medical Center,QN,11101,29,42,377,NYC_COVID_REAL
2023-01-25,Staten Island Hospital,SI,10301,10,24,108,NYC_COVID_REAL
2023-01-26,Bronx Medical Center,BX,10451,25,38,278,NYC_COVID_REAL
2023-01-26,Brooklyn Health Center,BK,11201,29,53,482,NYC_COVID_REAL
2023-01-26,Manhattan Hospital,MN,10001,18,29,278,NYC_COVID_REAL
2023-01-26,Queens Medical Center,QN,11101,27,55,407,NYC_COVID_REAL
2023-01-26,Staten Island Hospital,SI,10301,13,39,110,NYC_COVID_REAL
2023-01-27,Bronx Medical Center,BX,10451,24,36,279,NYC_COVID_REAL
2023-01-27,Brooklyn Health Center,BK,11201,29,45,410,NYC_COVID_REAL
2023-01-27,Manhattan Hospital,MN,10001,17,31,260,NYC_COVID_REAL
2023-01-27,Queens Medical Center,QN,11101,24,47,358,NYC_COVID_REAL
2023-01-27,Staten Island Hospital,SI,10301,9,27,106,NYC_COVID_REAL
2023-01-28,Bronx Medical Center,BX,10451,19,31,151,NYC_COVID_REAL
2023-01-28,Brooklyn Health Center,BK,11201,36,62,242,NYC_COVID_REAL
2023-01-28,Manhattan Hospital,MN,10001,17,33,152,NYC_COVID_REAL
2023-01-28,Queens Medical Center,QN,11101,24,47,225,NYC_COVID_REAL
2023-01-28,Staten Island Hospital,SI,10301,11,22,71,NYC_COVID_REAL
2023-01-29,Bronx Medical Center,BX,10451,20,45,117,NYC_COVID_REAL
2023-01-29,Brooklyn Health Center,BK,11201,32,46,209,NYC_COVID_REAL
2023-01-29,Manhattan Hospital,MN,10001,13,30,131,NYC_COVID_REAL
2023-01-29,Queens Medical Center,QN,11101,17,40,195,NYC_COVID_REAL
2023-01-29,Staten Island Hospital,SI,10301,9,36,88,NYC_COVID_REAL
2023-01-30,Bronx Medical Center,BX,10451,22,36,339,NYC_COVID_REAL
2023-01-30,Brooklyn Health Center,BK,11201,45,65,623,NYC_COVID_REAL
2023-01-30,Manhattan Hospital,MN,10001,22,33,322,NYC_COVID_REAL
2023-01-30,Queens Medical Center,QN,11101,31,53,514,NYC_COVID_REAL
2023-01-30,Staten Island Hospital,SI,10301,10,22,136,NYC_COVID_REAL
2023-01-31,Bronx Medical Center,BX,10451,26,47,285,NYC_COVID_REAL
2023-01-31,Brooklyn Health Center,BK,11201,35,50,506,NYC_COVID_REAL
2023-01-31,Manhattan Hospital,MN,10001,18,29,269,NYC_COVID_REAL
2023-01-31,Queens Medical Center,QN,11101,32,50,405,NYC_COVID_REAL
2023-01-31,Staten Island Hospital,SI,10301,5,16,102,NYC_COVID_REAL
2023-02-01,Bronx Medical Center,BX,10451,16,26,238,NYC_COVID_REAL
2023-02-01,Brooklyn Health Center,BK,11201,29,40,420,NYC_COVID_REAL
2023-02-01,Manhattan Hospital,MN,10001,19,30,221,NYC_COVID_REAL
2023-02-01,Queens Medical Center,QN,11101,23,42,353,NYC_COVID_REAL
2023-02-01,Staten Island Hospital,SI,10301,14,24,74,NYC_COVID_REAL
2023-02-02,Bronx Medical Center,BX,10451,24,46,213,NYC_COVID_REAL
2023-02-02,Brooklyn Health Center,BK,11201,26,46,382,NYC_COVID_REAL
2023-02-02,Manhattan Hospital,MN,10001,21,50,204,NYC_COVID_REAL
2023-02-02,Queens Medical Center,QN,11101,23,50,322,NYC_COVID_REAL
2023-02-02,Staten Island Hospital,SI,10301,11,23,85,NYC_COVID_REAL
2023-02-03,Bronx Medical Center,BX,10451,22,39,176,NYC_COVID_REAL
2023-02-03,Brooklyn Health Center,BK,11201,35,57,307,NYC_COVID_REAL
2023-02-03,Manhattan Hospital,MN,10001,12,37,176,NYC_COVID_REAL
2023-02-03,Queens Medical Center,QN,11101,21,48,254,NYC_COVID_REAL
2023-02-03,Staten Island Hospital,SI,10301,14,37,76,NYC_COVID_REAL
2023-02-04,Bronx Medical Center,BX,10451,17,37,88,NYC_COVID_REAL
2023-02-04,Brooklyn Health Center,BK,11201,23,39,111,NYC_COVID_REAL
2023-02-04,Manhattan Hospital,MN,10001,16,34,85,NYC_COVID_REAL
2023-02-04,Queens Medical Center,QN,11101,21,39,156,NYC_COVID_REAL
2023-02-04,Staten Island Hospital,SI,10301,6,21,52,NYC_COVID_REAL
2023-02-05,Bronx Medical Center,BX,10451,21,41,95,NYC_COVID_REAL
2023-02-05,Brooklyn Health Center,BK,11201,27,55,181,NYC_COVID_REAL
2023-02-05,Manhattan Hospital,MN,10001,21,50,94,NYC_COVID_REAL
2023-02-05,Queens Medical Center,QN,11101,22,35,169,NYC_COVID_REAL
2023-02-05,Staten Island Hospital,SI,10301,5,30,56,NYC_COVID_REAL
2023-02-06,Bronx Medical Center,BX,10451,28,45,251,NYC_COVID_REAL
2023-02-06,Brooklyn Health Center,BK,11201,31,58,478,NYC_COVID_REAL
2023-02-06,Manhattan Hospital,MN,10001,12,23,309,NYC_COVID_REAL
2023-02-06,Queens Medical Center,QN,11101,32,46,382,NYC_COVID_REAL
2023-02-06,Staten Island Hospital,SI,10301,10,27,126,NYC_COVID_REAL
2023-02-07,Bronx Medical Center,BX,10451,30,48,215,NYC_COVID_REAL
2023-02-07,Brooklyn Health Center,BK,11201,19,43,367,NYC_COVID_REAL
2023-02-07,Manhattan Hospital,MN,10001,17,38,229,NYC_COVID_REAL
2023-02-07,Queens Medical Center,QN,11101,27,43,319,NYC_COVID_REAL
2023-02-07,Staten Island Hospital,SI,10301,12,33,102,NYC_COVID_REAL
2023-02-08,Bronx Medical Center,BX,10451,20,42,182,NYC_COVID_REAL
2023-02-08,Brooklyn Health Center,BK,11201,16,32,323,NYC_COVID_REAL
2023-02-08,Manhattan Hospital,MN,10001,21,32,215,NYC_COVID_REAL
2023-02-08,Queens Medical Center,QN,11101,20,39,282,NYC_COVID_REAL
2023-02-08,Staten Island Hospital,SI,10301,5,16,71,NYC_COVID_REAL
2023-02-09,Bronx Medical Center,BX,10451,20,41,159,NYC_COVID_REAL
2023-02-09,Brooklyn Health Center,BK,11201,20,38,326,NYC_COVID_REAL
2023-02-09,Manhattan Hospital,MN,10001,22,38,171,NYC_COVID_REAL
2023-02-09,Queens Medical Center,QN,11101,22,32,270,NYC_COVID_REAL
2023-02-09,Staten Island Hospital,SI,10301,9,26,62,NYC_COVID_REAL
2023-02-10,Bronx Medical Center,BX,10451,14,33,160,NYC_COVID_REAL
2023-02-10,Brooklyn Health Center,BK,11201,25,35,253,NYC_COVID_REAL
2023-02-10,Manhattan Hospital,MN,10001,19,47,179,NYC_COVID_REAL
2023-02-10,Queens Medical Center,QN,11101,24,49,241,NYC_COVID_REAL
2023-02-10,Staten Island Hospital,SI,10301,6,24,63,NYC_COVID_REAL
2023-02-11,Bronx Medical Center,BX,10451,18,42,95,NYC_COVID_REAL
2023-02-11,Brooklyn Health Center,BK,11201,22,47,149,NYC_COVID_REAL
2023-02-11,Manhattan Hospital,MN,10001,15,29,118,NYC_COVID_REAL
2023-02-11,Queens Medical Center,QN,11101,12,39,143,NYC_COVID_REAL
2023-02-11,Staten Island Hospital,SI,10301,5,28,39,NYC_COVID_REAL
2023-02-12,Bronx Medical Center,BX,10451,14,43,67,NYC_COVID_REAL
2023-02-12,Brooklyn Health Center,BK,11201,23,46,145,NYC_COVID_REAL
2023-02-12,Manhattan Hospital,MN,10001,6,25,94,NYC_COVID_REAL
2023-02-12,Queens Medical Center,QN,11101,15,26,146,NYC_COVID_REAL
2023-02-12,Staten Island Hospital,SI,10301,6,34,57,NYC_COVID_REAL
2023-02-13,Bronx Medical Center,BX,10451,17,45,168,NYC_COVID_REAL
2023-02-13,Brooklyn Health Center,BK,11201,29,49,359,NYC_COVID_REAL
2023-02-13,Manhattan Hospital,MN,10001,19,34,239,NYC_COVID_REAL
2023-02-13,Queens Medical Center,QN,11101,29,44,315,NYC_COVID_REAL
2023-02-13,Staten Island Hospital,SI,10301,8,35,98,NYC_COVID_REAL
2023-02-14,Bronx Medical Center,BX,10451,7,18,155,NYC_COVID_REAL
2023-02-14,Brooklyn Health Center,BK,11201,20,38,274,NYC_COVID_REAL
2023-02-14,Manhattan Hospital,MN,10001,10,37,207,NYC_COVID_REAL
2023-02-14,Queens Medical Center,QN,11101,11,38,216,NYC_COVID_REAL
2023-02-14,Staten Island Hospital,SI,10301,8,26,69,NYC_COVID_REAL
2023-02-15,Bronx Medical Center,BX,10451,12,22,138,NYC_COVID_REAL
2023-02-15,Brooklyn Health Center,BK,11201,23,47,261,NYC_COVID_REAL
2023-02-15,Manhattan Hospital,MN,10001,18,37,193,NYC_COVID_REAL
2023-02-15,Queens Medical Center,QN,11101,21,31,232,NYC_COVID_REAL
2023-02-15,Staten Island Hospital,SI,10301,7,22,56,NYC_COVID_REAL
2023-02-16,Bronx Medical Center,BX,10451,21,37,148,NYC_COVID_REAL
2023-02-16,Brooklyn Health Center,BK,11201,27,52,266,NYC_COVID_REAL
2023-02-16,Manhattan Hospital,MN,10001,10,25,188,NYC_COVID_REAL
2023-02-16,Queens Medical Center,QN,11101,17,38,200,NYC_COVID_REAL
2023-02-16,Staten Island Hospital,SI,10301,10,20,61,NYC_COVID_REAL
2023-02-17,Bronx Medical Center,BX,10451,15,32,110,NYC_COVID_REAL
2023-02-17,Brooklyn Health Center,BK,11201,16,26,198,NYC_COVID_REAL
2023-02-17,Manhattan Hospital,MN,10001,10,32,111,NYC_COVID_REAL
2023-02-17,Queens Medical Center,QN,11101,21,41,147,NYC_COVID_REAL
2023-02-17,Staten Island Hospital,SI,10301,6,23,48,NYC_COVID_REAL
2023-02-18,Bronx Medical Center,BX,10451,9,34,58,NYC_COVID_REAL
2023-02-18,Brooklyn Health Center,BK,11201,18,33,122,NYC_COVID_REAL
2023-02-18,Manhattan Hospital,MN,10001,13,24,102,NYC_COVID_REAL
2023-02-18,Queens Medical Center,QN,11101,15,27,117,NYC_COVID_REAL
2023-02-18,Staten Island Hospital,SI,10301,5,31,27,NYC_COVID_REAL
2023-02-19,Bronx Medical Center,BX,10451,14,41,47,NYC_COVID_REAL
2023-02-19,Brooklyn Health Center,BK,11201,18,32,109,NYC_COVID_REAL
2023-02-19,Manhattan Hospital,MN,10001,10,25,73,NYC_COVID_REAL
2023-02-19,Queens Medical Center,QN,11101,11,32,125,NYC_COVID_REAL
2023-02-19,Staten Island Hospital,SI,10301,5,25,29,NYC_COVID_REAL
2023-02-20,Bronx Medical Center,BX,10451,13,39,93,NYC_COVID_REAL
2023-02-20,Brooklyn Health Center,BK,11201,28,54,188,NYC_COVID_REAL
2023-02-20,Manhattan Hospital,MN,10001,12,39,133,NYC_COVID_REAL
2023-02-20,Queens Medical Center,QN,11101,19,33,144,NYC_COVID_REAL
2023-02-20,Staten Island Hospital,SI,10301,4,16,42,NYC_COVID_REAL
2023-02-21,Bronx Medical Center,BX,10451,17,40,106,NYC_COVID_REAL
2023-02-21,Brooklyn Health Center,BK,11201,17,37,252,NYC_COVID_REAL
2023-02-21,Manhattan Hospital,MN,10001,11,27,187,NYC_COVID_REAL
2023-02-21,Queens Medical Center,QN,11101,10,32,186,NYC_COVID_REAL
2023-02-21,Staten Island Hospital,SI,10301,1,18,53,NYC_COVID_REAL
2023-02-22,Bronx Medical Center,BX,10451,16,27,116,NYC_COVID_REAL
2023-02-22,Brooklyn Health Center,BK,11201,17,41,197,NYC_COVID_REAL
2023-02-22,Manhattan Hospital,MN,10001,5,33,119,NYC_COVID_REAL
2023-02-22,Queens Medical Center,QN,11101,12,29,175,NYC_COVID_REAL
2023-02-22,Staten Island Hospital,SI,10301,7,24,43,NYC_COVID_REAL
2023-02-23,Bronx Medical Center,BX,10451,8,33,97,NYC_COVID_REAL
2023-02-23,Brooklyn Health Center,BK,11201,10,32,239,NYC_COVID_REAL
2023-02-23,Manhattan Hospital,MN,10001,14,34,138,NYC_COVID_REAL
2023-02-23,Queens Medical Center,QN,11101,6,33,162,NYC_COVID_REAL
2023-02-23,Staten Island Hospital,SI,10301,10,26,42,NYC_COVID_REAL
2023-02-24,Bronx Medical Center,BX,10451,9,34,99,NYC_COVID_REAL
2023-02-24,Brooklyn Health Center,BK,11201,16,42,136,NYC_COVID_REAL
2023-02-24,Manhattan Hospital,MN,10001,10,29,119,NYC_COVID_REAL
2023-02-24,Queens Medical Center,QN,11101,18,39,147,NYC_COVID_REAL
2023-02-24,Staten Island Hospital,SI,10301,5,21,35,NYC_COVID_REAL
2023-02-25,Bronx Medical Center,BX,10451,6,34,38,NYC_COVID_REAL
2023-02-25,Brooklyn Health Center,BK,11201,13,39,100,NYC_COVID_REAL
2023-02-25,Manhattan Hospital,MN,10001,8,25,64,NYC_COVID_REAL
2023-02-25,Queens Medical Center,QN,11101,14,39,101,NYC_COVID_REAL
2023-02-25,Staten Island Hospital,SI,10301,4,19,28,NYC_COVID_REAL
2023-02-26,Bronx Medical Center,BX,10451,6,26,51,NYC_COVID_REAL
2023-02-26,Brooklyn Health Center,BK,11201,11,38,93,NYC_COVID_REAL
2023-02-26,Manhattan Hospital,MN,10001,4,31,77,NYC_COVID_REAL
2023-02-26,Queens Medical Center,QN,11101,12,32,95,NYC_COVID_REAL
2023-02-26,Staten Island Hospital,SI,10301,3,21,35,NYC_COVID_REAL
2023-02-27,Bronx Medical Center,BX,10451,5,17,99,NYC_COVID_REAL
2023-02-27,Brooklyn Health Center,BK,11201,17,31,248,NYC_COVID_REAL
2023-02-27,Manhattan Hospital,MN,10001,2,21,197,NYC_COVID_REAL
2023-02-27,Queens Medical Center,QN,11101,16,40,197,NYC_COVID_REAL
2023-02-27,Staten Island Hospital,SI,10301,2,12,49,NYC_COVID_REAL
2023-02-28,Bronx Medical Center,BX,10451,5,24,66,NYC_COVID_REAL
2023-02-28,Brooklyn Health Center,BK,11201,9,21,190,NYC_COVID_REAL
2023-02-28,Manhattan Hospital,MN,10001,8,28,101,NYC_COVID_REAL
2023-02-28,Queens Medical Center,QN,11101,8,26,137,NYC_COVID_REAL
2023-02-28,Staten Island Hospital,SI,10301,5,24,44,NYC_COVID_REAL
2023-03-01,Bronx Medical Center,BX,10451,7,24,81,NYC_COVID_REAL
2023-03-01,Brooklyn Health Center,BK,11201,13,29,157,NYC_COVID_REAL
2023-03-01,Manhattan Hospital,MN,10001,9,34,114,NYC_COVID_REAL
2023-03-01,Queens Medical Center,QN,11101,6,25,133,NYC_COVID_REAL
2023-03-01,Staten Island Hospital,SI,10301,3,19,41,NYC_COVID_REAL
2023-03-02,Bronx Medical Center,BX,10451,5,23,80,NYC_COVID_REAL
2023-03-02,Brooklyn Health Center,BK,11201,13,36,175,NYC_COVID_REAL
2023-03-02,Manhattan Hospital,MN,10001,7,17,111,NYC_COVID_REAL
2023-03-02,Queens Medical Center,QN,11101,8,35,114,NYC_COVID_REAL
2023-03-02,Staten Island Hospital,SI,10301,4,21,37,NYC_COVID_REAL
2023-03-03,Bronx Medical Center,BX,10451,8,24,75,NYC_COVID_REAL
2023-03-03,Brooklyn Health Center,BK,11201,17,42,118,NYC_COVID_REAL
2023-03-03,Manhattan Hospital,MN,10001,4,31,104,NYC_COVID_REAL
2023-03-03,Queens Medical Center,QN,11101,12,24,112,NYC_COVID_REAL
2023-03-03,Staten Island Hospital,SI,10301,4,29,29,NYC_COVID_REAL
2023-03-04,Bronx Medical Center,BX,10451,6,19,33,NYC_COVID_REAL
2023-03-04,Brooklyn Health Center,BK,11201,12,41,77,NYC_COVID_REAL
2023-03-04,Manhattan Hospital,MN,10001,6,22,62,NYC_COVID_REAL
2023-03-04,Queens Medical Center,QN,11101,5,23,77,NYC_COVID_REAL
2023-03-04,Staten Island Hospital,SI,10301,4,20,20,NYC_COVID_REAL
2023-03-05,Bronx Medical Center,BX,10451,9,37,29,NYC_COVID_REAL
2023-03-05,Brooklyn Health Center,BK,11201,5,33,73,NYC_COVID_REAL
2023-03-05,Manhattan Hospital,MN,10001,3,13,38,NYC_COVID_REAL
2023-03-05,Queens Medical Center,QN,11101,4,29,58,NYC_COVID_REAL
2023-03-05,Staten Island Hospital,SI,10301,2,24,22,NYC_COVID_REAL
2023-03-06,Bronx Medical Center,BX,10451,7,27,90,NYC_COVID_REAL
2023-03-06,Brooklyn Health Center,BK,11201,14,32,207,NYC_COVID_REAL
2023-03-06,Manhattan Hospital,MN,10001,9,36,119,NYC_COVID_REAL
2023-03-06,Queens Medical Center,QN,11101,12,28,147,NYC_COVID_REAL
2023-03-06,Staten Island Hospital,SI,10301,6,31,37,NYC_COVID_REAL
2023-03-07,Bronx Medical Center,BX,10451,5,16,70,NYC_COVID_REAL
2023-03-07,Brooklyn Health Center,BK,11201,7,32,164,NYC_COVID_REAL
2023-03-07,Manhattan Hospital,MN,10001,13,42,92,NYC_COVID_REAL
2023-03-07,Queens Medical Center,QN,11101,7,22,115,NYC_COVID_REAL
2023-03-07,Staten Island Hospital,SI,10301,9,30,29,NYC_COVID_REAL
2023-03-08,Bronx Medical Center,BX,10451,8,21,69,NYC_COVID_REAL
2023-03-08,Brooklyn Health Center,BK,11201,11,34,157,NYC_COVID_REAL
2023-03-08,Manhattan Hospital,MN,10001,10,26,104,NYC_COVID_REAL
2023-03-08,Queens Medical Center,QN,11101,10,20,121,NYC_COVID_REAL
2023-03-08,Staten Island Hospital,SI,10301,2,23,28,NYC_COVID_REAL
2023-03-09,Bronx Medical Center,BX,10451,4,29,74,NYC_COVID_REAL
2023-03-09,Brooklyn Health Center,BK,11201,5,20,148,NYC_COVID_REAL
2023-03-09,Manhattan Hospital,MN,10001,11,33,81,NYC_COVID_REAL
2023-03-09,Queens Medical Center,QN,11101,10,37,90,NYC_COVID_REAL
2023-03-09,Staten Island Hospital,SI,10301,4,21,28,NYC_COVID_REAL
2023-03-10,Bronx Medical Center,BX,10451,7,17,46,NYC_COVID_REAL
2023-03-10,Brooklyn Health Center,BK,11201,8,24,123,NYC_COVID_REAL
2023-03-10,Manhattan Hospital,MN,10001,6,26,70,NYC_COVID_REAL
2023-03-10,Queens Medical Center,QN,11101,8,29,96,NYC_COVID_REAL
2023-03-10,Staten Island Hospital,SI,10301,5,15,32,NYC_COVID_REAL
2023-03-11,Bronx Medical Center,BX,10451,4,20,32,NYC_COVID_REAL
2023-03-11,Brooklyn Health Center,BK,11201,9,38,70,NYC_COVID_REAL
2023-03-11,Manhattan Hospital,MN,10001,7,26,40,NYC_COVID_REAL
2023-03-11,Queens Medical Center,QN,11101,6,18,74,NYC_COVID_REAL
2023-03-11,Staten Island Hospital,SI,10301,4,20,29,NYC_COVID_REAL
2023-03-12,Bronx Medical Center,BX,10451,4,31,29,NYC_COVID_REAL
2023-03-12,Brooklyn Health Center,BK,11201,12,33,74,NYC_COVID_REAL
2023-03-12,Manhattan Hospital,MN,10001,2,14,45,NYC_COVID_REAL
2023-03-12,Queens Medical Center,QN,11101,2,24,54,NYC_COVID_REAL
2023-03-12,Staten Island Hospital,SI,10301,1,18,13,NYC_COVID_REAL
2023-03-13,Bronx Medical Center,BX,10451,6,23,74,NYC_COVID_REAL
2023-03-13,Brooklyn Health Center,BK,11201,14,38,168,NYC_COVID_REAL
2023-03-13,Manhattan Hospital,MN,10001,11,31,96,NYC_COVID_REAL
2023-03-13,Queens Medical Center,QN,11101,3,29,131,NYC_COVID_REAL
2023-03-13,Staten Island Hospital,SI,10301,1,26,39,NYC_COVID_REAL
2023-03-14,Bronx Medical Center,BX,10451,7,32,57,NYC_COVID_REAL
2023-03-14,Brooklyn Health Center,BK,11201,8,30,157,NYC_COVID_REAL
2023-03-14,Manhattan Hospital,MN,10001,1,21,72,NYC_COVID_REAL
2023-03-14,Queens Medical Center,QN,11101,5,19,81,NYC_COVID_REAL
2023-03-14,Staten Island Hospital,SI,10301,2,25,25,NYC_COVID_REAL
2023-03-15,Bronx Medical Center,BX,10451,7,31,49,NYC_COVID_REAL
2023-03-15,Brooklyn Health Center,BK,11201,9,24,308,NYC_COVID_REAL
2023-03-15,Manhattan Hospital,MN,10001,2,29,82,NYC_COVID_REAL
2023-03-15,Queens Medical Center,QN,11101,1,21,88,NYC_COVID_REAL
2023-03-15,Staten Island Hospital,SI,10301,2,13,29,NYC_COVID_REAL
2023-03-16,Bronx Medical Center,BX,10451,9,19,55,NYC_COVID_REAL
2023-03-16,Brooklyn Health Center,BK,11201,7,31,157,NYC_COVID_REAL
2023-03-16,Manhattan Hospital,MN,10001,8,18,87,NYC_COVID_REAL
2023-03-16,Queens Medical Center,QN,11101,2,29,83,NYC_COVID_REAL
2023-03-16,Staten Island Hospital,SI,10301,4,20,31,NYC_COVID_REAL
2023-03-17,Bronx Medical Center,BX,10451,2,16,34,NYC_COVID_REAL
2023-03-17,Brooklyn Health Center,BK,11201,11,29,104,NYC_COVID_REAL
2023-03-17,Manhattan Hospital,MN,10001,8,19,71,NYC_COVID_REAL
2023-03-17,Queens Medical Center,QN,11101,5,23,98,NYC_COVID_REAL
2023-03-17,Staten Island Hospital,SI,10301,4,19,19,NYC_COVID_REAL
2023-03-18,Bronx Medical Center,BX,10451,2,16,31,NYC_COVID_REAL
2023-03-18,Brooklyn Health Center,BK,11201,7,18,63,NYC_COVID_REAL
2023-03-18,Manhattan Hospital,MN,10001,10,29,40,NYC_COVID_REAL
2023-03-18,Queens Medical Center,QN,11101,7,24,61,NYC_COVID_REAL
2023-03-18,Staten Island Hospital,SI,10301,1,12,12,NYC_COVID_REAL
2023-03-19,Bronx Medical Center,BX,10451,3,19,15,NYC_COVID_REAL
2023-03-19,Brooklyn Health Center,BK,11201,6,30,49,NYC_COVID_REAL
2023-03-19,Manhattan Hospital,MN,10001,8,37,39,NYC_COVID_REAL
2023-03-19,Queens Medical Center,QN,11101,8,25,56,NYC_COVID_REAL
2023-03-19,Staten Island Hospital,SI,10301,2,28,18,NYC_COVID_REAL
2023-03-20,Bronx Medical Center,BX,10451,2,29,76,NYC_COVID_REAL
2023-03-20,Brooklyn Health Center,BK,11201,8,30,156,NYC_COVID_REAL
2023-03-20,Manhattan Hospital,MN,10001,5,26,102,NYC_COVID_REAL
2023-03-20,Queens Medical Center,QN,11101,7,35,119,NYC_COVID_REAL
2023-03-20,Staten Island Hospital,SI,10301,1,15,29,NYC_COVID_REAL
2023-03-21,Bronx Medical Center,BX,10451,8,36,53,NYC_COVID_REAL
2023-03-21,Brooklyn Health Center,BK,11201,7,19,159,NYC_COVID_REAL
2023-03-21,Manhattan Hospital,MN,10001,8,18,84,NYC_COVID_REAL
2023-03-21,Queens Medical Center,QN,11101,6,16,106,NYC_COVID_REAL
2023-03-21,Staten Island Hospital,SI,10301,3,26,22,NYC_COVID_REAL
2023-03-22,Bronx Medical Center,BX,10451,2,28,48,NYC_COVID_REAL
2023-03-22,Brooklyn Health Center,BK,11201,5,18,158,NYC_COVID_REAL
2023-03-22,Manhattan Hospital,MN,10001,8,35,79,NYC_COVID_REAL
2023-03-22,Queens Medical Center,QN,11101,3,32,91,NYC_COVID_REAL
2023-03-22,Staten Island Hospital,SI,10301,2,20,25,NYC_COVID_REAL
2023-03-23,Bronx Medical Center,BX,10451,5,18,47,NYC_COVID_REAL
2023-03-23,Brooklyn Health Center,BK,11201,13,37,166,NYC_COVID_REAL
2023-03-23,Manhattan Hospital,MN,10001,8,28,75,NYC_COVID_REAL
2023-03-23,Queens Medical Center,QN,11101,4,14,85,NYC_COVID_REAL
2023-03-23,Staten Island Hospital,SI,10301,2,25,20,NYC_COVID_REAL
2023-03-24,Bronx Medical Center,BX,10451,6,21,45,NYC_COVID_REAL
2023-03-24,Brooklyn Health Center,BK,11201,5,30,132,NYC_COVID_REAL
2023-03-24,Manhattan Hospital,MN,10001,3,15,86,NYC_COVID_REAL
2023-03-24,Queens Medical Center,QN,11101,12,33,93,NYC_COVID_REAL
2023-03-24,Staten Island Hospital,SI,10301,1,25,29,NYC_COVID_REAL
2023-03-25,Bronx Medical Center,BX,10451,3,25,17,NYC_COVID_REAL
2023-03-25,Brooklyn Health Center,BK,11201,11,29,48,NYC_COVID_REAL
2023-03-25,Manhattan Hospital,MN,10001,5,27,41,NYC_COVID_REAL
2023-03-25,Queens Medical Center,QN,11101,5,28,73,NYC_COVID_REAL
2023-03-25,Staten Island Hospital,SI,10301,2,23,17,NYC_COVID_REAL
2023-03-26,Bronx Medical Center,BX,10451,2,15,24,NYC_COVID_REAL
2023-03-26,Brooklyn Health Center,BK,11201,6,34,59,NYC_COVID_REAL
2023-03-26,Manhattan Hospital,MN,10001,6,35,43,NYC_COVID_REAL
2023-03-26,Queens Medical Center,QN,11101,5,17,72,NYC_COVID_REAL
2023-03-26,Staten Island Hospital,SI,10301,1,26,16,NYC_COVID_REAL
2023-03-27,Bronx Medical Center,BX,10451,3,19,74,NYC_COVID_REAL
2023-03-27,Brooklyn Health Center,BK,11201,5,20,154,NYC_COVID_REAL
2023-03-27,Manhattan Hospital,MN,10001,7,17,85,NYC_COVID_REAL
2023-03-27,Queens Medical Center,QN,11101,10,31,107,NYC_COVID_REAL
2023-03-27,Staten Island Hospital,SI,10301,2,16,25,NYC_COVID_REAL
2023-03-28,Bronx Medical Center,BX,10451,7,26,74,NYC_COVID_REAL
2023-03-28,Brooklyn Health Center,BK,11201,11,31,142,NYC_COVID_REAL
2023-03-28,Manhattan Hospital,MN,10001,6,16,83,NYC_COVID_REAL
2023-03-28,Queens Medical Center,QN,11101,6,18,92,NYC_COVID_REAL
2023-03-28,Staten Island Hospital,SI,10301,3,26,23,NYC_COVID_REAL
2023-03-29,Bronx Medical Center,BX,10451,9,19,53,NYC_COVID_REAL
2023-03-29,Brooklyn Health Center,BK,11201,11,30,108,NYC_COVID_REAL
2023-03-29,Manhattan Hospital,MN,10001,7,26,84,NYC_COVID_REAL
2023-03-29,Queens Medical Center,QN,11101,8,21,88,NYC_COVID_REAL
2023-03-29,Staten Island Hospital,SI,10301,1,28,19,NYC_COVID_REAL
2023-03-30,Bronx Medical Center,BX,10451,7,36,46,NYC_COVID_REAL
2023-03-30,Brooklyn Health Center,BK,11201,9,34,182,NYC_COVID_REAL
2023-03-30,Manhattan Hospital,MN,10001,11,31,65,NYC_COVID_REAL
2023-03-30,Queens Medical Center,QN,11101,5,30,95,NYC_COVID_REAL
2023-03-30,Staten Island Hospital,SI,10301,1,22,21,NYC_COVID_REAL
2023-03-31,Bronx Medical Center,BX,10451,9,25,58,NYC_COVID_REAL
2023-03-31,Brooklyn Health Center,BK,11201,8,18,124,NYC_COVID_REAL
2023-03-31,Manhattan Hospital,MN,10001,3,17,55,NYC_COVID_REAL
2023-03-31,Queens Medical Center,QN,11101,8,32,88,NYC_COVID_REAL
2023-03-31,Staten Island Hospital,SI,10301,1,19,25,NYC_COVID_REAL
2023-04-01,Bronx Medical Center,BX,10451,4,16,27,NYC_COVID_REAL
2023-04-01,Brooklyn Health Center,BK,11201,7,27,51,NYC_COVID_REAL
2023-04-01,Manhattan Hospital,MN,10001,5,18,35,NYC_COVID_REAL
2023-04-01,Queens Medical Center,QN,11101,6,22,46,NYC_COVID_REAL
2023-04-01,Staten Island Hospital,SI,10301,1,29,12,NYC_COVID_REAL
2023-04-02,Bronx Medical Center,BX,10451,5,18,25,NYC_COVID_REAL
2023-04-02,Brooklyn Health Center,BK,11201,5,19,67,NYC_COVID_REAL
2023-04-02,Manhattan Hospital,MN,10001,1,12,35,NYC_COVID_REAL
2023-04-02,Queens Medical Center,QN,11101,6,29,58,NYC_COVID_REAL
2023-04-02,Staten Island Hospital,SI,10301,1,18,20,NYC_COVID_REAL
2023-04-03,Bronx Medical Center,BX,10451,6,20,38,NYC_COVID_REAL
2023-04-03,Brooklyn Health Center,BK,11201,11,23,126,NYC_COVID_REAL
2023-04-03,Manhattan Hospital,MN,10001,5,30,75,NYC_COVID_REAL
2023-04-03,Queens Medical Center,QN,11101,4,27,83,NYC_COVID_REAL
2023-04-03,Staten Island Hospital,SI,10301,3,29,23,NYC_COVID_REAL
2023-04-04,Bronx Medical Center,BX,10451,7,20,53,NYC_COVID_REAL
2023-04-04,Brooklyn Health Center,BK,11201,13,31,109,NYC_COVID_REAL
2023-04-04,Manhattan Hospital,MN,10001,7,21,79,NYC_COVID_REAL
2023-04-04,Queens Medical Center,QN,11101,8,33,67,NYC_COVID_REAL
2023-04-04,Staten Island Hospital,SI,10301,5,25,18,NYC_COVID_REAL
2023-04-05,Bronx Medical Center,BX,10451,4,28,41,NYC_COVID_REAL
2023-04-05,Brooklyn Health Center,BK,11201,9,21,70,NYC_COVID_REAL
2023-04-05,Manhattan Hospital,MN,10001,7,30,69,NYC_COVID_REAL
2023-04-05,Queens Medical Center,QN,11101,7,32,64,NYC_COVID_REAL
2023-04-05,Staten Island Hospital,SI,10301,3,19,13,NYC_COVID_REAL
2023-04-06,Bronx Medical Center,BX,10451,6,19,27,NYC_COVID_REAL
2023-04-06,Brooklyn Health Center,BK,11201,10,35,60,NYC_COVID_REAL
2023-04-06,Manhattan Hospital,MN,10001,4,29,44,NYC_COVID_REAL
2023-04-06,Queens Medical Center,QN,11101,7,30,82,NYC_COVID_REAL
2023-04-06,Staten Island Hospital,SI,10301,3,19,10,NYC_COVID_REAL
2023-04-07,Bronx Medical Center,BX,10451,8,24,29,NYC_COVID_REAL
2023-04-07,Brooklyn Health Center,BK,11201,6,16,44,NYC_COVID_REAL
2023-04-07,Manhattan Hospital,MN,10001,2,18,49,NYC_COVID_REAL
2023-04-07,Queens Medical Center,QN,11101,5,20,65,NYC_COVID_REAL
2023-04-07,Staten Island Hospital,SI,10301,1,16,17,NYC_COVID_REAL
2023-04-08,Bronx Medical Center,BX,10451,2,29,20,NYC_COVID_REAL
2023-04-08,Brooklyn Health Center,BK,11201,6,28,47,NYC_COVID_REAL
2023-04-08,Manhattan Hospital,MN,10001,1,14,30,NYC_COVID_REAL
2023-04-08,Queens Medical Center,QN,11101,4,24,39,NYC_COVID_REAL
2023-04-08,Staten Island Hospital,SI,10301,2,31,9,NYC_COVID_REAL
2023-04-09,Bronx Medical Center,BX,10451,1,29,8,NYC_COVID_REAL
2023-04-09,Brooklyn Health Center,BK,11201,5,18,36,NYC_COVID_REAL
2023-04-09,Manhattan Hospital,MN,10001,2,20,25,NYC_COVID_REAL
2023-04-09,Queens Medical Center,QN,11101,4,25,36,NYC_COVID_REAL
2023-04-09,Staten Island Hospital,SI,10301,1,14,8,NYC_COVID_REAL
2023-04-10,Bronx Medical Center,BX,10451,9,28,39,NYC_COVID_REAL
2023-04-10,Brooklyn Health Center,BK,11201,7,19,72,NYC_COVID_REAL
2023-04-10,Manhattan Hospital,MN,10001,4,19,79,NYC_COVID_REAL
2023-04-10,Queens Medical Center,QN,11101,12,30,98,NYC_COVID_REAL
2023-04-10,Staten Island Hospital,SI,10301,1,16,23,NYC_COVID_REAL
2023-04-11,Bronx Medical Center,BX,10451,4,20,33,NYC_COVID_REAL
2023-04-11,Brooklyn Health Center,BK,11201,9,30,92,NYC_COVID_REAL
2023-04-11,Manhattan Hospital,MN,10001,12,24,60,NYC_COVID_REAL
2023-04-11,Queens Medical Center,QN,11101,8,19,60,NYC_COVID_REAL
2023-04-11,Staten Island Hospital,SI,10301,3,30,25,NYC_COVID_REAL
2023-04-12,Bronx Medical Center,BX,10451,5,32,35,NYC_COVID_REAL
2023-04-12,Brooklyn Health Center,BK,11201,7,26,54,NYC_COVID_REAL
2023-04-12,Manhattan Hospital,MN,10001,5,23,49,NYC_COVID_REAL
2023-04-12,Queens Medical Center,QN,11101,10,39,50,NYC_COVID_REAL
2023-04-12,Staten Island Hospital,SI,10301,3,17,7,NYC_COVID_REAL
2023-04-13,Bronx Medical Center,BX,10451,8,21,31,NYC_COVID_REAL
2023-04-13,Brooklyn Health Center,BK,11201,4,30,52,NYC_COVID_REAL
2023-04-13,Manhattan Hospital,MN,10001,4,27,61,NYC_COVID_REAL
2023-04-13,Queens Medical Center,QN,11101,11,40,61,NYC_COVID_REAL
2023-04-13,Staten Island Hospital,SI,10301,3,18,14,NYC_COVID_REAL
2023-04-14,Bronx Medical Center,BX,10451,3,29,31,NYC_COVID_REAL
2023-04-14,Brooklyn Health Center,BK,11201,8,20,69,NYC_COVID_REAL
2023-04-14,Manhattan Hospital,MN,10001,4,19,47,NYC_COVID_REAL
2023-04-14,Queens Medical Center,QN,11101,6,24,60,NYC_COVID_REAL
2023-04-14,Staten Island Hospital,SI,10301,1,22,13,NYC_COVID_REAL
2023-04-15,Bronx Medical Center,BX,10451,3,22,23,NYC_COVID_REAL
2023-04-15,Brooklyn Health Center,BK,11201,6,35,27,NYC_COVID_REAL
2023-04-15,Manhattan Hospital,MN,10001,9,23,35,NYC_COVID_REAL
2023-04-15,Queens Medical Center,QN,11101,7,20,44,NYC_COVID_REAL
2023-04-15,Staten Island Hospital,SI,10301,1,23,7,NYC_COVID_REAL
2023-04-16,Bronx Medical Center,BX,10451,4,31,21,NYC_COVID_REAL
2023-04-16,Brooklyn Health Center,BK,11201,6,26,37,NYC_COVID_REAL
2023-04-16,Manhattan Hospital,MN,10001,5,27,31,NYC_COVID_REAL
2023-04-16,Queens Medical Center,QN,11101,6,25,49,NYC_COVID_REAL
2023-04-16,Staten Island Hospital,SI,10301,1,20,13,NYC_COVID_REAL
2023-04-17,Bronx Medical Center,BX,10451,5,29,38,NYC_COVID_REAL
2023-04-17,Brooklyn Health Center,BK,11201,13,28,164,NYC_COVID_REAL
2023-04-17,Manhattan Hospital,MN,10001,6,29,63,NYC_COVID_REAL
2023-04-17,Queens Medical Center,QN,11101,5,17,69,NYC_COVID_REAL
2023-04-17,Staten Island Hospital,SI,10301,4,25,21,NYC_COVID_REAL
2023-04-18,Bronx Medical Center,BX,10451,5,15,31,NYC_COVID_REAL
2023-04-18,Brooklyn Health Center,BK,11201,2,27,101,NYC_COVID_REAL
2023-04-18,Manhattan Hospital,MN,10001,6,29,53,NYC_COVID_REAL
2023-04-18,Queens Medical Center,QN,11101,6,24,70,NYC_COVID_REAL
2023-04-18,Staten Island Hospital,SI,10301,2,30,15,NYC_COVID_REAL
2023-04-19,Bronx Medical Center,BX,10451,5,23,26,NYC_COVID_REAL
2023-04-19,Brooklyn Health Center,BK,11201,3,18,70,NYC_COVID_REAL
2023-04-19,Manhattan Hospital,MN,10001,5,28,52,NYC_COVID_REAL
2023-04-19,Queens Medical Center,QN,11101,7,22,85,NYC_COVID_REAL
2023-04-19,Staten Island Hospital,SI,10301,1,17,12,NYC_COVID_REAL
2023-04-20,Bronx Medical Center,BX,10451,3,17,38,NYC_COVID_REAL
2023-04-20,Brooklyn Health Center,BK,11201,7,31,75,NYC_COVID_REAL
2023-04-20,Manhattan Hospital,MN,10001,3,30,49,NYC_COVID_REAL
2023-04-20,Queens Medical Center,QN,11101,7,22,55,NYC_COVID_REAL
2023-04-20,Staten Island Hospital,SI,10301,1,26,14,NYC_COVID_REAL
2023-04-21,Bronx Medical Center,BX,10451,6,33,24,NYC_COVID_REAL
2023-04-21,Brooklyn Health Center,BK,11201,6,33,56,NYC_COVID_REAL
2023-04-21,Manhattan Hospital,MN,10001,3,19,44,NYC_COVID_REAL
2023-04-21,Queens Medical Center,QN,11101,8,22,46,NYC_COVID_REAL
2023-04-21,Staten Island Hospital,SI,10301,1,28,3,NYC_COVID_REAL
2023-04-22,Bronx Medical Center,BX,10451,3,26,14,NYC_COVID_REAL
2023-04-22,Brooklyn Health Center,BK,11201,2,28,24,NYC_COVID_REAL
2023-04-22,Manhattan Hospital,MN,10001,6,35,29,NYC_COVID_REAL
2023-04-22,Queens Medical Center,QN,11101,3,17,50,NYC_COVID_REAL
2023-04-22,Staten Island Hospital,SI,10301,3,27,5,NYC_COVID_REAL
2023-04-23,Bronx Medical Center,BX,10451,2,24,19,NYC_COVID_REAL
2023-04-23,Brooklyn Health Center,BK,11201,6,23,40,NYC_COVID_REAL
2023-04-23,Manhattan Hospital,MN,10001,3,27,20,NYC_COVID_REAL
2023-04-23,Queens Medical Center,QN,11101,5,21,35,NYC_COVID_REAL
2023-04-23,Staten Island Hospital,SI,10301,2,25,12,NYC_COVID_REAL
2023-04-24,Bronx Medical Center,BX,10451,7,34,39,NYC_COVID_REAL
2023-04-24,Brooklyn Health Center,BK,11201,8,32,144,NYC_COVID_REAL
2023-04-24,Manhattan Hospital,MN,10001,10,24,66,NYC_COVID_REAL
2023-04-24,Queens Medical Center,QN,11101,4,15,64,NYC_COVID_REAL
2023-04-24,Staten Island Hospital,SI,10301,2,15,21,NYC_COVID_REAL
2023-04-25,Bronx Medical Center,BX,10451,10,30,51,NYC_COVID_REAL
2023-04-25,Brooklyn Health Center,BK,11201,5,24,78,NYC_COVID_REAL
2023-04-25,Manhattan Hospital,MN,10001,3,13,55,NYC_COVID_REAL
2023-04-25,Queens Medical Center,QN,11101,3,18,52,NYC_COVID_REAL
2023-04-25,Staten Island Hospital,SI,10301,1,13,17,NYC_COVID_REAL
2023-04-26,Bronx Medical Center,BX,10451,4,32,31,NYC_COVID_REAL
2023-04-26,Brooklyn Health Center,BK,11201,9,36,59,NYC_COVID_REAL
2023-04-26,Manhattan Hospital,MN,10001,3,32,44,NYC_COVID_REAL
2023-04-26,Queens Medical Center,QN,11101,6,30,44,NYC_COVID_REAL
2023-04-26,Staten Island Hospital,SI,10301,3,16,17,NYC_COVID_REAL
2023-04-27,Bronx Medical Center,BX,10451,3,19,33,NYC_COVID_REAL
2023-04-27,Brooklyn Health Center,BK,11201,6,20,61,NYC_COVID_REAL
2023-04-27,Manhattan Hospital,MN,10001,10,36,64,NYC_COVID_REAL
2023-04-27,Queens Medical Center,QN,11101,5,16,60,NYC_COVID_REAL
2023-04-27,Staten Island Hospital,SI,10301,1,25,11,NYC_COVID_REAL
2023-04-28,Bronx Medical Center,BX,10451,5,29,33,NYC_COVID_REAL
2023-04-28,Brooklyn Health Center,BK,11201,7,31,124,NYC_COVID_REAL
2023-04-28,Manhattan Hospital,MN,10001,4,22,55,NYC_COVID_REAL
2023-04-28,Queens Medical Center,QN,11101,3,19,52,NYC_COVID_REAL
2023-04-28,Staten Island Hospital,SI,10301,1,12,10,NYC_COVID_REAL
2023-04-29,Bronx Medical Center,BX,10451,2,18,16,NYC_COVID_REAL
2023-04-29,Brooklyn Health Center,BK,11201,6,27,36,NYC_COVID_REAL
2023-04-29,Manhattan Hospital,MN,10001,2,19,24,NYC_COVID_REAL
2023-04-29,Queens Medical Center,QN,11101,4,24,41,NYC_COVID_REAL
2023-04-29,Staten Island Hospital,SI,10301,1,26,9,NYC_COVID_REAL
2023-04-30,Bronx Medical Center,BX,10451,3,31,9,NYC_COVID_REAL
2023-04-30,Brooklyn Health Center,BK,11201,2,14,34,NYC_COVID_REAL
2023-04-30,Manhattan Hospital,MN,10001,5,33,18,NYC_COVID_REAL
2023-04-30,Queens Medical Center,QN,11101,2,26,28,NYC_COVID_REAL
2023-04-30,Staten Island Hospital,SI,10301,1,23,9,NYC_COVID_REAL
2023-05-01,Bronx Medical Center,BX,10451,9,19,38,NYC_COVID_REAL
2023-05-01,Brooklyn Health Center,BK,11201,5,19,67,NYC_COVID_REAL
2023-05-01,Manhattan Hospital,MN,10001,9,34,53,NYC_COVID_REAL
2023-05-01,Queens Medical Center,QN,11101,3,19,82,NYC_COVID_REAL
2023-05-01,Staten Island Hospital,SI,10301,1,12,16,NYC_COVID_REAL
2023-05-02,Bronx Medical Center,BX,10451,5,20,40,NYC_COVID_REAL
2023-05-02,Brooklyn Health Center,BK,11201,6,19,67,NYC_COVID_REAL
2023-05-02,Manhattan Hospital,MN,10001,1,27,50,NYC_COVID_REAL
2023-05-02,Queens Medical Center,QN,11101,3,17,60,NYC_COVID_REAL
2023-05-02,Staten Island Hospital,SI,10301,1,11,20,NYC_COVID_REAL
2023-05-03,Bronx Medical Center,BX,10451,4,14,23,NYC_COVID_REAL
2023-05-03,Brooklyn Health Center,BK,11201,6,31,69,NYC_COVID_REAL
2023-05-03,Manhattan Hospital,MN,10001,3,22,53,NYC_COVID_REAL
2023-05-03,Queens Medical Center,QN,11101,12,35,64,NYC_COVID_REAL
2023-05-03,Staten Island Hospital,SI,10301,1,25,11,NYC_COVID_REAL
2023-05-04,Bronx Medical Center,BX,10451,6,32,24,NYC_COVID_REAL
2023-05-04,Brooklyn Health Center,BK,11201,3,23,73,NYC_COVID_REAL
2023-05-04,Manhattan Hospital,MN,10001,5,18,44,NYC_COVID_REAL
2023-05-04,Queens Medical Center,QN,11101,1,17,56,NYC_COVID_REAL
2023-05-04,Staten Island Hospital,SI,10301,3,22,22,NYC_COVID_REAL
2023-05-05,Bronx Medical Center,BX,10451,5,16,24,NYC_COVID_REAL
2023-05-05,Brooklyn Health Center,BK,11201,5,28,57,NYC_COVID_REAL
2023-05-05,Manhattan Hospital,MN,10001,3,32,44,NYC_COVID_REAL
2023-05-05,Queens Medical Center,QN,11101,3,25,47,NYC_COVID_REAL
2023-05-05,Staten Island Hospital,SI,10301,1,13,12,NYC_COVID_REAL
2023-05-06,Bronx Medical Center,BX,10451,4,21,12,NYC_COVID_REAL
2023-05-06,Brooklyn Health Center,BK,11201,5,25,27,NYC_COVID_REAL
2023-05-06,Manhattan Hospital,MN,10001,3,19,25,NYC_COVID_REAL
2023-05-06,Queens Medical Center,QN,11101,3,15,31,NYC_COVID_REAL
2023-05-06,Staten Island Hospital,SI,10301,1,23,2,NYC_COVID_REAL
2023-05-07,Bronx Medical Center,BX,10451,9,31,18,NYC_COVID_REAL
2023-05-07,Brooklyn Health Center,BK,11201,6,26,42,NYC_COVID_REAL
2023-05-07,Manhattan Hospital,MN,10001,6,18,35,NYC_COVID_REAL
2023-05-07,Queens Medical Center,QN,11101,4,14,45,NYC_COVID_REAL
2023-05-07,Staten Island Hospital,SI,10301,1,28,8,NYC_COVID_REAL
2023-05-08,Bronx Medical Center,BX,10451,11,31,41,NYC_COVID_REAL
2023-05-08,Brooklyn Health Center,BK,11201,5,19,64,NYC_COVID_REAL
2023-05-08,Manhattan Hospital,MN,10001,7,17,52,NYC_COVID_REAL
2023-05-08,Queens Medical Center,QN,11101,1,25,71,NYC_COVID_REAL
2023-05-08,Staten Island Hospital,SI,10301,1,17,18,NYC_COVID_REAL
2023-05-09,Bronx Medical Center,BX,10451,10,25,38,NYC_COVID_REAL
2023-05-09,Brooklyn Health Center,BK,11201,8,28,59,NYC_COVID_REAL
2023-05-09,Manhattan Hospital,MN,10001,1,13,46,NYC_COVID_REAL
2023-05-09,Queens Medical Center,QN,11101,4,31,65,NYC_COVID_REAL
2023-05-09,Staten Island Hospital,SI,10301,3,27,12,NYC_COVID_REAL
2023-05-10,Bronx Medical Center,BX,10451,7,19,35,NYC_COVID_REAL
2023-05-10,Brooklyn Health Center,BK,11201,4,14,76,NYC_COVID_REAL
2023-05-10,Manhattan Hospital,MN,10001,2,16,49,NYC_COVID_REAL
2023-05-10,Queens Medical Center,QN,11101,4,16,75,NYC_COVID_REAL
2023-05-10,Staten Island Hospital,SI,10301,2,15,8,NYC_COVID_REAL
2023-05-11,Bronx Medical Center,BX,10451,16,41,37,NYC_COVID_REAL
2023-05-11,Brooklyn Health Center,BK,11201,6,25,68,NYC_COVID_REAL
2023-05-11,Manhattan Hospital,MN,10001,9,19,54,NYC_COVID_REAL
2023-05-11,Queens Medical Center,QN,11101,4,20,55,NYC_COVID_REAL
2023-05-11,Staten Island Hospital,SI,10301,1,17,21,NYC_COVID_REAL
2023-05-12,Bronx Medical Center,BX,10451,7,29,20,NYC_COVID_REAL
2023-05-12,Brooklyn Health Center,BK,11201,9,23,46,NYC_COVID_REAL
2023-05-12,Manhattan Hospital,MN,10001,4,31,42,NYC_COVID_REAL
2023-05-12,Queens Medical Center,QN,11101,2,19,55,NYC_COVID_REAL
2023-05-12,Staten Island Hospital,SI,10301,1,11,7,NYC_COVID_REAL
2023-05-13,Bronx Medical Center,BX,10451,5,17,18,NYC_COVID_REAL
2023-05-13,Brooklyn Health Center,BK,11201,8,26,34,NYC_COVID_REAL
2023-05-13,Manhattan Hospital,MN,10001,3,20,27,NYC_COVID_REAL
2023-05-13,Queens Medical Center,QN,11101,3,25,30,NYC_COVID_REAL
2023-05-13,Staten Island Hospital,SI,10301,1,21,8,NYC_COVID_REAL
2023-05-14,Bronx Medical Center,BX,10451,3,31,22,NYC_COVID_REAL
2023-05-14,Brooklyn Health Center,BK,11201,8,22,45,NYC_COVID_REAL
2023-05-14,Manhattan Hospital,MN,10001,3,23,22,NYC_COVID_REAL
2023-05-14,Queens Medical Center,QN,11101,2,29,33,NYC_COVID_REAL
2023-05-14,Staten Island Hospital,SI,10301,1,29,11,NYC_COVID_REAL
2023-05-15,Bronx Medical Center,BX,10451,7,29,38,NYC_COVID_REAL
2023-05-15,Brooklyn Health Center,BK,11201,2,26,68,NYC_COVID_REAL
2023-05-15,Manhattan Hospital,MN,10001,7,27,54,NYC_COVID_REAL
2023-05-15,Queens Medical Center,QN,11101,4,32,76,NYC_COVID_REAL
2023-05-15,Staten Island Hospital,SI,10301,1,12,17,NYC_COVID_REAL
2023-05-16,Bronx Medical Center,BX,10451,3,18,38,NYC_COVID_REAL
2023-05-16,Brooklyn Health Center,BK,11201,5,34,59,NYC_COVID_REAL
2023-05-16,Manhattan Hospital,MN,10001,6,25,54,NYC_COVID_REAL
2023-05-16,Queens Medical Center,QN,11101,3,21,76,NYC_COVID_REAL
2023-05-16,Staten Island Hospital,SI,10301,2,22,13,NYC_COVID_REAL
2023-05-17,Bronx Medical Center,BX,10451,5,27,23,NYC_COVID_REAL
2023-05-17,Brooklyn Health Center,BK,11201,5,26,69,NYC_COVID_REAL
2023-05-17,Manhattan Hospital,MN,10001,5,27,42,NYC_COVID_REAL
2023-05-17,Queens Medical Center,QN,11101,6,26,63,NYC_COVID_REAL
2023-05-17,Staten Island Hospital,SI,10301,2,19,14,NYC_COVID_REAL
2023-05-18,Bronx Medical Center,BX,10451,7,36,32,NYC_COVID_REAL
2023-05-18,Brooklyn Health Center,BK,11201,4,23,50,NYC_COVID_REAL
2023-05-18,Manhattan Hospital,MN,10001,5,20,58,NYC_COVID_REAL
2023-05-18,Queens Medical Center,QN,11101,8,27,63,NYC_COVID_REAL
2023-05-18,Staten Island Hospital,SI,10301,1,28,13,NYC_COVID_REAL
2023-05-19,Bronx Medical Center,BX,10451,4,32,25,NYC_COVID_REAL
2023-05-19,Brooklyn Health Center,BK,11201,8,24,53,NYC_COVID_REAL
2023-05-19,Manhattan Hospital,MN,10001,4,15,38,NYC_COVID_REAL
2023-05-19,Queens Medical Center,QN,11101,9,26,59,NYC_COVID_REAL
2023-05-19,Staten Island Hospital,SI,10301,2,30,11,NYC_COVID_REAL
2023-05-20,Bronx Medical Center,BX,10451,4,32,11,NYC_COVID_REAL
2023-05-20,Brooklyn Health Center,BK,11201,4,17,33,NYC_COVID_REAL
2023-05-20,Manhattan Hospital,MN,10001,2,21,26,NYC_COVID_REAL
2023-05-20,Queens Medical Center,QN,11101,9,37,37,NYC_COVID_REAL
2023-05-20,Staten Island Hospital,SI,10301,1,16,11,NYC_COVID_REAL
2023-05-21,Bronx Medical Center,BX,10451,2,20,17,NYC_COVID_REAL
2023-05-21,Brooklyn Health Center,BK,11201,3,20,43,NYC_COVID_REAL
2023-05-21,Manhattan Hospital,MN,10001,7,23,23,NYC_COVID_REAL
2023-05-21,Queens Medical Center,QN,11101,3,18,42,NYC_COVID_REAL
2023-05-21,Staten Island Hospital,SI,10301,1,30,7,NYC_COVID_REAL
2023-05-22,Bronx Medical Center,BX,10451,7,19,33,NYC_COVID_REAL
2023-05-22,Brooklyn Health Center,BK,11201,11,34,69,NYC_COVID_REAL
2023-05-22,Manhattan Hospital,MN,10001,10,26,72,NYC_COVID_REAL
2023-05-22,Queens Medical Center,QN,11101,8,23,72,NYC_COVID_REAL
2023-05-22,Staten Island Hospital,SI,10301,1,20,13,NYC_COVID_REAL
2023-05-23,Bronx Medical Center,BX,10451,1,17,21,NYC_COVID_REAL
2023-05-23,Brooklyn Health Center,BK,11201,9,26,74,NYC_COVID_REAL
2023-05-23,Manhattan Hospital,MN,10001,7,31,57,NYC_COVID_REAL
2023-05-23,Queens Medical Center,QN,11101,7,32,61,NYC_COVID_REAL
2023-05-23,Staten Island Hospital,SI,10301,1,13,13,NYC_COVID_REAL
2023-05-24,Bronx Medical Center,BX,10451,5,23,32,NYC_COVID_REAL
2023-05-24,Brooklyn Health Center,BK,11201,5,17,78,NYC_COVID_REAL
2023-05-24,Manhattan Hospital,MN,10001,8,30,60,NYC_COVID_REAL
2023-05-24,Queens Medical Center,QN,11101,8,18,85,NYC_COVID_REAL
2023-05-24,Staten Island Hospital,SI,10301,1,30,14,NYC_COVID_REAL
2023-05-25,Bronx Medical Center,BX,10451,7,29,28,NYC_COVID_REAL
2023-05-25,Brooklyn Health Center,BK,11201,4,31,46,NYC_COVID_REAL
2023-05-25,Manhattan Hospital,MN,10001,7,36,54,NYC_COVID_REAL
2023-05-25,Queens Medical Center,QN,11101,5,34,47,NYC_COVID_REAL
2023-05-25,Staten Island Hospital,SI,10301,1,23,8,NYC_COVID_REAL
2023-05-26,Bronx Medical Center,BX,10451,4,18,9,NYC_COVID_REAL
2023-05-26,Brooklyn Health Center,BK,11201,8,32,43,NYC_COVID_REAL
2023-05-26,Manhattan Hospital,MN,10001,2,15,45,NYC_COVID_REAL
2023-05-26,Queens Medical Center,QN,11101,3,29,51,NYC_COVID_REAL
2023-05-26,Staten Island Hospital,SI,10301,1,21,7,NYC_COVID_REAL
2023-05-27,Bronx Medical Center,BX,10451,5,20,14,NYC_COVID_REAL
2023-05-27,Brooklyn Health Center,BK,11201,5,31,30,NYC_COVID_REAL
2023-05-27,Manhattan Hospital,MN,10001,1,14,23,NYC_COVID_REAL
2023-05-27,Queens Medical Center,QN,11101,4,27,40,NYC_COVID_REAL
2023-05-27,Staten Island Hospital,SI,10301,1,19,4,NYC_COVID_REAL
2023-05-28,Bronx Medical Center,BX,10451,4,23,19,NYC_COVID_REAL
2023-05-28,Brooklyn Health Center,BK,11201,4,33,44,NYC_COVID_REAL
2023-05-28,Manhattan Hospital,MN,10001,7,32,25,NYC_COVID_REAL
2023-05-28,Queens Medical Center,QN,11101,9,19,43,NYC_COVID_REAL
2023-05-28,Staten Island Hospital,SI,10301,1,24,8,NYC_COVID_REAL
2023-05-29,Bronx Medical Center,BX,10451,10,39,28,NYC_COVID_REAL
2023-05-29,Brooklyn Health Center,BK,11201,2,21,25,NYC_COVID_REAL
2023-05-29,Manhattan Hospital,MN,10001,5,15,31,NYC_COVID_REAL
2023-05-29,Queens Medical Center,QN,11101,5,16,44,NYC_COVID_REAL
2023-05-29,Staten Island Hospital,SI,10301,2,21,7,NYC_COVID_REAL
2023-05-30,Bronx Medical Center,BX,10451,3,18,47,NYC_COVID_REAL
2023-05-30,Brooklyn Health Center,BK,11201,5,29,87,NYC_COVID_REAL
2023-05-30,Manhattan Hospital,MN,10001,6,29,64,NYC_COVID_REAL
2023-05-30,Queens Medical Center,QN,11101,6,22,101,NYC_COVID_REAL
2023-05-30,Staten Island Hospital,SI,10301,1,26,12,NYC_COVID_REAL
2023-05-31,Bronx Medical Center,BX,10451,3,21,38,NYC_COVID_REAL
2023-05-31,Brooklyn Health Center,BK,11201,7,23,68,NYC_COVID_REAL
2023-05-31,Manhattan Hospital,MN,10001,5,18,53,NYC_COVID_REAL
2023-05-31,Queens Medical Center,QN,11101,9,24,88,NYC_COVID_REAL
2023-05-31,Staten Island Hospital,SI,10301,1,21,15,NYC_COVID_REAL
2023-06-01,Bronx Medical Center,BX,10451,6,17,50,NYC_COVID_REAL
2023-06-01,Brooklyn Health Center,BK,11201,7,27,68,NYC_COVID_REAL
2023-06-01,Manhattan Hospital,MN,10001,9,38,60,NYC_COVID_REAL
2023-06-01,Queens Medical Center,QN,11101,8,36,71,NYC_COVID_REAL
2023-06-01,Staten Island Hospital,SI,10301,4,25,12,NYC_COVID_REAL
2023-06-02,Bronx Medical Center,BX,10451,9,20,34,NYC_COVID_REAL
2023-06-02,Brooklyn Health Center,BK,11201,4,15,47,NYC_COVID_REAL
2023-06-02,Manhattan Hospital,MN,10001,4,20,44,NYC_COVID_REAL
2023-06-02,Queens Medical Center,QN,11101,7,33,61,NYC_COVID_REAL
2023-06-02,Staten Island Hospital,SI,10301,1,24,9,NYC_COVID_REAL
2023-06-03,Bronx Medical Center,BX,10451,2,20,26,NYC_COVID_REAL
2023-06-03,Brooklyn Health Center,BK,11201,4,20,34,NYC_COVID_REAL
2023-06-03,Manhattan Hospital,MN,10001,5,18,27,NYC_COVID_REAL
2023-06-03,Queens Medical Center,QN,11101,8,28,56,NYC_COVID_REAL
2023-06-03,Staten Island Hospital,SI,10301,2,24,3,NYC_COVID_REAL
2023-06-04,Bronx Medical Center,BX,10451,4,29,27,NYC_COVID_REAL
2023-06-04,Brooklyn Health Center,BK,11201,5,30,44,NYC_COVID_REAL
2023-06-04,Manhattan Hospital,MN,10001,3,22,24,NYC_COVID_REAL
2023-06-04,Queens Medical Center,QN,11101,7,17,33,NYC_COVID_REAL
2023-06-04,Staten Island Hospital,SI,10301,1,21,7,NYC_COVID_REAL
2023-06-05,Bronx Medical Center,BX,10451,5,25,42,NYC_COVID_REAL
2023-06-05,Brooklyn Health Center,BK,11201,13,41,66,NYC_COVID_REAL
2023-06-05,Manhattan Hospital,MN,10001,3,16,55,NYC_COVID_REAL
2023-06-05,Queens Medical Center,QN,11101,7,29,75,NYC_COVID_REAL
2023-06-05,Staten Island Hospital,SI,10301,2,28,14,NYC_COVID_REAL
2023-06-06,Bronx Medical Center,BX,10451,4,14,53,NYC_COVID_REAL
2023-06-06,Brooklyn Health Center,BK,11201,8,27,63,NYC_COVID_REAL
2023-06-06,Manhattan Hospital,MN,10001,1,12,39,NYC_COVID_REAL
2023-06-06,Queens Medical Center,QN,11101,6,16,56,NYC_COVID_REAL
2023-06-06,Staten Island Hospital,SI,10301,1,21,8,NYC_COVID_REAL
2023-06-07,Bronx Medical Center,BX,10451,7,35,38,NYC_COVID_REAL
2023-06-07,Brooklyn Health Center,BK,11201,11,32,56,NYC_COVID_REAL
2023-06-07,Manhattan Hospital,MN,10001,2,26,28,NYC_COVID_REAL
2023-06-07,Queens Medical Center,QN,11101,6,29,59,NYC_COVID_REAL
2023-06-07,Staten Island Hospital,SI,10301,2,22,9,NYC_COVID_REAL
2023-06-08,Bronx Medical Center,BX,10451,3,14,28,NYC_COVID_REAL
2023-06-08,Brooklyn Health Center,BK,11201,4,17,51,NYC_COVID_REAL
2023-06-08,Manhattan Hospital,MN,10001,5,19,48,NYC_COVID_REAL
2023-06-08,Queens Medical Center,QN,11101,4,19,49,NYC_COVID_REAL
2023-06-08,Staten Island Hospital,SI,10301,1,12,4,NYC_COVID_REAL
2023-06-09,Bronx Medical Center,BX,10451,4,22,26,NYC_COVID_REAL
2023-06-09,Brooklyn Health Center,BK,11201,8,22,48,NYC_COVID_REAL
2023-06-09,Manhattan Hospital,MN,10001,6,19,40,NYC_COVID_REAL
2023-06-09,Queens Medical Center,QN,11101,9,24,54,NYC_COVID_REAL
2023-06-09,Staten Island Hospital,SI,10301,3,20,11,NYC_COVID_REAL
2023-06-10,Bronx Medical Center,BX,10451,5,21,25,NYC_COVID_REAL
2023-06-10,Brooklyn Health Center,BK,11201,6,17,25,NYC_COVID_REAL
2023-06-10,Manhattan Hospital,MN,10001,3,29,23,NYC_COVID_REAL
2023-06-10,Queens Medical Center,QN,11101,11,35,55,NYC_COVID_REAL
2023-06-10,Staten Island Hospital,SI,10301,2,23,8,NYC_COVID_REAL
2023-06-11,Bronx Medical Center,BX,10451,2,18,21,NYC_COVID_REAL
2023-06-11,Brooklyn Health Center,BK,11201,7,23,40,NYC_COVID_REAL
2023-06-11,Manhattan Hospital,MN,10001,3,20,18,NYC_COVID_REAL
2023-06-11,Queens Medical Center,QN,11101,5,34,48,NYC_COVID_REAL
2023-06-11,Staten Island Hospital,SI,10301,1,14,7,NYC_COVID_REAL
2023-06-12,Bronx Medical Center,BX,10451,6,20,38,NYC_COVID_REAL
2023-06-12,Brooklyn Health Center,BK,11201,7,18,61,NYC_COVID_REAL
2023-06-12,Manhattan Hospital,MN,10001,6,16,53,NYC_COVID_REAL
2023-06-12,Queens Medical Center,QN,11101,5,16,66,NYC_COVID_REAL
2023-06-12,Staten Island Hospital,SI,10301,2,24,15,NYC_COVID_REAL
2023-06-13,Bronx Medical Center,BX,10451,9,32,50,NYC_COVID_REAL
2023-06-13,Brooklyn Health Center,BK,11201,10,34,69,NYC_COVID_REAL
2023-06-13,Manhattan Hospital,MN,10001,5,32,47,NYC_COVID_REAL
2023-06-13,Queens Medical Center,QN,11101,7,26,75,NYC_COVID_REAL
2023-06-13,Staten Island Hospital,SI,10301,1,23,10,NYC_COVID_REAL
2023-06-14,Bronx Medical Center,BX,10451,6,31,31,NYC_COVID_REAL
2023-06-14,Brooklyn Health Center,BK,11201,2,25,45,NYC_COVID_REAL
2023-06-14,Manhattan Hospital,MN,10001,4,29,39,NYC_COVID_REAL
2023-06-14,Queens Medical Center,QN,11101,9,37,67,NYC_COVID_REAL
2023-06-14,Staten Island Hospital,SI,10301,1,29,12,NYC_COVID_REAL
2023-06-15,Bronx Medical Center,BX,10451,5,18,47,NYC_COVID_REAL
2023-06-15,Brooklyn Health Center,BK,11201,3,17,56,NYC_COVID_REAL
2023-06-15,Manhattan Hospital,MN,10001,1,13,40,NYC_COVID_REAL
2023-06-15,Queens Medical Center,QN,11101,5,29,52,NYC_COVID_REAL
2023-06-15,Staten Island Hospital,SI,10301,1,29,9,NYC_COVID_REAL
2023-06-16,Bronx Medical Center,BX,10451,2,15,36,NYC_COVID_REAL
2023-06-16,Brooklyn Health Center,BK,11201,4,16,35,NYC_COVID_REAL
2023-06-16,Manhattan Hospital,MN,10001,2,29,27,NYC_COVID_REAL
2023-06-16,Queens Medical Center,QN,11101,3,24,46,NYC_COVID_REAL
2023-06-16,Staten Island Hospital,SI,10301,2,20,12,NYC_COVID_REAL
2023-06-17,Bronx Medical Center,BX,10451,7,22,22,NYC_COVID_REAL
2023-06-17,Brooklyn Health Center,BK,11201,7,19,26,NYC_COVID_REAL
2023-06-17,Manhattan Hospital,MN,10001,5,25,25,NYC_COVID_REAL
2023-06-17,Queens Medical Center,QN,11101,6,33,44,NYC_COVID_REAL
2023-06-17,Staten Island Hospital,SI,10301,1,22,9,NYC_COVID_REAL
2023-06-18,Bronx Medical Center,BX,10451,4,26,14,NYC_COVID_REAL
2023-06-18,Brooklyn Health Center,BK,11201,3,14,33,NYC_COVID_REAL
2023-06-18,Manhattan Hospital,MN,10001,4,15,20,NYC_COVID_REAL
2023-06-18,Queens Medical Center,QN,11101,5,20,36,NYC_COVID_REAL
2023-06-18,Staten Island Hospital,SI,10301,1,27,5,NYC_COVID_REAL
2023-06-19,Bronx Medical Center,BX,10451,2,24,27,NYC_COVID_REAL
2023-06-19,Brooklyn Health Center,BK,11201,8,36,46,NYC_COVID_REAL
2023-06-19,Manhattan Hospital,MN,10001,6,33,26,NYC_COVID_REAL
2023-06-19,Queens Medical Center,QN,11101,5,31,59,NYC_COVID_REAL
2023-06-19,Staten Island Hospital,SI,10301,1,16,8,NYC_COVID_REAL
2023-06-20,Bronx Medical Center,BX,10451,5,19,27,NYC_COVID_REAL
2023-06-20,Brooklyn Health Center,BK,11201,11,25,67,NYC_COVID_REAL
2023-06-20,Manhattan Hospital,MN,10001,4,31,36,NYC_COVID_REAL
2023-06-20,Queens Medical Center,QN,11101,9,28,73,NYC_COVID_REAL
2023-06-20,Staten Island Hospital,SI,10301,1,18,10,NYC_COVID_REAL
2023-06-21,Bronx Medical Center,BX,10451,6,27,36,NYC_COVID_REAL
2023-06-21,Brooklyn Health Center,BK,11201,2,17,36,NYC_COVID_REAL
2023-06-21,Manhattan Hospital,MN,10001,3,27,44,NYC_COVID_REAL
2023-06-21,Queens Medical Center,QN,11101,7,23,58,NYC_COVID_REAL
2023-06-21,Staten Island Hospital,SI,10301,2,16,7,NYC_COVID_REAL
2023-06-22,Bronx Medical Center,BX,10451,3,29,37,NYC_COVID_REAL
2023-06-22,Brooklyn Health Center,BK,11201,5,22,42,NYC_COVID_REAL
2023-06-22,Manhattan Hospital,MN,10001,1,12,38,NYC_COVID_REAL
2023-06-22,Queens Medical Center,QN,11101,4,22,59,NYC_COVID_REAL
2023-06-22,Staten Island Hospital,SI,10301,1,21,5,NYC_COVID_REAL
2023-06-23,Bronx Medical Center,BX,10451,5,23,19,NYC_COVID_REAL
2023-06-23,Brooklyn Health Center,BK,11201,7,27,51,NYC_COVID_REAL
2023-06-23,Manhattan Hospital,MN,10001,4,14,21,NYC_COVID_REAL
2023-06-23,Queens Medical Center,QN,11101,4,16,56,NYC_COVID_REAL
2023-06-23,Staten Island Hospital,SI,10301,1,24,13,NYC_COVID_REAL
2023-06-24,Bronx Medical Center,BX,10451,4,23,23,NYC_COVID_REAL
2023-06-24,Brooklyn Health Center,BK,11201,3,22,22,NYC_COVID_REAL
2023-06-24,Manhattan Hospital,MN,10001,3,16,18,NYC_COVID_REAL
2023-06-24,Queens Medical Center,QN,11101,6,17,27,NYC_COVID_REAL
2023-06-24,Staten Island Hospital,SI,10301,2,16,8,NYC_COVID_REAL
2023-06-25,Bronx Medical Center,BX,10451,2,29,16,NYC_COVID_REAL
2023-06-25,Brooklyn Health Center,BK,11201,3,16,26,NYC_COVID_REAL
2023-06-25,Manhattan Hospital,MN,10001,7,33,29,NYC_COVID_REAL
2023-06-25,Queens Medical Center,QN,11101,5,20,29,NYC_COVID_REAL
2023-06-25,Staten Island Hospital,SI,10301,1,30,8,NYC_COVID_REAL
2023-06-26,Bronx Medical Center,BX,10451,1,30,33,NYC_COVID_REAL
2023-06-26,Brooklyn Health Center,BK,11201,9,25,59,NYC_COVID_REAL
2023-06-26,Manhattan Hospital,MN,10001,5,24,38,NYC_COVID_REAL
2023-06-26,Queens Medical Center,QN,11101,3,32,57,NYC_COVID_REAL
2023-06-26,Staten Island Hospital,SI,10301,1,12,13,NYC_COVID_REAL
2023-06-27,Bronx Medical Center,BX,10451,5,24,32,NYC_COVID_REAL
2023-06-27,Brooklyn Health Center,BK,11201,8,34,60,NYC_COVID_REAL
2023-06-27,Manhattan Hospital,MN,10001,1,21,61,NYC_COVID_REAL
2023-06-27,Queens Medical Center,QN,11101,3,31,54,NYC_COVID_REAL
2023-06-27,Staten Island Hospital,SI,10301,1,13,13,NYC_COVID_REAL
2023-06-28,Bronx Medical Center,BX,10451,6,27,29,NYC_COVID_REAL
2023-06-28,Brooklyn Health Center,BK,11201,3,27,46,NYC_COVID_REAL
2023-06-28,Manhattan Hospital,MN,10001,2,13,40,NYC_COVID_REAL
2023-06-28,Queens Medical Center,QN,11101,8,36,50,NYC_COVID_REAL
2023-06-28,Staten Island Hospital,SI,10301,1,26,12,NYC_COVID_REAL
2023-06-29,Bronx Medical Center,BX,10451,3,30,24,NYC_COVID_REAL
2023-06-29,Brooklyn Health Center,BK,11201,6,32,42,NYC_COVID_REAL
2023-06-29,Manhattan Hospital,MN,10001,3,18,41,NYC_COVID_REAL
2023-06-29,Queens Medical Center,QN,11101,4,19,41,NYC_COVID_REAL
2023-06-29,Staten Island Hospital,SI,10301,1,14,7,NYC_COVID_REAL
2023-06-30,Bronx Medical Center,BX,10451,3,14,34,NYC_COVID_REAL
2023-06-30,Brooklyn Health Center,BK,11201,6,25,42,NYC_COVID_REAL
2023-06-30,Manhattan Hospital,MN,10001,4,24,38,NYC_COVID_REAL
2023-06-30,Queens Medical Center,QN,11101,5,24,49,NYC_COVID_REAL
2023-06-30,Staten Island Hospital,SI,10301,1,18,5,NYC_COVID_REAL
2023-07-01,Bronx Medical Center,BX,10451,3,25,23,NYC_COVID_REAL
2023-07-01,Brooklyn Health Center,BK,11201,5,33,30,NYC_COVID_REAL
2023-07-01,Manhattan Hospital,MN,10001,2,15,19,NYC_COVID_REAL
2023-07-01,Queens Medical Center,QN,11101,4,32,34,NYC_COVID_REAL
2023-07-01,Staten Island Hospital,SI,10301,1,21,5,NYC_COVID_REAL
2023-07-02,Bronx Medical Center,BX,10451,4,18,18,NYC_COVID_REAL
2023-07-02,Brooklyn Health Center,BK,11201,10,27,37,NYC_COVID_REAL
2023-07-02,Manhattan Hospital,MN,10001,4,28,33,NYC_COVID_REAL
2023-07-02,Queens Medical Center,QN,11101,5,26,33,NYC_COVID_REAL
2023-07-02,Staten Island Hospital,SI,10301,3,26,7,NYC_COVID_REAL
2023-07-03,Bronx Medical Center,BX,10451,8,30,22,NYC_COVID_REAL
2023-07-03,Brooklyn Health Center,BK,11201,10,30,54,NYC_COVID_REAL
2023-07-03,Manhattan Hospital,MN,10001,1,16,25,NYC_COVID_REAL
2023-07-03,Queens Medical Center,QN,11101,2,25,57,NYC_COVID_REAL
2023-07-03,Staten Island Hospital,SI,10301,1,25,11,NYC_COVID_REAL
2023-07-04,Bronx Medical Center,BX,10451,3,17,20,NYC_COVID_REAL
2023-07-04,Brooklyn Health Center,BK,11201,4,20,27,NYC_COVID_REAL
2023-07-04,Manhattan Hospital,MN,10001,3,19,17,NYC_COVID_REAL
2023-07-04,Queens Medical Center,QN,11101,2,13,36,NYC_COVID_REAL
2023-07-04,Staten Island Hospital,SI,10301,1,23,4,NYC_COVID_REAL
2023-07-05,Bronx Medical Center,BX,10451,5,29,32,NYC_COVID_REAL
2023-07-05,Brooklyn Health Center,BK,11201,9,38,57,NYC_COVID_REAL
2023-07-05,Manhattan Hospital,MN,10001,7,25,54,NYC_COVID_REAL
2023-07-05,Queens Medical Center,QN,11101,2,29,66,NYC_COVID_REAL
2023-07-05,Staten Island Hospital,SI,10301,2,23,11,NYC_COVID_REAL
2023-07-06,Bronx Medical Center,BX,10451,2,12,28,NYC_COVID_REAL
2023-07-06,Brooklyn Health Center,BK,11201,9,23,54,NYC_COVID_REAL
2023-07-06,Manhattan Hospital,MN,10001,7,18,46,NYC_COVID_REAL
2023-07-06,Queens Medical Center,QN,11101,6,19,57,NYC_COVID_REAL
2023-07-06,Staten Island Hospital,SI,10301,1,26,11,NYC_COVID_REAL
2023-07-07,Bronx Medical Center,BX,10451,9,23,22,NYC_COVID_REAL
2023-07-07,Brooklyn Health Center,BK,11201,2,23,45,NYC_COVID_REAL
2023-07-07,Manhattan Hospital,MN,10001,2,25,38,NYC_COVID_REAL
2023-07-07,Queens Medical Center,QN,11101,6,23,47,NYC_COVID_REAL
2023-07-07,Staten Island Hospital,SI,10301,5,25,13,NYC_COVID_REAL
2023-07-08,Bronx Medical Center,BX,10451,3,20,21,NYC_COVID_REAL
2023-07-08,Brooklyn Health Center,BK,11201,7,33,32,NYC_COVID_REAL
2023-07-08,Manhattan Hospital,MN,10001,3,20,31,NYC_COVID_REAL
2023-07-08,Queens Medical Center,QN,11101,4,24,44,NYC_COVID_REAL
2023-07-08,Staten Island Hospital,SI,10301,1,22,9,NYC_COVID_REAL
2023-07-09,Bronx Medical Center,BX,10451,3,24,16,NYC_COVID_REAL
2023-07-09,Brooklyn Health Center,BK,11201,3,19,42,NYC_COVID_REAL
2023-07-09,Manhattan Hospital,MN,10001,5,19,23,NYC_COVID_REAL
2023-07-09,Queens Medical Center,QN,11101,2,16,27,NYC_COVID_REAL
2023-07-09,Staten Island Hospital,SI,10301,1,25,4,NYC_COVID_REAL
2023-07-10,Bronx Medical Center,BX,10451,4,29,55,NYC_COVID_REAL
2023-07-10,Brooklyn Health Center,BK,11201,12,29,99,NYC_COVID_REAL
2023-07-10,Manhattan Hospital,MN,10001,3,27,64,NYC_COVID_REAL
2023-07-10,Queens Medical Center,QN,11101,11,30,85,NYC_COVID_REAL
2023-07-10,Staten Island Hospital,SI,10301,1,19,9,NYC_COVID_REAL
2023-07-11,Bronx Medical Center,BX,10451,4,16,70,NYC_COVID_REAL
2023-07-11,Brooklyn Health Center,BK,11201,2,20,73,NYC_COVID_REAL
2023-07-11,Manhattan Hospital,MN,10001,3,25,78,NYC_COVID_REAL
2023-07-11,Queens Medical Center,QN,11101,6,21,71,NYC_COVID_REAL
2023-07-11,Staten Island Hospital,SI,10301,1,24,16,NYC_COVID_REAL
2023-07-12,Bronx Medical Center,BX,10451,6,31,30,NYC_COVID_REAL
2023-07-12,Brooklyn Health Center,BK,11201,7,24,69,NYC_COVID_REAL
2023-07-12,Manhattan Hospital,MN,10001,4,15,56,NYC_COVID_REAL
2023-07-12,Queens Medical Center,QN,11101,7,36,69,NYC_COVID_REAL
2023-07-12,Staten Island Hospital,SI,10301,1,24,12,NYC_COVID_REAL
2023-07-13,Bronx Medical Center,BX,10451,2,19,103,NYC_COVID_REAL
2023-07-13,Brooklyn Health Center,BK,11201,9,38,80,NYC_COVID_REAL
2023-07-13,Manhattan Hospital,MN,10001,3,29,120,NYC_COVID_REAL
2023-07-13,Queens Medical Center,QN,11101,6,27,95,NYC_COVID_REAL
2023-07-13,Staten Island Hospital,SI,10301,2,14,11,NYC_COVID_REAL
2023-07-14,Bronx Medical Center,BX,10451,4,26,62,NYC_COVID_REAL
2023-07-14,Brooklyn Health Center,BK,11201,10,38,77,NYC_COVID_REAL
2023-07-14,Manhattan Hospital,MN,10001,9,38,83,NYC_COVID_REAL
2023-07-14,Queens Medical Center,QN,11101,6,24,77,NYC_COVID_REAL
2023-07-14,Staten Island Hospital,SI,10301,1,23,9,NYC_COVID_REAL
2023-07-15,Bronx Medical Center,BX,10451,9,22,29,NYC_COVID_REAL
2023-07-15,Brooklyn Health Center,BK,11201,2,20,31,NYC_COVID_REAL
2023-07-15,Manhattan Hospital,MN,10001,1,19,25,NYC_COVID_REAL
2023-07-15,Queens Medical Center,QN,11101,3,14,55,NYC_COVID_REAL
2023-07-15,Staten Island Hospital,SI,10301,1,28,7,NYC_COVID_REAL
2023-07-16,Bronx Medical Center,BX,10451,5,33,25,NYC_COVID_REAL
2023-07-16,Brooklyn Health Center,BK,11201,9,22,49,NYC_COVID_REAL
2023-07-16,Manhattan Hospital,MN,10001,8,22,30,NYC_COVID_REAL
2023-07-16,Queens Medical Center,QN,11101,5,23,39,NYC_COVID_REAL
2023-07-16,Staten Island Hospital,SI,10301,1,28,8,NYC_COVID_REAL
2023-07-17,Bronx Medical Center,BX,10451,7,28,53,NYC_COVID_REAL
2023-07-17,Brooklyn Health Center,BK,11201,11,37,105,NYC_COVID_REAL
2023-07-17,Manhattan Hospital,MN,10001,3,14,59,NYC_COVID_REAL
2023-07-17,Queens Medical Center,QN,11101,8,30,81,NYC_COVID_REAL
2023-07-17,Staten Island Hospital,SI,10301,2,17,20,NYC_COVID_REAL
2023-07-18,Bronx Medical Center,BX,10451,6,24,53,NYC_COVID_REAL
2023-07-18,Brooklyn Health Center,BK,11201,10,25,75,NYC_COVID_REAL
2023-07-18,Manhattan Hospital,MN,10001,8,35,51,NYC_COVID_REAL
2023-07-18,Queens Medical Center,QN,11101,7,33,83,NYC_COVID_REAL
2023-07-18,Staten Island Hospital,SI,10301,1,21,11,NYC_COVID_REAL
2023-07-19,Bronx Medical Center,BX,10451,11,22,67,NYC_COVID_REAL
2023-07-19,Brooklyn Health Center,BK,11201,12,37,90,NYC_COVID_REAL
2023-07-19,Manhattan Hospital,MN,10001,3,28,58,NYC_COVID_REAL
2023-07-19,Queens Medical Center,QN,11101,6,19,84,NYC_COVID_REAL
2023-07-19,Staten Island Hospital,SI,10301,1,15,9,NYC_COVID_REAL
2023-07-20,Bronx Medical Center,BX,10451,11,25,61,NYC_COVID_REAL
2023-07-20,Brooklyn Health Center,BK,11201,10,37,59,NYC_COVID_REAL
2023-07-20,Manhattan Hospital,MN,10001,6,18,54,NYC_COVID_REAL
2023-07-20,Queens Medical Center,QN,11101,9,29,85,NYC_COVID_REAL
2023-07-20,Staten Island Hospital,SI,10301,1,27,9,NYC_COVID_REAL
2023-07-21,Bronx Medical Center,BX,10451,10,30,62,NYC_COVID_REAL
2023-07-21,Brooklyn Health Center,BK,11201,11,26,85,NYC_COVID_REAL
2023-07-21,Manhattan Hospital,MN,10001,6,24,57,NYC_COVID_REAL
2023-07-21,Queens Medical Center,QN,11101,3,30,77,NYC_COVID_REAL
2023-07-21,Staten Island Hospital,SI,10301,1,17,28,NYC_COVID_REAL
2023-07-22,Bronx Medical Center,BX,10451,5,22,30,NYC_COVID_REAL
2023-07-22,Brooklyn Health Center,BK,11201,7,23,48,NYC_COVID_REAL
2023-07-22,Manhattan Hospital,MN,10001,9,23,35,NYC_COVID_REAL
2023-07-22,Queens Medical Center,QN,11101,11,28,57,NYC_COVID_REAL
2023-07-22,Staten Island Hospital,SI,10301,2,23,15,NYC_COVID_REAL
2023-07-23,Bronx Medical Center,BX,10451,6,29,36,NYC_COVID_REAL
2023-07-23,Brooklyn Health Center,BK,11201,9,23,78,NYC_COVID_REAL
2023-07-23,Manhattan Hospital,MN,10001,3,25,40,NYC_COVID_REAL
2023-07-23,Queens Medical Center,QN,11101,5,31,82,NYC_COVID_REAL
2023-07-23,Staten Island Hospital,SI,10301,1,17,15,NYC_COVID_REAL
2023-07-24,Bronx Medical Center,BX,10451,7,27,72,NYC_COVID_REAL
2023-07-24,Brooklyn Health Center,BK,11201,11,31,142,NYC_COVID_REAL
2023-07-24,Manhattan Hospital,MN,10001,3,13,83,NYC_COVID_REAL
2023-07-24,Queens Medical Center,QN,11101,14,27,128,NYC_COVID_REAL
2023-07-24,Staten Island Hospital,SI,10301,1,29,19,NYC_COVID_REAL
2023-07-25,Bronx Medical Center,BX,10451,11,39,76,NYC_COVID_REAL
2023-07-25,Brooklyn Health Center,BK,11201,7,26,97,NYC_COVID_REAL
2023-07-25,Manhattan Hospital,MN,10001,8,24,71,NYC_COVID_REAL
2023-07-25,Queens Medical Center,QN,11101,9,34,117,NYC_COVID_REAL
2023-07-25,Staten Island Hospital,SI,10301,1,13,14,NYC_COVID_REAL
2023-07-26,Bronx Medical Center,BX,10451,9,25,80,NYC_COVID_REAL
2023-07-26,Brooklyn Health Center,BK,11201,19,32,125,NYC_COVID_REAL
2023-07-26,Manhattan Hospital,MN,10001,3,24,68,NYC_COVID_REAL
2023-07-26,Queens Medical Center,QN,11101,5,32,97,NYC_COVID_REAL
2023-07-26,Staten Island Hospital,SI,10301,1,20,14,NYC_COVID_REAL
2023-07-27,Bronx Medical Center,BX,10451,6,35,66,NYC_COVID_REAL
2023-07-27,Brooklyn Health Center,BK,11201,15,38,117,NYC_COVID_REAL
2023-07-27,Manhattan Hospital,MN,10001,7,36,73,NYC_COVID_REAL
2023-07-27,Queens Medical Center,QN,11101,7,24,120,NYC_COVID_REAL
2023-07-27,Staten Island Hospital,SI,10301,1,19,18,NYC_COVID_REAL
2023-07-28,Bronx Medical Center,BX,10451,12,22,81,NYC_COVID_REAL
2023-07-28,Brooklyn Health Center,BK,11201,11,35,109,NYC_COVID_REAL
2023-07-28,Manhattan Hospital,MN,10001,1,24,71,NYC_COVID_REAL
2023-07-28,Queens Medical Center,QN,11101,11,30,104,NYC_COVID_REAL
2023-07-28,Staten Island Hospital,SI,10301,1,23,15,NYC_COVID_REAL
2023-07-29,Bronx Medical Center,BX,10451,13,23,57,NYC_COVID_REAL
2023-07-29,Brooklyn Health Center,BK,11201,4,22,85,NYC_COVID_REAL
2023-07-29,Manhattan Hospital,MN,10001,3,32,44,NYC_COVID_REAL
2023-07-29,Queens Medical Center,QN,11101,12,25,82,NYC_COVID_REAL
2023-07-29,Staten Island Hospital,SI,10301,1,26,19,NYC_COVID_REAL
2023-07-30,Bronx Medical Center,BX,10451,6,19,42,NYC_COVID_REAL
2023-07-30,Brooklyn Health Center,BK,11201,9,37,90,NYC_COVID_REAL
2023-07-30,Manhattan Hospital,MN,10001,16,27,46,NYC_COVID_REAL
2023-07-30,Queens Medical Center,QN,11101,10,34,102,NYC_COVID_REAL
2023-07-30,Staten Island Hospital,SI,10301,1,23,20,NYC_COVID_REAL
2023-07-31,Bronx Medical Center,BX,10451,9,23,100,NYC_COVID_REAL
2023-07-31,Brooklyn Health Center,BK,11201,15,25,148,NYC_COVID_REAL
2023-07-31,Manhattan Hospital,MN,10001,17,42,124,NYC_COVID_REAL
2023-07-31,Queens Medical Center,QN,11101,14,26,166,NYC_COVID_REAL
2023-07-31,Staten Island Hospital,SI,10301,2,14,28,NYC_COVID_REAL
2023-08-01,Bronx Medical Center,BX,10451,7,19,95,NYC_COVID_REAL
2023-08-01,Brooklyn Health Center,BK,11201,9,36,143,NYC_COVID_REAL
2023-08-01,Manhattan Hospital,MN,10001,11,40,98,NYC_COVID_REAL
2023-08-01,Queens Medical Center,QN,11101,10,22,140,NYC_COVID_REAL
2023-08-01,Staten Island Hospital,SI,10301,3,19,27,NYC_COVID_REAL
2023-08-02,Bronx Medical Center,BX,10451,11,33,94,NYC_COVID_REAL
2023-08-02,Brooklyn Health Center,BK,11201,14,38,134,NYC_COVID_REAL
2023-08-02,Manhattan Hospital,MN,10001,9,33,98,NYC_COVID_REAL
2023-08-02,Queens Medical Center,QN,11101,9,27,134,NYC_COVID_REAL
2023-08-02,Staten Island Hospital,SI,10301,1,27,19,NYC_COVID_REAL
2023-08-03,Bronx Medical Center,BX,10451,11,26,117,NYC_COVID_REAL
2023-08-03,Brooklyn Health Center,BK,11201,19,43,163,NYC_COVID_REAL
2023-08-03,Manhattan Hospital,MN,10001,12,28,100,NYC_COVID_REAL
2023-08-03,Queens Medical Center,QN,11101,13,30,157,NYC_COVID_REAL
2023-08-03,Staten Island Hospital,SI,10301,4,33,23,NYC_COVID_REAL
2023-08-04,Bronx Medical Center,BX,10451,14,24,90,NYC_COVID_REAL
2023-08-04,Brooklyn Health Center,BK,11201,8,19,152,NYC_COVID_REAL
2023-08-04,Manhattan Hospital,MN,10001,14,31,99,NYC_COVID_REAL
2023-08-04,Queens Medical Center,QN,11101,12,35,135,NYC_COVID_REAL
2023-08-04,Staten Island Hospital,SI,10301,1,23,25,NYC_COVID_REAL
2023-08-05,Bronx Medical Center,BX,10451,8,37,71,NYC_COVID_REAL
2023-08-05,Brooklyn Health Center,BK,11201,16,28,111,NYC_COVID_REAL
2023-08-05,Manhattan Hospital,MN,10001,9,27,76,NYC_COVID_REAL
2023-08-05,Queens Medical Center,QN,11101,14,41,121,NYC_COVID_REAL
2023-08-05,Staten Island Hospital,SI,10301,3,32,22,NYC_COVID_REAL
2023-08-06,Bronx Medical Center,BX,10451,8,30,57,NYC_COVID_REAL
2023-08-06,Brooklyn Health Center,BK,11201,15,30,99,NYC_COVID_REAL
2023-08-06,Manhattan Hospital,MN,10001,10,28,63,NYC_COVID_REAL
2023-08-06,Queens Medical Center,QN,11101,13,25,125,NYC_COVID_REAL
2023-08-06,Staten Island Hospital,SI,10301,1,22,21,NYC_COVID_REAL
2023-08-07,Bronx Medical Center,BX,10451,11,35,132,NYC_COVID_REAL
2023-08-07,Brooklyn Health Center,BK,11201,18,35,205,NYC_COVID_REAL
2023-08-07,Manhattan Hospital,MN,10001,17,35,137,NYC_COVID_REAL
2023-08-07,Queens Medical Center,QN,11101,15,25,197,NYC_COVID_REAL
2023-08-07,Staten Island Hospital,SI,10301,1,16,34,NYC_COVID_REAL
2023-08-08,Bronx Medical Center,BX,10451,16,35,143,NYC_COVID_REAL
2023-08-08,Brooklyn Health Center,BK,11201,22,43,214,NYC_COVID_REAL
2023-08-08,Manhattan Hospital,MN,10001,12,26,145,NYC_COVID_REAL
2023-08-08,Queens Medical Center,QN,11101,15,34,203,NYC_COVID_REAL
2023-08-08,Staten Island Hospital,SI,10301,2,31,30,NYC_COVID_REAL
2023-08-09,Bronx Medical Center,BX,10451,10,37,139,NYC_COVID_REAL
2023-08-09,Brooklyn Health Center,BK,11201,16,40,172,NYC_COVID_REAL
2023-08-09,Manhattan Hospital,MN,10001,4,27,141,NYC_COVID_REAL
2023-08-09,Queens Medical Center,QN,11101,7,28,197,NYC_COVID_REAL
2023-08-09,Staten Island Hospital,SI,10301,2,18,24,NYC_COVID_REAL
2023-08-10,Bronx Medical Center,BX,10451,9,35,119,NYC_COVID_REAL
2023-08-10,Brooklyn Health Center,BK,11201,19,35,193,NYC_COVID_REAL
2023-08-10,Manhattan Hospital,MN,10001,17,43,139,NYC_COVID_REAL
2023-08-10,Queens Medical Center,QN,11101,14,43,195,NYC_COVID_REAL
2023-08-10,Staten Island Hospital,SI,10301,2,14,25,NYC_COVID_REAL
2023-08-11,Bronx Medical Center,BX,10451,16,32,126,NYC_COVID_REAL
2023-08-11,Brooklyn Health Center,BK,11201,10,37,167,NYC_COVID_REAL
2023-08-11,Manhattan Hospital,MN,10001,16,32,147,NYC_COVID_REAL
2023-08-11,Queens Medical Center,QN,11101,20,30,191,NYC_COVID_REAL
2023-08-11,Staten Island Hospital,SI,10301,1,15,23,NYC_COVID_REAL
2023-08-12,Bronx Medical Center,BX,10451,13,37,77,NYC_COVID_REAL
2023-08-12,Brooklyn Health Center,BK,11201,13,25,124,NYC_COVID_REAL
2023-08-12,Manhattan Hospital,MN,10001,7,25,80,NYC_COVID_REAL
2023-08-12,Queens Medical Center,QN,11101,9,20,149,NYC_COVID_REAL
2023-08-12,Staten Island Hospital,SI,10301,6,32,30,NYC_COVID_REAL
2023-08-13,Bronx Medical Center,BX,10451,16,35,85,NYC_COVID_REAL
2023-08-13,Brooklyn Health Center,BK,11201,3,17,124,NYC_COVID_REAL
2023-08-13,Manhattan Hospital,MN,10001,12,27,81,NYC_COVID_REAL
2023-08-13,Queens Medical Center,QN,11101,10,37,137,NYC_COVID_REAL
2023-08-13,Staten Island Hospital,SI,10301,4,32,17,NYC_COVID_REAL
2023-08-14,Bronx Medical Center,BX,10451,17,28,161,NYC_COVID_REAL
2023-08-14,Brooklyn Health Center,BK,11201,21,41,228,NYC_COVID_REAL
2023-08-14,Manhattan Hospital,MN,10001,17,46,175,NYC_COVID_REAL
2023-08-14,Queens Medical Center,QN,11101,10,26,222,NYC_COVID_REAL
2023-08-14,Staten Island Hospital,SI,10301,2,25,44,NYC_COVID_REAL
2023-08-15,Bronx Medical Center,BX,10451,16,45,151,NYC_COVID_REAL
2023-08-15,Brooklyn Health Center,BK,11201,15,33,238,NYC_COVID_REAL
2023-08-15,Manhattan Hospital,MN,10001,16,33,148,NYC_COVID_REAL
2023-08-15,Queens Medical Center,QN,11101,17,30,219,NYC_COVID_REAL
2023-08-15,Staten Island Hospital,SI,10301,5,28,34,NYC_COVID_REAL
2023-08-16,Bronx Medical Center,BX,10451,13,39,126,NYC_COVID_REAL
2023-08-16,Brooklyn Health Center,BK,11201,7,22,216,NYC_COVID_REAL
2023-08-16,Manhattan Hospital,MN,10001,13,37,136,NYC_COVID_REAL
2023-08-16,Queens Medical Center,QN,11101,15,34,225,NYC_COVID_REAL
2023-08-16,Staten Island Hospital,SI,10301,4,27,43,NYC_COVID_REAL
2023-08-17,Bronx Medical Center,BX,10451,18,42,129,NYC_COVID_REAL
2023-08-17,Brooklyn Health Center,BK,11201,16,44,207,NYC_COVID_REAL
2023-08-17,Manhattan Hospital,MN,10001,8,37,109,NYC_COVID_REAL
2023-08-17,Queens Medical Center,QN,11101,16,29,171,NYC_COVID_REAL
2023-08-17,Staten Island Hospital,SI,10301,2,27,34,NYC_COVID_REAL
2023-08-18,Bronx Medical Center,BX,10451,20,46,136,NYC_COVID_REAL
2023-08-18,Brooklyn Health Center,BK,11201,22,41,204,NYC_COVID_REAL
2023-08-18,Manhattan Hospital,MN,10001,11,28,114,NYC_COVID_REAL
2023-08-18,Queens Medical Center,QN,11101,21,49,193,NYC_COVID_REAL
2023-08-18,Staten Island Hospital,SI,10301,5,30,32,NYC_COVID_REAL
2023-08-19,Bronx Medical Center,BX,10451,17,44,101,NYC_COVID_REAL
2023-08-19,Brooklyn Health Center,BK,11201,14,37,121,NYC_COVID_REAL
2023-08-19,Manhattan Hospital,MN,10001,14,30,81,NYC_COVID_REAL
2023-08-19,Queens Medical Center,QN,11101,8,33,168,NYC_COVID_REAL
2023-08-19,Staten Island Hospital,SI,10301,3,29,27,NYC_COVID_REAL
2023-08-20,Bronx Medical Center,BX,10451,11,28,75,NYC_COVID_REAL
2023-08-20,Brooklyn Health Center,BK,11201,16,34,143,NYC_COVID_REAL
2023-08-20,Manhattan Hospital,MN,10001,12,32,68,NYC_COVID_REAL
2023-08-20,Queens Medical Center,QN,11101,17,38,134,NYC_COVID_REAL
2023-08-20,Staten Island Hospital,SI,10301,7,34,45,NYC_COVID_REAL
2023-08-21,Bronx Medical Center,BX,10451,17,33,157,NYC_COVID_REAL
2023-08-21,Brooklyn Health Center,BK,11201,16,45,284,NYC_COVID_REAL
2023-08-21,Manhattan Hospital,MN,10001,8,35,163,NYC_COVID_REAL
2023-08-21,Queens Medical Center,QN,11101,19,32,275,NYC_COVID_REAL
2023-08-21,Staten Island Hospital,SI,10301,2,14,69,NYC_COVID_REAL
2023-08-22,Bronx Medical Center,BX,10451,10,28,154,NYC_COVID_REAL
2023-08-22,Brooklyn Health Center,BK,11201,15,38,224,NYC_COVID_REAL
2023-08-22,Manhattan Hospital,MN,10001,18,45,162,NYC_COVID_REAL
2023-08-22,Queens Medical Center,QN,11101,13,36,260,NYC_COVID_REAL
2023-08-22,Staten Island Hospital,SI,10301,3,32,54,NYC_COVID_REAL
2023-08-23,Bronx Medical Center,BX,10451,25,44,148,NYC_COVID_REAL
2023-08-23,Brooklyn Health Center,BK,11201,24,42,236,NYC_COVID_REAL
2023-08-23,Manhattan Hospital,MN,10001,12,32,169,NYC_COVID_REAL
2023-08-23,Queens Medical Center,QN,11101,20,34,253,NYC_COVID_REAL
2023-08-23,Staten Island Hospital,SI,10301,6,16,50,NYC_COVID_REAL
2023-08-24,Bronx Medical Center,BX,10451,13,32,162,NYC_COVID_REAL
2023-08-24,Brooklyn Health Center,BK,11201,18,42,225,NYC_COVID_REAL
2023-08-24,Manhattan Hospital,MN,10001,9,37,133,NYC_COVID_REAL
2023-08-24,Queens Medical Center,QN,11101,16,40,253,NYC_COVID_REAL
2023-08-24,Staten Island Hospital,SI,10301,2,21,40,NYC_COVID_REAL
2023-08-25,Bronx Medical Center,BX,10451,11,35,125,NYC_COVID_REAL
2023-08-25,Brooklyn Health Center,BK,11201,23,52,209,NYC_COVID_REAL
2023-08-25,Manhattan Hospital,MN,10001,13,40,138,NYC_COVID_REAL
2023-08-25,Queens Medical Center,QN,11101,20,48,216,NYC_COVID_REAL
2023-08-25,Staten Island Hospital,SI,10301,2,13,27,NYC_COVID_REAL
2023-08-26,Bronx Medical Center,BX,10451,19,34,113,NYC_COVID_REAL
2023-08-26,Brooklyn Health Center,BK,11201,15,36,153,NYC_COVID_REAL
2023-08-26,Manhattan Hospital,MN,10001,7,32,73,NYC_COVID_REAL
2023-08-26,Queens Medical Center,QN,11101,11,31,154,NYC_COVID_REAL
2023-08-26,Staten Island Hospital,SI,10301,2,23,24,NYC_COVID_REAL
2023-08-27,Bronx Medical Center,BX,10451,20,47,111,NYC_COVID_REAL
2023-08-27,Brooklyn Health Center,BK,11201,14,40,194,NYC_COVID_REAL
2023-08-27,Manhattan Hospital,MN,10001,8,37,91,NYC_COVID_REAL
2023-08-27,Queens Medical Center,QN,11101,12,38,186,NYC_COVID_REAL
2023-08-27,Staten Island Hospital,SI,10301,4,22,38,NYC_COVID_REAL
2023-08-28,Bronx Medical Center,BX,10451,22,46,198,NYC_COVID_REAL
2023-08-28,Brooklyn Health Center,BK,11201,14,39,242,NYC_COVID_REAL
2023-08-28,Manhattan Hospital,MN,10001,16,32,206,NYC_COVID_REAL
2023-08-28,Queens Medical Center,QN,11101,13,41,275,NYC_COVID_REAL
2023-08-28,Staten Island Hospital,SI,10301,6,23,59,NYC_COVID_REAL
2023-08-29,Bronx Medical Center,BX,10451,25,45,194,NYC_COVID_REAL
2023-08-29,Brooklyn Health Center,BK,11201,18,37,278,NYC_COVID_REAL
2023-08-29,Manhattan Hospital,MN,10001,15,32,168,NYC_COVID_REAL
2023-08-29,Queens Medical Center,QN,11101,14,26,255,NYC_COVID_REAL
2023-08-29,Staten Island Hospital,SI,10301,2,15,32,NYC_COVID_REAL
2023-08-30,Bronx Medical Center,BX,10451,22,48,162,NYC_COVID_REAL
2023-08-30,Brooklyn Health Center,BK,11201,20,43,265,NYC_COVID_REAL
2023-08-30,Manhattan Hospital,MN,10001,15,41,164,NYC_COVID_REAL
2023-08-30,Queens Medical Center,QN,11101,27,51,262,NYC_COVID_REAL
2023-08-30,Staten Island Hospital,SI,10301,2,12,48,NYC_COVID_REAL
2023-08-31,Bronx Medical Center,BX,10451,13,34,151,NYC_COVID_REAL
2023-08-31,Brooklyn Health Center,BK,11201,21,35,226,NYC_COVID_REAL
2023-08-31,Manhattan Hospital,MN,10001,8,30,153,NYC_COVID_REAL
2023-08-31,Queens Medical Center,QN,11101,16,29,242,NYC_COVID_REAL
2023-08-31,Staten Island Hospital,SI,10301,1,14,33,NYC_COVID_REAL
2023-09-01,Bronx Medical Center,BX,10451,19,35,141,NYC_COVID_REAL
2023-09-01,Brooklyn Health Center,BK,11201,19,29,204,NYC_COVID_REAL
2023-09-01,Manhattan Hospital,MN,10001,11,38,126,NYC_COVID_REAL
2023-09-01,Queens Medical Center,QN,11101,17,40,229,NYC_COVID_REAL
2023-09-01,Staten Island Hospital,SI,10301,4,30,39,NYC_COVID_REAL
2023-09-02,Bronx Medical Center,BX,10451,16,27,100,NYC_COVID_REAL
2023-09-02,Brooklyn Health Center,BK,11201,20,39,154,NYC_COVID_REAL
2023-09-02,Manhattan Hospital,MN,10001,15,33,83,NYC_COVID_REAL
2023-09-02,Queens Medical Center,QN,11101,21,36,193,NYC_COVID_REAL
2023-09-02,Staten Island Hospital,SI,10301,3,16,17,NYC_COVID_REAL
2023-09-03,Bronx Medical Center,BX,10451,17,28,101,NYC_COVID_REAL
2023-09-03,Brooklyn Health Center,BK,11201,15,38,186,NYC_COVID_REAL
2023-09-03,Manhattan Hospital,MN,10001,12,26,103,NYC_COVID_REAL
2023-09-03,Queens Medical Center,QN,11101,16,32,210,NYC_COVID_REAL
2023-09-03,Staten Island Hospital,SI,10301,1,21,34,NYC_COVID_REAL
2023-09-04,Bronx Medical Center,BX,10451,20,32,133,NYC_COVID_REAL
2023-09-04,Brooklyn Health Center,BK,11201,18,43,175,NYC_COVID_REAL
2023-09-04,Manhattan Hospital,MN,10001,10,36,79,NYC_COVID_REAL
2023-09-04,Queens Medical Center,QN,11101,24,53,246,NYC_COVID_REAL
2023-09-04,Staten Island Hospital,SI,10301,5,21,40,NYC_COVID_REAL
2023-09-05,Bronx Medical Center,BX,10451,32,57,239,NYC_COVID_REAL
2023-09-05,Brooklyn Health Center,BK,11201,26,39,324,NYC_COVID_REAL
2023-09-05,Manhattan Hospital,MN,10001,15,37,203,NYC_COVID_REAL
2023-09-05,Queens Medical Center,QN,11101,21,32,411,NYC_COVID_REAL
2023-09-05,Staten Island Hospital,SI,10301,6,17,58,NYC_COVID_REAL
2023-09-06,Bronx Medical Center,BX,10451,18,33,216,NYC_COVID_REAL
2023-09-06,Brooklyn Health Center,BK,11201,19,47,306,NYC_COVID_REAL
2023-09-06,Manhattan Hospital,MN,10001,21,33,188,NYC_COVID_REAL
2023-09-06,Queens Medical Center,QN,11101,25,51,300,NYC_COVID_REAL
2023-09-06,Staten Island Hospital,SI,10301,2,19,54,NYC_COVID_REAL
2023-09-07,Bronx Medical Center,BX,10451,20,37,156,NYC_COVID_REAL
2023-09-07,Brooklyn Health Center,BK,11201,25,54,273,NYC_COVID_REAL
2023-09-07,Manhattan Hospital,MN,10001,21,35,169,NYC_COVID_REAL
2023-09-07,Queens Medical Center,QN,11101,19,47,297,NYC_COVID_REAL
2023-09-07,Staten Island Hospital,SI,10301,5,33,57,NYC_COVID_REAL
2023-09-08,Bronx Medical Center,BX,10451,20,38,178,NYC_COVID_REAL
2023-09-08,Brooklyn Health Center,BK,11201,33,54,269,NYC_COVID_REAL
2023-09-08,Manhattan Hospital,MN,10001,14,43,161,NYC_COVID_REAL
2023-09-08,Queens Medical Center,QN,11101,19,48,247,NYC_COVID_REAL
2023-09-08,Staten Island Hospital,SI,10301,1,24,37,NYC_COVID_REAL
2023-09-09,Bronx Medical Center,BX,10451,24,42,122,NYC_COVID_REAL
2023-09-09,Brooklyn Health Center,BK,11201,24,45,169,NYC_COVID_REAL
2023-09-09,Manhattan Hospital,MN,10001,10,21,95,NYC_COVID_REAL
2023-09-09,Queens Medical Center,QN,11101,14,41,185,NYC_COVID_REAL
2023-09-09,Staten Island Hospital,SI,10301,2,29,34,NYC_COVID_REAL
2023-09-10,Bronx Medical Center,BX,10451,21,46,89,NYC_COVID_REAL
2023-09-10,Brooklyn Health Center,BK,11201,17,40,205,NYC_COVID_REAL
2023-09-10,Manhattan Hospital,MN,10001,14,28,88,NYC_COVID_REAL
2023-09-10,Queens Medical Center,QN,11101,19,29,202,NYC_COVID_REAL
2023-09-10,Staten Island Hospital,SI,10301,3,24,43,NYC_COVID_REAL
2023-09-11,Bronx Medical Center,BX,10451,18,39,165,NYC_COVID_REAL
2023-09-11,Brooklyn Health Center,BK,11201,29,43,341,NYC_COVID_REAL
2023-09-11,Manhattan Hospital,MN,10001,9,20,164,NYC_COVID_REAL
2023-09-11,Queens Medical Center,QN,11101,20,44,310,NYC_COVID_REAL
2023-09-11,Staten Island Hospital,SI,10301,6,26,62,NYC_COVID_REAL
2023-09-12,Bronx Medical Center,BX,10451,20,47,182,NYC_COVID_REAL
2023-09-12,Brooklyn Health Center,BK,11201,22,48,311,NYC_COVID_REAL
2023-09-12,Manhattan Hospital,MN,10001,15,29,196,NYC_COVID_REAL
2023-09-12,Queens Medical Center,QN,11101,12,22,314,NYC_COVID_REAL
2023-09-12,Staten Island Hospital,SI,10301,2,13,42,NYC_COVID_REAL
2023-09-13,Bronx Medical Center,BX,10451,11,38,173,NYC_COVID_REAL
2023-09-13,Brooklyn Health Center,BK,11201,16,41,311,NYC_COVID_REAL
2023-09-13,Manhattan Hospital,MN,10001,20,30,171,NYC_COVID_REAL
2023-09-13,Queens Medical Center,QN,11101,23,42,301,NYC_COVID_REAL
2023-09-13,Staten Island Hospital,SI,10301,1,12,64,NYC_COVID_REAL
2023-09-14,Bronx Medical Center,BX,10451,19,43,156,NYC_COVID_REAL
2023-09-14,Brooklyn Health Center,BK,11201,22,36,311,NYC_COVID_REAL
2023-09-14,Manhattan Hospital,MN,10001,12,39,179,NYC_COVID_REAL
2023-09-14,Queens Medical Center,QN,11101,19,37,280,NYC_COVID_REAL
2023-09-14,Staten Island Hospital,SI,10301,8,36,45,NYC_COVID_REAL
2023-09-15,Bronx Medical Center,BX,10451,12,28,158,NYC_COVID_REAL
2023-09-15,Brooklyn Health Center,BK,11201,15,27,250,NYC_COVID_REAL
2023-09-15,Manhattan Hospital,MN,10001,10,31,143,NYC_COVID_REAL
2023-09-15,Queens Medical Center,QN,11101,21,36,276,NYC_COVID_REAL
2023-09-15,Staten Island Hospital,SI,10301,2,15,38,NYC_COVID_REAL
2023-09-16,Bronx Medical Center,BX,10451,12,29,100,NYC_COVID_REAL
2023-09-16,Brooklyn Health Center,BK,11201,25,44,187,NYC_COVID_REAL
2023-09-16,Manhattan Hospital,MN,10001,13,36,100,NYC_COVID_REAL
2023-09-16,Queens Medical Center,QN,11101,22,51,245,NYC_COVID_REAL
2023-09-16,Staten Island Hospital,SI,10301,3,16,39,NYC_COVID_REAL
2023-09-17,Bronx Medical Center,BX,10451,17,41,94,NYC_COVID_REAL
2023-09-17,Brooklyn Health Center,BK,11201,17,39,194,NYC_COVID_REAL
2023-09-17,Manhattan Hospital,MN,10001,9,37,112,NYC_COVID_REAL
2023-09-17,Queens Medical Center,QN,11101,25,36,192,NYC_COVID_REAL
2023-09-17,Staten Island Hospital,SI,10301,4,26,53,NYC_COVID_REAL
2023-09-18,Bronx Medical Center,BX,10451,19,46,231,NYC_COVID_REAL
2023-09-18,Brooklyn Health Center,BK,11201,21,48,407,NYC_COVID_REAL
2023-09-18,Manhattan Hospital,MN,10001,17,40,228,NYC_COVID_REAL
2023-09-18,Queens Medical Center,QN,11101,21,38,338,NYC_COVID_REAL
2023-09-18,Staten Island Hospital,SI,10301,6,25,73,NYC_COVID_REAL
2023-09-19,Bronx Medical Center,BX,10451,17,36,214,NYC_COVID_REAL
2023-09-19,Brooklyn Health Center,BK,11201,21,31,362,NYC_COVID_REAL
2023-09-19,Manhattan Hospital,MN,10001,16,28,215,NYC_COVID_REAL
2023-09-19,Queens Medical Center,QN,11101,21,36,336,NYC_COVID_REAL
2023-09-19,Staten Island Hospital,SI,10301,5,22,69,NYC_COVID_REAL
2023-09-20,Bronx Medical Center,BX,10451,28,42,195,NYC_COVID_REAL
2023-09-20,Brooklyn Health Center,BK,11201,26,36,384,NYC_COVID_REAL
2023-09-20,Manhattan Hospital,MN,10001,17,31,176,NYC_COVID_REAL
2023-09-20,Queens Medical Center,QN,11101,22,49,323,NYC_COVID_REAL
2023-09-20,Staten Island Hospital,SI,10301,4,20,76,NYC_COVID_REAL
2023-09-21,Bronx Medical Center,BX,10451,14,40,172,NYC_COVID_REAL
2023-09-21,Brooklyn Health Center,BK,11201,24,34,343,NYC_COVID_REAL
2023-09-21,Manhattan Hospital,MN,10001,18,47,181,NYC_COVID_REAL
2023-09-21,Queens Medical Center,QN,11101,19,30,297,NYC_COVID_REAL
2023-09-21,Staten Island Hospital,SI,10301,7,18,63,NYC_COVID_REAL
2023-09-22,Bronx Medical Center,BX,10451,19,41,161,NYC_COVID_REAL
2023-09-22,Brooklyn Health Center,BK,11201,22,48,273,NYC_COVID_REAL
2023-09-22,Manhattan Hospital,MN,10001,17,29,155,NYC_COVID_REAL
2023-09-22,Queens Medical Center,QN,11101,14,33,266,NYC_COVID_REAL
2023-09-22,Staten Island Hospital,SI,10301,3,13,61,NYC_COVID_REAL
2023-09-23,Bronx Medical Center,BX,10451,18,45,82,NYC_COVID_REAL
2023-09-23,Brooklyn Health Center,BK,11201,25,49,190,NYC_COVID_REAL
2023-09-23,Manhattan Hospital,MN,10001,10,34,85,NYC_COVID_REAL
2023-09-23,Queens Medical Center,QN,11101,14,42,173,NYC_COVID_REAL
2023-09-23,Staten Island Hospital,SI,10301,5,15,32,NYC_COVID_REAL
2023-09-24,Bronx Medical Center,BX,10451,17,27,89,NYC_COVID_REAL
2023-09-24,Brooklyn Health Center,BK,11201,20,47,217,NYC_COVID_REAL
2023-09-24,Manhattan Hospital,MN,10001,11,31,105,NYC_COVID_REAL
2023-09-24,Queens Medical Center,QN,11101,21,34,190,NYC_COVID_REAL
2023-09-24,Staten Island Hospital,SI,10301,3,18,39,NYC_COVID_REAL
2023-09-25,Bronx Medical Center,BX,10451,30,52,192,NYC_COVID_REAL
2023-09-25,Brooklyn Health Center,BK,11201,25,41,324,NYC_COVID_REAL
2023-09-25,Manhattan Hospital,MN,10001,16,32,176,NYC_COVID_REAL
2023-09-25,Queens Medical Center,QN,11101,20,45,314,NYC_COVID_REAL
2023-09-25,Staten Island Hospital,SI,10301,3,13,60,NYC_COVID_REAL
2023-09-26,Bronx Medical Center,BX,10451,22,38,175,NYC_COVID_REAL
2023-09-26,Brooklyn Health Center,BK,11201,28,56,367,NYC_COVID_REAL
2023-09-26,Manhattan Hospital,MN,10001,14,33,179,NYC_COVID_REAL
2023-09-26,Queens Medical Center,QN,11101,16,27,321,NYC_COVID_REAL
2023-09-26,Staten Island Hospital,SI,10301,4,17,58,NYC_COVID_REAL
2023-09-27,Bronx Medical Center,BX,10451,12,32,158,NYC_COVID_REAL
2023-09-27,Brooklyn Health Center,BK,11201,24,39,341,NYC_COVID_REAL
2023-09-27,Manhattan Hospital,MN,10001,14,40,158,NYC_COVID_REAL
2023-09-27,Queens Medical Center,QN,11101,18,47,287,NYC_COVID_REAL
2023-09-27,Staten Island Hospital,SI,10301,4,17,51,NYC_COVID_REAL
2023-09-28,Bronx Medical Center,BX,10451,14,32,130,NYC_COVID_REAL
2023-09-28,Brooklyn Health Center,BK,11201,34,53,303,NYC_COVID_REAL
2023-09-28,Manhattan Hospital,MN,10001,10,36,145,NYC_COVID_REAL
2023-09-28,Queens Medical Center,QN,11101,13,27,254,NYC_COVID_REAL
2023-09-28,Staten Island Hospital,SI,10301,4,33,56,NYC_COVID_REAL
2023-09-29,Bronx Medical Center,BX,10451,23,43,95,NYC_COVID_REAL
2023-09-29,Brooklyn Health Center,BK,11201,22,45,162,NYC_COVID_REAL
2023-09-29,Manhattan Hospital,MN,10001,13,42,108,NYC_COVID_REAL
2023-09-29,Queens Medical Center,QN,11101,12,35,145,NYC_COVID_REAL
2023-09-29,Staten Island Hospital,SI,10301,5,24,37,NYC_COVID_REAL
2023-09-30,Bronx Medical Center,BX,10451,14,43,84,NYC_COVID_REAL
2023-09-30,Brooklyn Health Center,BK,11201,14,38,130,NYC_COVID_REAL
2023-09-30,Manhattan Hospital,MN,10001,18,32,91,NYC_COVID_REAL
2023-09-30,Queens Medical Center,QN,11101,18,46,124,NYC_COVID_REAL
2023-09-30,Staten Island Hospital,SI,10301,7,26,33,NYC_COVID_REAL
2023-10-01,Bronx Medical Center,BX,10451,14,32,88,NYC_COVID_REAL
2023-10-01,Brooklyn Health Center,BK,11201,18,35,144,NYC_COVID_REAL
2023-10-01,Manhattan Hospital,MN,10001,13,31,102,NYC_COVID_REAL
2023-10-01,Queens Medical Center,QN,11101,17,35,122,NYC_COVID_REAL
2023-10-01,Staten Island Hospital,SI,10301,3,21,38,NYC_COVID_REAL
2023-10-02,Bronx Medical Center,BX,10451,14,37,162,NYC_COVID_REAL
2023-10-02,Brooklyn Health Center,BK,11201,25,49,309,NYC_COVID_REAL
2023-10-02,Manhattan Hospital,MN,10001,17,41,170,NYC_COVID_REAL
2023-10-02,Queens Medical Center,QN,11101,26,48,260,NYC_COVID_REAL
2023-10-02,Staten Island Hospital,SI,10301,4,16,56,NYC_COVID_REAL
2023-10-03,Bronx Medical Center,BX,10451,24,50,146,NYC_COVID_REAL
2023-10-03,Brooklyn Health Center,BK,11201,23,34,236,NYC_COVID_REAL
2023-10-03,Manhattan Hospital,MN,10001,17,38,159,NYC_COVID_REAL
2023-10-03,Queens Medical Center,QN,11101,14,41,230,NYC_COVID_REAL
2023-10-03,Staten Island Hospital,SI,10301,3,21,59,NYC_COVID_REAL
2023-10-04,Bronx Medical Center,BX,10451,14,43,137,NYC_COVID_REAL
2023-10-04,Brooklyn Health Center,BK,11201,19,39,229,NYC_COVID_REAL
2023-10-04,Manhattan Hospital,MN,10001,11,32,156,NYC_COVID_REAL
2023-10-04,Queens Medical Center,QN,11101,12,30,205,NYC_COVID_REAL
2023-10-04,Staten Island Hospital,SI,10301,7,24,49,NYC_COVID_REAL
2023-10-05,Bronx Medical Center,BX,10451,14,29,134,NYC_COVID_REAL
2023-10-05,Brooklyn Health Center,BK,11201,13,41,199,NYC_COVID_REAL
2023-10-05,Manhattan Hospital,MN,10001,11,21,113,NYC_COVID_REAL
2023-10-05,Queens Medical Center,QN,11101,14,33,198,NYC_COVID_REAL
2023-10-05,Staten Island Hospital,SI,10301,7,20,41,NYC_COVID_REAL
2023-10-06,Bronx Medical Center,BX,10451,13,24,112,NYC_COVID_REAL
2023-10-06,Brooklyn Health Center,BK,11201,13,25,132,NYC_COVID_REAL
2023-10-06,Manhattan Hospital,MN,10001,14,34,122,NYC_COVID_REAL
2023-10-06,Queens Medical Center,QN,11101,6,26,126,NYC_COVID_REAL
2023-10-06,Staten Island Hospital,SI,10301,8,26,37,NYC_COVID_REAL
2023-10-07,Bronx Medical Center,BX,10451,11,32,53,NYC_COVID_REAL
2023-10-07,Brooklyn Health Center,BK,11201,9,19,112,NYC_COVID_REAL
2023-10-07,Manhattan Hospital,MN,10001,12,41,61,NYC_COVID_REAL
2023-10-07,Queens Medical Center,QN,11101,13,35,106,NYC_COVID_REAL
2023-10-07,Staten Island Hospital,SI,10301,4,16,25,NYC_COVID_REAL
2023-10-08,Bronx Medical Center,BX,10451,11,22,56,NYC_COVID_REAL
2023-10-08,Brooklyn Health Center,BK,11201,14,36,105,NYC_COVID_REAL
2023-10-08,Manhattan Hospital,MN,10001,6,18,73,NYC_COVID_REAL
2023-10-08,Queens Medical Center,QN,11101,16,38,96,NYC_COVID_REAL
2023-10-08,Staten Island Hospital,SI,10301,2,15,26,NYC_COVID_REAL
2023-10-09,Bronx Medical Center,BX,10451,18,47,102,NYC_COVID_REAL
2023-10-09,Brooklyn Health Center,BK,11201,18,38,184,NYC_COVID_REAL
2023-10-09,Manhattan Hospital,MN,10001,6,26,106,NYC_COVID_REAL
2023-10-09,Queens Medical Center,QN,11101,18,45,181,NYC_COVID_REAL
2023-10-09,Staten Island Hospital,SI,10301,3,14,52,NYC_COVID_REAL
2023-10-10,Bronx Medical Center,BX,10451,11,38,100,NYC_COVID_REAL
2023-10-10,Brooklyn Health Center,BK,11201,11,26,178,NYC_COVID_REAL
2023-10-10,Manhattan Hospital,MN,10001,10,31,116,NYC_COVID_REAL
2023-10-10,Queens Medical Center,QN,11101,11,23,163,NYC_COVID_REAL
2023-10-10,Staten Island Hospital,SI,10301,2,19,41,NYC_COVID_REAL
2023-10-11,Bronx Medical Center,BX,10451,14,25,93,NYC_COVID_REAL
2023-10-11,Brooklyn Health Center,BK,11201,16,45,150,NYC_COVID_REAL
2023-10-11,Manhattan Hospital,MN,10001,12,30,107,NYC_COVID_REAL
2023-10-11,Queens Medical Center,QN,11101,9,29,155,NYC_COVID_REAL
2023-10-11,Staten Island Hospital,SI,10301,6,29,37,NYC_COVID_REAL
2023-10-12,Bronx Medical Center,BX,10451,14,40,80,NYC_COVID_REAL
2023-10-12,Brooklyn Health Center,BK,11201,12,29,175,NYC_COVID_REAL
2023-10-12,Manhattan Hospital,MN,10001,11,24,113,NYC_COVID_REAL
2023-10-12,Queens Medical Center,QN,11101,14,27,161,NYC_COVID_REAL
2023-10-12,Staten Island Hospital,SI,10301,3,14,42,NYC_COVID_REAL
2023-10-13,Bronx Medical Center,BX,10451,10,21,88,NYC_COVID_REAL
2023-10-13,Brooklyn Health Center,BK,11201,18,31,118,NYC_COVID_REAL
2023-10-13,Manhattan Hospital,MN,10001,11,28,87,NYC_COVID_REAL
2023-10-13,Queens Medical Center,QN,11101,10,38,117,NYC_COVID_REAL
2023-10-13,Staten Island Hospital,SI,10301,3,21,32,NYC_COVID_REAL
2023-10-14,Bronx Medical Center,BX,10451,11,32,39,NYC_COVID_REAL
2023-10-14,Brooklyn Health Center,BK,11201,14,34,72,NYC_COVID_REAL
2023-10-14,Manhattan Hospital,MN,10001,8,22,44,NYC_COVID_REAL
2023-10-14,Queens Medical Center,QN,11101,11,27,84,NYC_COVID_REAL
2023-10-14,Staten Island Hospital,SI,10301,4,23,17,NYC_COVID_REAL
2023-10-15,Bronx Medical Center,BX,10451,7,21,51,NYC_COVID_REAL
2023-10-15,Brooklyn Health Center,BK,11201,15,33,113,NYC_COVID_REAL
2023-10-15,Manhattan Hospital,MN,10001,14,33,50,NYC_COVID_REAL
2023-10-15,Queens Medical Center,QN,11101,14,42,97,NYC_COVID_REAL
2023-10-15,Staten Island Hospital,SI,10301,3,20,22,NYC_COVID_REAL
2023-10-16,Bronx Medical Center,BX,10451,18,43,91,NYC_COVID_REAL
2023-10-16,Brooklyn Health Center,BK,11201,13,33,177,NYC_COVID_REAL
2023-10-16,Manhattan Hospital,MN,10001,6,18,113,NYC_COVID_REAL
2023-10-16,Queens Medical Center,QN,11101,13,37,163,NYC_COVID_REAL
2023-10-16,Staten Island Hospital,SI,10301,3,20,46,NYC_COVID_REAL
2023-10-17,Bronx Medical Center,BX,10451,11,39,71,NYC_COVID_REAL
2023-10-17,Brooklyn Health Center,BK,11201,15,35,143,NYC_COVID_REAL
2023-10-17,Manhattan Hospital,MN,10001,7,20,108,NYC_COVID_REAL
2023-10-17,Queens Medical Center,QN,11101,10,38,145,NYC_COVID_REAL
2023-10-17,Staten Island Hospital,SI,10301,1,17,36,NYC_COVID_REAL
2023-10-18,Bronx Medical Center,BX,10451,18,31,94,NYC_COVID_REAL
2023-10-18,Brooklyn Health Center,BK,11201,18,36,148,NYC_COVID_REAL
2023-10-18,Manhattan Hospital,MN,10001,11,30,97,NYC_COVID_REAL
2023-10-18,Queens Medical Center,QN,11101,13,40,138,NYC_COVID_REAL
2023-10-18,Staten Island Hospital,SI,10301,4,18,27,NYC_COVID_REAL
2023-10-19,Bronx Medical Center,BX,10451,13,30,75,NYC_COVID_REAL
2023-10-19,Brooklyn Health Center,BK,11201,22,44,154,NYC_COVID_REAL
2023-10-19,Manhattan Hospital,MN,10001,8,29,91,NYC_COVID_REAL
2023-10-19,Queens Medical Center,QN,11101,13,28,122,NYC_COVID_REAL
2023-10-19,Staten Island Hospital,SI,10301,3,23,37,NYC_COVID_REAL
2023-10-20,Bronx Medical Center,BX,10451,15,41,91,NYC_COVID_REAL
2023-10-20,Brooklyn Health Center,BK,11201,19,46,114,NYC_COVID_REAL
2023-10-20,Manhattan Hospital,MN,10001,14,28,83,NYC_COVID_REAL
2023-10-20,Queens Medical Center,QN,11101,11,38,110,NYC_COVID_REAL
2023-10-20,Staten Island Hospital,SI,10301,7,24,29,NYC_COVID_REAL
2023-10-21,Bronx Medical Center,BX,10451,5,25,39,NYC_COVID_REAL
2023-10-21,Brooklyn Health Center,BK,11201,18,30,92,NYC_COVID_REAL
2023-10-21,Manhattan Hospital,MN,10001,9,29,49,NYC_COVID_REAL
2023-10-21,Queens Medical Center,QN,11101,13,31,91,NYC_COVID_REAL
2023-10-21,Staten Island Hospital,SI,10301,2,12,20,NYC_COVID_REAL
2023-10-22,Bronx Medical Center,BX,10451,19,34,55,NYC_COVID_REAL
2023-10-22,Brooklyn Health Center,BK,11201,9,26,89,NYC_COVID_REAL
2023-10-22,Manhattan Hospital,MN,10001,4,32,38,NYC_COVID_REAL
2023-10-22,Queens Medical Center,QN,11101,8,29,58,NYC_COVID_REAL
2023-10-22,Staten Island Hospital,SI,10301,1,19,17,NYC_COVID_REAL
2023-10-23,Bronx Medical Center,BX,10451,13,32,100,NYC_COVID_REAL
2023-10-23,Brooklyn Health Center,BK,11201,10,28,179,NYC_COVID_REAL
2023-10-23,Manhattan Hospital,MN,10001,13,38,91,NYC_COVID_REAL
2023-10-23,Queens Medical Center,QN,11101,8,22,134,NYC_COVID_REAL
2023-10-23,Staten Island Hospital,SI,10301,3,14,28,NYC_COVID_REAL
2023-10-24,Bronx Medical Center,BX,10451,14,35,71,NYC_COVID_REAL
2023-10-24,Brooklyn Health Center,BK,11201,16,36,125,NYC_COVID_REAL
2023-10-24,Manhattan Hospital,MN,10001,17,43,93,NYC_COVID_REAL
2023-10-24,Queens Medical Center,QN,11101,11,34,145,NYC_COVID_REAL
2023-10-24,Staten Island Hospital,SI,10301,1,13,22,NYC_COVID_REAL
2023-10-25,Bronx Medical Center,BX,10451,14,39,76,NYC_COVID_REAL
2023-10-25,Brooklyn Health Center,BK,11201,16,27,144,NYC_COVID_REAL
2023-10-25,Manhattan Hospital,MN,10001,13,37,93,NYC_COVID_REAL
2023-10-25,Queens Medical Center,QN,11101,9,34,107,NYC_COVID_REAL
2023-10-25,Staten Island Hospital,SI,10301,1,18,22,NYC_COVID_REAL
2023-10-26,Bronx Medical Center,BX,10451,8,33,62,NYC_COVID_REAL
2023-10-26,Brooklyn Health Center,BK,11201,15,32,117,NYC_COVID_REAL
2023-10-26,Manhattan Hospital,MN,10001,11,25,52,NYC_COVID_REAL
2023-10-26,Queens Medical Center,QN,11101,18,40,116,NYC_COVID_REAL
2023-10-26,Staten Island Hospital,SI,10301,3,14,29,NYC_COVID_REAL
2023-10-27,Bronx Medical Center,BX,10451,9,24,61,NYC_COVID_REAL
2023-10-27,Brooklyn Health Center,BK,11201,14,34,84,NYC_COVID_REAL
2023-10-27,Manhattan Hospital,MN,10001,9,36,71,NYC_COVID_REAL
2023-10-27,Queens Medical Center,QN,11101,11,26,88,NYC_COVID_REAL
2023-10-27,Staten Island Hospital,SI,10301,2,16,24,NYC_COVID_REAL
2023-10-28,Bronx Medical Center,BX,10451,11,34,47,NYC_COVID_REAL
2023-10-28,Brooklyn Health Center,BK,11201,20,48,74,NYC_COVID_REAL
2023-10-28,Manhattan Hospital,MN,10001,5,32,34,NYC_COVID_REAL
2023-10-28,Queens Medical Center,QN,11101,14,40,78,NYC_COVID_REAL
2023-10-28,Staten Island Hospital,SI,10301,1,14,22,NYC_COVID_REAL
2023-10-29,Bronx Medical Center,BX,10451,9,36,38,NYC_COVID_REAL
2023-10-29,Brooklyn Health Center,BK,11201,13,39,77,NYC_COVID_REAL
2023-10-29,Manhattan Hospital,MN,10001,3,19,35,NYC_COVID_REAL
2023-10-29,Queens Medical Center,QN,11101,5,21,48,NYC_COVID_REAL
2023-10-29,Staten Island Hospital,SI,10301,4,27,20,NYC_COVID_REAL
2023-10-30,Bronx Medical Center,BX,10451,12,31,64,NYC_COVID_REAL
2023-10-30,Brooklyn Health Center,BK,11201,9,35,118,NYC_COVID_REAL
2023-10-30,Manhattan Hospital,MN,10001,8,21,64,NYC_COVID_REAL
2023-10-30,Queens Medical Center,QN,11101,8,19,117,NYC_COVID_REAL
2023-10-30,Staten Island Hospital,SI,10301,1,15,31,NYC_COVID_REAL
2023-10-31,Bronx Medical Center,BX,10451,14,27,62,NYC_COVID_REAL
2023-10-31,Brooklyn Health Center,BK,11201,12,29,99,NYC_COVID_REAL
2023-10-31,Manhattan Hospital,MN,10001,5,21,61,NYC_COVID_REAL
2023-10-31,Queens Medical Center,QN,11101,7,19,87,NYC_COVID_REAL
2023-10-31,Staten Island Hospital,SI,10301,3,25,26,NYC_COVID_REAL
2023-11-01,Bronx Medical Center,BX,10451,8,23,61,NYC_COVID_REAL
2023-11-01,Brooklyn Health Center,BK,11201,11,22,106,NYC_COVID_REAL
2023-11-01,Manhattan Hospital,MN,10001,4,24,51,NYC_COVID_REAL
2023-11-01,Queens Medical Center,QN,11101,7,29,83,NYC_COVID_REAL
2023-11-01,Staten Island Hospital,SI,10301,2,28,29,NYC_COVID_REAL
2023-11-02,Bronx Medical Center,BX,10451,5,34,57,NYC_COVID_REAL
2023-11-02,Brooklyn Health Center,BK,11201,7,21,114,NYC_COVID_REAL
2023-11-02,Manhattan Hospital,MN,10001,3,25,48,NYC_COVID_REAL
2023-11-02,Queens Medical Center,QN,11101,6,19,76,NYC_COVID_REAL
2023-11-02,Staten Island Hospital,SI,10301,1,12,20,NYC_COVID_REAL
2023-11-03,Bronx Medical Center,BX,10451,8,18,55,NYC_COVID_REAL
2023-11-03,Brooklyn Health Center,BK,11201,18,46,76,NYC_COVID_REAL
2023-11-03,Manhattan Hospital,MN,10001,7,33,49,NYC_COVID_REAL
2023-11-03,Queens Medical Center,QN,11101,9,21,90,NYC_COVID_REAL
2023-11-03,Staten Island Hospital,SI,10301,3,14,13,NYC_COVID_REAL
2023-11-04,Bronx Medical Center,BX,10451,12,23,40,NYC_COVID_REAL
2023-11-04,Brooklyn Health Center,BK,11201,7,33,60,NYC_COVID_REAL
2023-11-04,Manhattan Hospital,MN,10001,1,29,23,NYC_COVID_REAL
2023-11-04,Queens Medical Center,QN,11101,5,25,68,NYC_COVID_REAL
2023-11-04,Staten Island Hospital,SI,10301,1,17,10,NYC_COVID_REAL
2023-11-05,Bronx Medical Center,BX,10451,13,35,34,NYC_COVID_REAL
2023-11-05,Brooklyn Health Center,BK,11201,14,39,67,NYC_COVID_REAL
2023-11-05,Manhattan Hospital,MN,10001,1,17,28,NYC_COVID_REAL
2023-11-05,Queens Medical Center,QN,11101,7,28,62,NYC_COVID_REAL
2023-11-05,Staten Island Hospital,SI,10301,3,25,25,NYC_COVID_REAL
2023-11-06,Bronx Medical Center,BX,10451,8,34,72,NYC_COVID_REAL
2023-11-06,Brooklyn Health Center,BK,11201,7,20,113,NYC_COVID_REAL
2023-11-06,Manhattan Hospital,MN,10001,2,23,76,NYC_COVID_REAL
2023-11-06,Queens Medical Center,QN,11101,11,23,105,NYC_COVID_REAL
2023-11-06,Staten Island Hospital,SI,10301,6,25,37,NYC_COVID_REAL
2023-11-07,Bronx Medical Center,BX,10451,8,37,63,NYC_COVID_REAL
2023-11-07,Brooklyn Health Center,BK,11201,10,22,134,NYC_COVID_REAL
2023-11-07,Manhattan Hospital,MN,10001,8,21,62,NYC_COVID_REAL
2023-11-07,Queens Medical Center,QN,11101,20,37,96,NYC_COVID_REAL
2023-11-07,Staten Island Hospital,SI,10301,1,18,27,NYC_COVID_REAL
2023-11-08,Bronx Medical Center,BX,10451,9,19,64,NYC_COVID_REAL
2023-11-08,Brooklyn Health Center,BK,11201,13,37,113,NYC_COVID_REAL
2023-11-08,Manhattan Hospital,MN,10001,10,20,68,NYC_COVID_REAL
2023-11-08,Queens Medical Center,QN,11101,6,20,90,NYC_COVID_REAL
2023-11-08,Staten Island Hospital,SI,10301,9,27,30,NYC_COVID_REAL
2023-11-09,Bronx Medical Center,BX,10451,8,28,61,NYC_COVID_REAL
2023-11-09,Brooklyn Health Center,BK,11201,6,21,107,NYC_COVID_REAL
2023-11-09,Manhattan Hospital,MN,10001,7,22,74,NYC_COVID_REAL
2023-11-09,Queens Medical Center,QN,11101,9,27,112,NYC_COVID_REAL
2023-11-09,Staten Island Hospital,SI,10301,3,20,31,NYC_COVID_REAL
2023-11-10,Bronx Medical Center,BX,10451,13,37,64,NYC_COVID_REAL
2023-11-10,Brooklyn Health Center,BK,11201,4,16,102,NYC_COVID_REAL
2023-11-10,Manhattan Hospital,MN,10001,8,30,64,NYC_COVID_REAL
2023-11-10,Queens Medical Center,QN,11101,10,20,80,NYC_COVID_REAL
2023-11-10,Staten Island Hospital,SI,10301,8,27,26,NYC_COVID_REAL
2023-11-11,Bronx Medical Center,BX,10451,6,17,30,NYC_COVID_REAL
2023-11-11,Brooklyn Health Center,BK,11201,4,23,56,NYC_COVID_REAL
2023-11-11,Manhattan Hospital,MN,10001,4,27,25,NYC_COVID_REAL
2023-11-11,Queens Medical Center,QN,11101,7,28,68,NYC_COVID_REAL
2023-11-11,Staten Island Hospital,SI,10301,2,25,24,NYC_COVID_REAL
2023-11-12,Bronx Medical Center,BX,10451,5,29,38,NYC_COVID_REAL
2023-11-12,Brooklyn Health Center,BK,11201,9,34,76,NYC_COVID_REAL
2023-11-12,Manhattan Hospital,MN,10001,10,38,46,NYC_COVID_REAL
2023-11-12,Queens Medical Center,QN,11101,2,30,65,NYC_COVID_REAL
2023-11-12,Staten Island Hospital,SI,10301,4,23,30,NYC_COVID_REAL
2023-11-13,Bronx Medical Center,BX,10451,6,25,66,NYC_COVID_REAL
2023-11-13,Brooklyn Health Center,BK,11201,4,24,149,NYC_COVID_REAL
2023-11-13,Manhattan Hospital,MN,10001,11,21,76,NYC_COVID_REAL
2023-11-13,Queens Medical Center,QN,11101,10,29,110,NYC_COVID_REAL
2023-11-13,Staten Island Hospital,SI,10301,1,20,39,NYC_COVID_REAL
2023-11-14,Bronx Medical Center,BX,10451,8,21,65,NYC_COVID_REAL
2023-11-14,Brooklyn Health Center,BK,11201,11,39,118,NYC_COVID_REAL
2023-11-14,Manhattan Hospital,MN,10001,7,24,81,NYC_COVID_REAL
2023-11-14,Queens Medical Center,QN,11101,9,26,96,NYC_COVID_REAL
2023-11-14,Staten Island Hospital,SI,10301,2,16,45,NYC_COVID_REAL
2023-11-15,Bronx Medical Center,BX,10451,12,24,63,NYC_COVID_REAL
2023-11-15,Brooklyn Health Center,BK,11201,12,32,118,NYC_COVID_REAL
2023-11-15,Manhattan Hospital,MN,10001,8,27,63,NYC_COVID_REAL
2023-11-15,Queens Medical Center,QN,11101,10,20,135,NYC_COVID_REAL
2023-11-15,Staten Island Hospital,SI,10301,2,22,39,NYC_COVID_REAL
2023-11-16,Bronx Medical Center,BX,10451,12,22,72,NYC_COVID_REAL
2023-11-16,Brooklyn Health Center,BK,11201,15,25,142,NYC_COVID_REAL
2023-11-16,Manhattan Hospital,MN,10001,6,21,83,NYC_COVID_REAL
2023-11-16,Queens Medical Center,QN,11101,7,35,98,NYC_COVID_REAL
2023-11-16,Staten Island Hospital,SI,10301,7,29,33,NYC_COVID_REAL
2023-11-17,Bronx Medical Center,BX,10451,8,34,66,NYC_COVID_REAL
2023-11-17,Brooklyn Health Center,BK,11201,14,42,145,NYC_COVID_REAL
2023-11-17,Manhattan Hospital,MN,10001,11,22,70,NYC_COVID_REAL
2023-11-17,Queens Medical Center,QN,11101,10,35,121,NYC_COVID_REAL
2023-11-17,Staten Island Hospital,SI,10301,1,30,29,NYC_COVID_REAL
2023-11-18,Bronx Medical Center,BX,10451,6,25,50,NYC_COVID_REAL
2023-11-18,Brooklyn Health Center,BK,11201,13,41,79,NYC_COVID_REAL
2023-11-18,Manhattan Hospital,MN,10001,7,31,39,NYC_COVID_REAL
2023-11-18,Queens Medical Center,QN,11101,12,38,74,NYC_COVID_REAL
2023-11-18,Staten Island Hospital,SI,10301,7,19,35,NYC_COVID_REAL
2023-11-19,Bronx Medical Center,BX,10451,7,22,45,NYC_COVID_REAL
2023-11-19,Brooklyn Health Center,BK,11201,13,34,80,NYC_COVID_REAL
2023-11-19,Manhattan Hospital,MN,10001,9,37,43,NYC_COVID_REAL
2023-11-19,Queens Medical Center,QN,11101,10,27,99,NYC_COVID_REAL
2023-11-19,Staten Island Hospital,SI,10301,4,30,35,NYC_COVID_REAL
2023-11-20,Bronx Medical Center,BX,10451,8,20,92,NYC_COVID_REAL
2023-11-20,Brooklyn Health Center,BK,11201,16,26,190,NYC_COVID_REAL
2023-11-20,Manhattan Hospital,MN,10001,6,22,87,NYC_COVID_REAL
2023-11-20,Queens Medical Center,QN,11101,14,32,164,NYC_COVID_REAL
2023-11-20,Staten Island Hospital,SI,10301,6,18,49,NYC_COVID_REAL
2023-11-21,Bronx Medical Center,BX,10451,12,24,68,NYC_COVID_REAL
2023-11-21,Brooklyn Health Center,BK,11201,18,38,158,NYC_COVID_REAL
2023-11-21,Manhattan Hospital,MN,10001,9,37,78,NYC_COVID_REAL
2023-11-21,Queens Medical Center,QN,11101,9,36,137,NYC_COVID_REAL
2023-11-21,Staten Island Hospital,SI,10301,7,20,41,NYC_COVID_REAL
2023-11-22,Bronx Medical Center,BX,10451,11,22,84,NYC_COVID_REAL
2023-11-22,Brooklyn Health Center,BK,11201,9,37,137,NYC_COVID_REAL
2023-11-22,Manhattan Hospital,MN,10001,6,21,87,NYC_COVID_REAL
2023-11-22,Queens Medical Center,QN,11101,9,31,127,NYC_COVID_REAL
2023-11-22,Staten Island Hospital,SI,10301,2,20,28,NYC_COVID_REAL
2023-11-23,Bronx Medical Center,BX,10451,8,26,38,NYC_COVID_REAL
2023-11-23,Brooklyn Health Center,BK,11201,13,40,70,NYC_COVID_REAL
2023-11-23,Manhattan Hospital,MN,10001,6,30,35,NYC_COVID_REAL
2023-11-23,Queens Medical Center,QN,11101,10,21,53,NYC_COVID_REAL
2023-11-23,Staten Island Hospital,SI,10301,1,23,14,NYC_COVID_REAL
2023-11-24,Bronx Medical Center,BX,10451,10,30,73,NYC_COVID_REAL
2023-11-24,Brooklyn Health Center,BK,11201,25,52,140,NYC_COVID_REAL
2023-11-24,Manhattan Hospital,MN,10001,15,35,74,NYC_COVID_REAL
2023-11-24,Queens Medical Center,QN,11101,11,35,103,NYC_COVID_REAL
2023-11-24,Staten Island Hospital,SI,10301,1,23,32,NYC_COVID_REAL
2023-11-25,Bronx Medical Center,BX,10451,13,41,60,NYC_COVID_REAL
2023-11-25,Brooklyn Health Center,BK,11201,10,28,75,NYC_COVID_REAL
2023-11-25,Manhattan Hospital,MN,10001,10,23,51,NYC_COVID_REAL
2023-11-25,Queens Medical Center,QN,11101,15,40,108,NYC_COVID_REAL
2023-11-25,Staten Island Hospital,SI,10301,2,13,29,NYC_COVID_REAL
2023-11-26,Bronx Medical Center,BX,10451,10,25,66,NYC_COVID_REAL
2023-11-26,Brooklyn Health Center,BK,11201,14,38,102,NYC_COVID_REAL
2023-11-26,Manhattan Hospital,MN,10001,10,36,54,NYC_COVID_REAL
2023-11-26,Queens Medical Center,QN,11101,14,27,141,NYC_COVID_REAL
2023-11-26,Staten Island Hospital,SI,10301,6,28,52,NYC_COVID_REAL
2023-11-27,Bronx Medical Center,BX,10451,15,41,141,NYC_COVID_REAL
2023-11-27,Brooklyn Health Center,BK,11201,16,45,229,NYC_COVID_REAL
2023-11-27,Manhattan Hospital,MN,10001,16,31,146,NYC_COVID_REAL
2023-11-27,Queens Medical Center,QN,11101,16,38,217,NYC_COVID_REAL
2023-11-27,Staten Island Hospital,SI,10301,4,26,64,NYC_COVID_REAL
2023-11-28,Bronx Medical Center,BX,10451,15,35,129,NYC_COVID_REAL
2023-11-28,Brooklyn Health Center,BK,11201,19,47,173,NYC_COVID_REAL
2023-11-28,Manhattan Hospital,MN,10001,7,29,110,NYC_COVID_REAL
2023-11-28,Queens Medical Center,QN,11101,10,23,182,NYC_COVID_REAL
2023-11-28,Staten Island Hospital,SI,10301,4,17,42,NYC_COVID_REAL
2023-11-29,Bronx Medical Center,BX,10451,14,26,106,NYC_COVID_REAL
2023-11-29,Brooklyn Health Center,BK,11201,15,27,166,NYC_COVID_REAL
2023-11-29,Manhattan Hospital,MN,10001,5,16,101,NYC_COVID_REAL
2023-11-29,Queens Medical Center,QN,11101,21,40,172,NYC_COVID_REAL
2023-11-29,Staten Island Hospital,SI,10301,1,29,50,NYC_COVID_REAL
2023-11-30,Bronx Medical Center,BX,10451,11,40,114,NYC_COVID_REAL
2023-11-30,Brooklyn Health Center,BK,11201,23,38,193,NYC_COVID_REAL
2023-11-30,Manhattan Hospital,MN,10001,9,22,87,NYC_COVID_REAL
2023-11-30,Queens Medical Center,QN,11101,9,34,161,NYC_COVID_REAL
2023-11-30,Staten Island Hospital,SI,10301,5,22,47,NYC_COVID_REAL
2023-12-01,Bronx Medical Center,BX,10451,11,31,100,NYC_COVID_REAL
2023-12-01,Brooklyn Health Center,BK,11201,16,31,149,NYC_COVID_REAL
2023-12-01,Manhattan Hospital,MN,10001,21,35,93,NYC_COVID_REAL
2023-12-01,Queens Medical Center,QN,11101,12,39,152,NYC_COVID_REAL
2023-12-01,Staten Island Hospital,SI,10301,7,30,39,NYC_COVID_REAL
2023-12-02,Bronx Medical Center,BX,10451,13,38,73,NYC_COVID_REAL
2023-12-02,Brooklyn Health Center,BK,11201,12,23,112,NYC_COVID_REAL
2023-12-02,Manhattan Hospital,MN,10001,11,30,68,NYC_COVID_REAL
2023-12-02,Queens Medical Center,QN,11101,15,36,124,NYC_COVID_REAL
2023-12-02,Staten Island Hospital,SI,10301,5,19,28,NYC_COVID_REAL
2023-12-03,Bronx Medical Center,BX,10451,13,24,72,NYC_COVID_REAL
2023-12-03,Brooklyn Health Center,BK,11201,9,23,116,NYC_COVID_REAL
2023-12-03,Manhattan Hospital,MN,10001,15,41,74,NYC_COVID_REAL
2023-12-03,Queens Medical Center,QN,11101,10,21,108,NYC_COVID_REAL
2023-12-03,Staten Island Hospital,SI,10301,8,21,39,NYC_COVID_REAL
2023-12-04,Bronx Medical Center,BX,10451,14,37,165,NYC_COVID_REAL
2023-12-04,Brooklyn Health Center,BK,11201,13,39,226,NYC_COVID_REAL
2023-12-04,Manhattan Hospital,MN,10001,20,46,126,NYC_COVID_REAL
2023-12-04,Queens Medical Center,QN,11101,18,28,226,NYC_COVID_REAL
2023-12-04,Staten Island Hospital,SI,10301,5,23,46,NYC_COVID_REAL
2023-12-05,Bronx Medical Center,BX,10451,17,27,140,NYC_COVID_REAL
2023-12-05,Brooklyn Health Center,BK,11201,21,42,218,NYC_COVID_REAL
2023-12-05,Manhattan Hospital,MN,10001,9,20,121,NYC_COVID_REAL
2023-12-05,Queens Medical Center,QN,11101,12,38,230,NYC_COVID_REAL
2023-12-05,Staten Island Hospital,SI,10301,7,30,63,NYC_COVID_REAL
2023-12-06,Bronx Medical Center,BX,10451,15,32,129,NYC_COVID_REAL
2023-12-06,Brooklyn Health Center,BK,11201,28,54,217,NYC_COVID_REAL
2023-12-06,Manhattan Hospital,MN,10001,15,41,126,NYC_COVID_REAL
2023-12-06,Queens Medical Center,QN,11101,22,38,181,NYC_COVID_REAL
2023-12-06,Staten Island Hospital,SI,10301,3,31,42,NYC_COVID_REAL
2023-12-07,Bronx Medical Center,BX,10451,20,33,139,NYC_COVID_REAL
2023-12-07,Brooklyn Health Center,BK,11201,19,43,202,NYC_COVID_REAL
2023-12-07,Manhattan Hospital,MN,10001,10,33,130,NYC_COVID_REAL
2023-12-07,Queens Medical Center,QN,11101,10,30,213,NYC_COVID_REAL
2023-12-07,Staten Island Hospital,SI,10301,1,11,45,NYC_COVID_REAL
2023-12-08,Bronx Medical Center,BX,10451,11,30,115,NYC_COVID_REAL
2023-12-08,Brooklyn Health Center,BK,11201,26,53,215,NYC_COVID_REAL
2023-12-08,Manhattan Hospital,MN,10001,7,18,127,NYC_COVID_REAL
2023-12-08,Queens Medical Center,QN,11101,14,34,187,NYC_COVID_REAL
2023-12-08,Staten Island Hospital,SI,10301,3,32,61,NYC_COVID_REAL
2023-12-09,Bronx Medical Center,BX,10451,15,43,81,NYC_COVID_REAL
2023-12-09,Brooklyn Health Center,BK,11201,19,46,138,NYC_COVID_REAL
2023-12-09,Manhattan Hospital,MN,10001,16,31,84,NYC_COVID_REAL
2023-12-09,Queens Medical Center,QN,11101,18,28,178,NYC_COVID_REAL
2023-12-09,Staten Island Hospital,SI,10301,6,18,39,NYC_COVID_REAL
2023-12-10,Bronx Medical Center,BX,10451,18,28,84,NYC_COVID_REAL
2023-12-10,Brooklyn Health Center,BK,11201,17,34,146,NYC_COVID_REAL
2023-12-10,Manhattan Hospital,MN,10001,14,30,105,NYC_COVID_REAL
2023-12-10,Queens Medical Center,QN,11101,11,30,143,NYC_COVID_REAL
2023-12-10,Staten Island Hospital,SI,10301,3,32,50,NYC_COVID_REAL
2023-12-11,Bronx Medical Center,BX,10451,22,37,189,NYC_COVID_REAL
2023-12-11,Brooklyn Health Center,BK,11201,14,36,339,NYC_COVID_REAL
2023-12-11,Manhattan Hospital,MN,10001,11,30,179,NYC_COVID_REAL
2023-12-11,Queens Medical Center,QN,11101,15,29,318,NYC_COVID_REAL
2023-12-11,Staten Island Hospital,SI,10301,3,14,70,NYC_COVID_REAL
2023-12-12,Bronx Medical Center,BX,10451,17,32,186,NYC_COVID_REAL
2023-12-12,Brooklyn Health Center,BK,11201,25,41,333,NYC_COVID_REAL
2023-12-12,Manhattan Hospital,MN,10001,23,35,165,NYC_COVID_REAL
2023-12-12,Queens Medical Center,QN,11101,23,45,290,NYC_COVID_REAL
2023-12-12,Staten Island Hospital,SI,10301,6,22,63,NYC_COVID_REAL
2023-12-13,Bronx Medical Center,BX,10451,21,48,192,NYC_COVID_REAL
2023-12-13,Brooklyn Health Center,BK,11201,25,41,302,NYC_COVID_REAL
2023-12-13,Manhattan Hospital,MN,10001,14,34,166,NYC_COVID_REAL
2023-12-13,Queens Medical Center,QN,11101,17,41,282,NYC_COVID_REAL
2023-12-13,Staten Island Hospital,SI,10301,1,20,94,NYC_COVID_REAL
2023-12-14,Bronx Medical Center,BX,10451,20,37,173,NYC_COVID_REAL
2023-12-14,Brooklyn Health Center,BK,11201,23,43,296,NYC_COVID_REAL
2023-12-14,Manhattan Hospital,MN,10001,15,33,171,NYC_COVID_REAL
2023-12-14,Queens Medical Center,QN,11101,17,33,281,NYC_COVID_REAL
2023-12-14,Staten Island Hospital,SI,10301,9,24,64,NYC_COVID_REAL
2023-12-15,Bronx Medical Center,BX,10451,31,53,174,NYC_COVID_REAL
2023-12-15,Brooklyn Health Center,BK,11201,35,56,289,NYC_COVID_REAL
2023-12-15,Manhattan Hospital,MN,10001,16,30,184,NYC_COVID_REAL
2023-12-15,Queens Medical Center,QN,11101,19,38,229,NYC_COVID_REAL
2023-12-15,Staten Island Hospital,SI,10301,3,17,72,NYC_COVID_REAL
2023-12-16,Bronx Medical Center,BX,10451,34,59,128,NYC_COVID_REAL
2023-12-16,Brooklyn Health Center,BK,11201,25,46,215,NYC_COVID_REAL
2023-12-16,Manhattan Hospital,MN,10001,21,36,108,NYC_COVID_REAL
2023-12-16,Queens Medical Center,QN,11101,19,46,228,NYC_COVID_REAL
2023-12-16,Staten Island Hospital,SI,10301,6,27,64,NYC_COVID_REAL
2023-12-17,Bronx Medical Center,BX,10451,18,28,110,NYC_COVID_REAL
2023-12-17,Brooklyn Health Center,BK,11201,39,49,294,NYC_COVID_REAL
2023-12-17,Manhattan Hospital,MN,10001,17,32,143,NYC_COVID_REAL
2023-12-17,Queens Medical Center,QN,11101,19,34,219,NYC_COVID_REAL
2023-12-17,Staten Island Hospital,SI,10301,6,28,64,NYC_COVID_REAL
2023-12-18,Bronx Medical Center,BX,10451,20,40,274,NYC_COVID_REAL
2023-12-18,Brooklyn Health Center,BK,11201,28,56,471,NYC_COVID_REAL
2023-12-18,Manhattan Hospital,MN,10001,18,28,273,NYC_COVID_REAL
2023-12-18,Queens Medical Center,QN,11101,31,55,409,NYC_COVID_REAL
2023-12-18,Staten Island Hospital,SI,10301,2,27,106,NYC_COVID_REAL
2023-12-19,Bronx Medical Center,BX,10451,25,39,262,NYC_COVID_REAL
2023-12-19,Brooklyn Health Center,BK,11201,36,49,404,NYC_COVID_REAL
2023-12-19,Manhattan Hospital,MN,10001,32,44,269,NYC_COVID_REAL
2023-12-19,Queens Medical Center,QN,11101,30,45,449,NYC_COVID_REAL
2023-12-19,Staten Island Hospital,SI,10301,8,23,96,NYC_COVID_REAL
2023-12-20,Bronx Medical Center,BX,10451,26,48,287,NYC_COVID_REAL
2023-12-20,Brooklyn Health Center,BK,11201,41,67,411,NYC_COVID_REAL
2023-12-20,Manhattan Hospital,MN,10001,27,41,276,NYC_COVID_REAL
2023-12-20,Queens Medical Center,QN,11101,24,37,391,NYC_COVID_REAL
2023-12-20,Staten Island Hospital,SI,10301,6,19,86,NYC_COVID_REAL
2023-12-21,Bronx Medical Center,BX,10451,23,49,258,NYC_COVID_REAL
2023-12-21,Brooklyn Health Center,BK,11201,36,54,396,NYC_COVID_REAL
2023-12-21,Manhattan Hospital,MN,10001,18,34,238,NYC_COVID_REAL
2023-12-21,Queens Medical Center,QN,11101,26,48,392,NYC_COVID_REAL
2023-12-21,Staten Island Hospital,SI,10301,7,30,83,NYC_COVID_REAL
2023-12-22,Bronx Medical Center,BX,10451,30,48,247,NYC_COVID_REAL
2023-12-22,Brooklyn Health Center,BK,11201,26,51,333,NYC_COVID_REAL
2023-12-22,Manhattan Hospital,MN,10001,17,39,209,NYC_COVID_REAL
2023-12-22,Queens Medical Center,QN,11101,13,34,321,NYC_COVID_REAL
2023-12-22,Staten Island Hospital,SI,10301,3,27,79,NYC_COVID_REAL
2023-12-23,Bronx Medical Center,BX,10451,34,57,170,NYC_COVID_REAL
2023-12-23,Brooklyn Health Center,BK,11201,32,46,262,NYC_COVID_REAL
2023-12-23,Manhattan Hospital,MN,10001,17,42,150,NYC_COVID_REAL
2023-12-23,Queens Medical Center,QN,11101,23,35,273,NYC_COVID_REAL
2023-12-23,Staten Island Hospital,SI,10301,5,17,62,NYC_COVID_REAL
2023-12-24,Bronx Medical Center,BX,10451,30,49,143,NYC_COVID_REAL
2023-12-24,Brooklyn Health Center,BK,11201,31,54,260,NYC_COVID_REAL
2023-12-24,Manhattan Hospital,MN,10001,26,43,155,NYC_COVID_REAL
2023-12-24,Queens Medical Center,QN,11101,23,38,212,NYC_COVID_REAL
2023-12-24,Staten Island Hospital,SI,10301,6,21,57,NYC_COVID_REAL
2023-12-25,Bronx Medical Center,BX,10451,20,31,172,NYC_COVID_REAL
2023-12-25,Brooklyn Health Center,BK,11201,50,64,259,NYC_COVID_REAL
2023-12-25,Manhattan Hospital,MN,10001,24,51,124,NYC_COVID_REAL
2023-12-25,Queens Medical Center,QN,11101,25,54,253,NYC_COVID_REAL
2023-12-25,Staten Island Hospital,SI,10301,2,21,42,NYC_COVID_REAL
2023-12-26,Bronx Medical Center,BX,10451,40,63,395,NYC_COVID_REAL
2023-12-26,Brooklyn Health Center,BK,11201,47,61,559,NYC_COVID_REAL
2023-12-26,Manhattan Hospital,MN,10001,38,60,302,NYC_COVID_REAL
2023-12-26,Queens Medical Center,QN,11101,28,42,598,NYC_COVID_REAL
2023-12-26,Staten Island Hospital,SI,10301,9,23,119,NYC_COVID_REAL
2023-12-27,Bronx Medical Center,BX,10451,41,52,359,NYC_COVID_REAL
2023-12-27,Brooklyn Health Center,BK,11201,40,66,590,NYC_COVID_REAL
2023-12-27,Manhattan Hospital,MN,10001,27,51,302,NYC_COVID_REAL
2023-12-27,Queens Medical Center,QN,11101,25,40,576,NYC_COVID_REAL
2023-12-27,Staten Island Hospital,SI,10301,10,30,99,NYC_COVID_REAL
2023-12-28,Bronx Medical Center,BX,10451,32,52,346,NYC_COVID_REAL
2023-12-28,Brooklyn Health Center,BK,11201,53,68,518,NYC_COVID_REAL
2023-12-28,Manhattan Hospital,MN,10001,31,58,252,NYC_COVID_REAL
2023-12-28,Queens Medical Center,QN,11101,44,72,561,NYC_COVID_REAL
2023-12-28,Staten Island Hospital,SI,10301,11,26,148,NYC_COVID_REAL
2023-12-29,Bronx Medical Center,BX,10451,25,48,304,NYC_COVID_REAL
2023-12-29,Brooklyn Health Center,BK,11201,46,61,473,NYC_COVID_REAL
2023-12-29,Manhattan Hospital,MN,10001,40,53,270,NYC_COVID_REAL
2023-12-29,Queens Medical Center,QN,11101,42,62,541,NYC_COVID_REAL
2023-12-29,Staten Island Hospital,SI,10301,17,27,101,NYC_COVID_REAL
2023-12-30,Bronx Medical Center,BX,10451,23,49,212,NYC_COVID_REAL
2023-12-30,Brooklyn Health Center,BK,11201,43,72,367,NYC_COVID_REAL
2023-12-30,Manhattan Hospital,MN,10001,30,54,189,NYC_COVID_REAL
2023-12-30,Queens Medical Center,QN,11101,41,65,395,NYC_COVID_REAL
2023-12-30,Staten Island Hospital,SI,10301,10,31,89,NYC_COVID_REAL
2023-12-31,Bronx Medical Center,BX,10451,28,53,187,NYC_COVID_REAL
2023-12-31,Brooklyn Health Center,BK,11201,38,63,320,NYC_COVID_REAL
2023-12-31,Manhattan Hospital,MN,10001,21,31,154,NYC_COVID_REAL
2023-12-31,Queens Medical Center,QN,11101,21,47,281,NYC_COVID_REAL
2023-12-31,Staten Island Hospital,SI,10301,11,22,70,NYC_COVID_REAL
2024-01-01,Bronx Medical Center,BX,10451,31,60,209,NYC_COVID_REAL
2024-01-01,Brooklyn Health Center,BK,11201,44,58,313,NYC_COVID_REAL
2024-01-01,Manhattan Hospital,MN,10001,30,58,168,NYC_COVID_REAL
2024-01-01,Queens Medical Center,QN,11101,29,49,300,NYC_COVID_REAL
2024-01-01,Staten Island Hospital,SI,10301,9,21,74,NYC_COVID_REAL
2024-01-02,Bronx Medical Center,BX,10451,45,70,392,NYC_COVID_REAL
2024-01-02,Brooklyn Health Center,BK,11201,61,80,721,NYC_COVID_REAL
2024-01-02,Manhattan Hospital,MN,10001,38,53,316,NYC_COVID_REAL
2024-01-02,Queens Medical Center,QN,11101,25,36,605,NYC_COVID_REAL
2024-01-02,Staten Island Hospital,SI,10301,11,22,149,NYC_COVID_REAL
2024-01-03,Bronx Medical Center,BX,10451,29,55,401,NYC_COVID_REAL
2024-01-03,Brooklyn Health Center,BK,11201,52,66,649,NYC_COVID_REAL
2024-01-03,Manhattan Hospital,MN,10001,36,63,329,NYC_COVID_REAL
2024-01-03,Queens Medical Center,QN,11101,39,50,567,NYC_COVID_REAL
2024-01-03,Staten Island Hospital,SI,10301,8,19,122,NYC_COVID_REAL
2024-01-04,Bronx Medical Center,BX,10451,50,75,401,NYC_COVID_REAL
2024-01-04,Brooklyn Health Center,BK,11201,40,52,586,NYC_COVID_REAL
2024-01-04,Manhattan Hospital,MN,10001,33,43,307,NYC_COVID_REAL
2024-01-04,Queens Medical Center,QN,11101,44,56,567,NYC_COVID_REAL
2024-01-04,Staten Island Hospital,SI,10301,12,37,147,NYC_COVID_REAL
2024-01-05,Bronx Medical Center,BX,10451,33,47,326,NYC_COVID_REAL
2024-01-05,Brooklyn Health Center,BK,11201,41,54,511,NYC_COVID_REAL
2024-01-05,Manhattan Hospital,MN,10001,38,59,273,NYC_COVID_REAL
2024-01-05,Queens Medical Center,QN,11101,37,55,489,NYC_COVID_REAL
2024-01-05,Staten Island Hospital,SI,10301,5,34,109,NYC_COVID_REAL
2024-01-06,Bronx Medical Center,BX,10451,22,44,184,NYC_COVID_REAL
2024-01-06,Brooklyn Health Center,BK,11201,46,61,269,NYC_COVID_REAL
2024-01-06,Manhattan Hospital,MN,10001,27,46,161,NYC_COVID_REAL
2024-01-06,Queens Medical Center,QN,11101,30,52,340,NYC_COVID_REAL
2024-01-06,Staten Island Hospital,SI,10301,7,18,68,NYC_COVID_REAL
2024-01-07,Bronx Medical Center,BX,10451,19,40,202,NYC_COVID_REAL
2024-01-07,Brooklyn Health Center,BK,11201,45,67,301,NYC_COVID_REAL
2024-01-07,Manhattan Hospital,MN,10001,22,39,152,NYC_COVID_REAL
2024-01-07,Queens Medical Center,QN,11101,23,34,275,NYC_COVID_REAL
2024-01-07,Staten Island Hospital,SI,10301,10,25,78,NYC_COVID_REAL
2024-01-08,Bronx Medical Center,BX,10451,33,50,406,NYC_COVID_REAL
2024-01-08,Brooklyn Health Center,BK,11201,63,86,641,NYC_COVID_REAL
2024-01-08,Manhattan Hospital,MN,10001,30,55,278,NYC_COVID_REAL
2024-01-08,Queens Medical Center,QN,11101,29,49,551,NYC_COVID_REAL
2024-01-08,Staten Island Hospital,SI,10301,13,25,138,NYC_COVID_REAL
2024-01-09,Bronx Medical Center,BX,10451,29,51,284,NYC_COVID_REAL
2024-01-09,Brooklyn Health Center,BK,11201,55,81,506,NYC_COVID_REAL
2024-01-09,Manhattan Hospital,MN,10001,24,41,257,NYC_COVID_REAL
2024-01-09,Queens Medical Center,QN,11101,30,53,483,NYC_COVID_REAL
2024-01-09,Staten Island Hospital,SI,10301,10,25,118,NYC_COVID_REAL
2024-01-10,Bronx Medical Center,BX,10451,33,49,292,NYC_COVID_REAL
2024-01-10,Brooklyn Health Center,BK,11201,45,70,483,NYC_COVID_REAL
2024-01-10,Manhattan Hospital,MN,10001,32,45,242,NYC_COVID_REAL
2024-01-10,Queens Medical Center,QN,11101,22,41,472,NYC_COVID_REAL
2024-01-10,Staten Island Hospital,SI,10301,7,20,101,NYC_COVID_REAL
2024-01-11,Bronx Medical Center,BX,10451,37,47,300,NYC_COVID_REAL
2024-01-11,Brooklyn Health Center,BK,11201,50,79,490,NYC_COVID_REAL
2024-01-11,Manhattan Hospital,MN,10001,26,53,225,NYC_COVID_REAL
2024-01-11,Queens Medical Center,QN,11101,36,54,431,NYC_COVID_REAL
2024-01-11,Staten Island Hospital,SI,10301,11,39,92,NYC_COVID_REAL
2024-01-12,Bronx Medical Center,BX,10451,47,71,312,NYC_COVID_REAL
2024-01-12,Brooklyn Health Center,BK,11201,53,81,428,NYC_COVID_REAL
2024-01-12,Manhattan Hospital,MN,10001,30,51,198,NYC_COVID_REAL
2024-01-12,Queens Medical Center,QN,11101,26,36,347,NYC_COVID_REAL
2024-01-12,Staten Island Hospital,SI,10301,11,22,86,NYC_COVID_REAL
2024-01-13,Bronx Medical Center,BX,10451,31,47,163,NYC_COVID_REAL
2024-01-13,Brooklyn Health Center,BK,11201,42,63,254,NYC_COVID_REAL
2024-01-13,Manhattan Hospital,MN,10001,18,30,118,NYC_COVID_REAL
2024-01-13,Queens Medical Center,QN,11101,35,52,266,NYC_COVID_REAL
2024-01-13,Staten Island Hospital,SI,10301,10,33,70,NYC_COVID_REAL
2024-01-14,Bronx Medical Center,BX,10451,19,48,137,NYC_COVID_REAL
2024-01-14,Brooklyn Health Center,BK,11201,36,56,250,NYC_COVID_REAL
2024-01-14,Manhattan Hospital,MN,10001,24,43,110,NYC_COVID_REAL
2024-01-14,Queens Medical Center,QN,11101,20,41,208,NYC_COVID_REAL
2024-01-14,Staten Island Hospital,SI,10301,12,38,80,NYC_COVID_REAL
2024-01-15,Bronx Medical Center,BX,10451,28,41,209,NYC_COVID_REAL
2024-01-15,Brooklyn Health Center,BK,11201,46,74,372,NYC_COVID_REAL
2024-01-15,Manhattan Hospital,MN,10001,22,36,159,NYC_COVID_REAL
2024-01-15,Queens Medical Center,QN,11101,24,52,345,NYC_COVID_REAL
2024-01-15,Staten Island Hospital,SI,10301,12,38,83,NYC_COVID_REAL
2024-01-16,Bronx Medical Center,BX,10451,27,38,260,NYC_COVID_REAL
2024-01-16,Brooklyn Health Center,BK,11201,30,54,412,NYC_COVID_REAL
2024-01-16,Manhattan Hospital,MN,10001,23,45,180,NYC_COVID_REAL
2024-01-16,Queens Medical Center,QN,11101,29,39,307,NYC_COVID_REAL
2024-01-16,Staten Island Hospital,SI,10301,8,34,91,NYC_COVID_REAL
2024-01-17,Bronx Medical Center,BX,10451,16,34,227,NYC_COVID_REAL
2024-01-17,Brooklyn Health Center,BK,11201,43,54,358,NYC_COVID_REAL
2024-01-17,Manhattan Hospital,MN,10001,17,27,175,NYC_COVID_REAL
2024-01-17,Queens Medical Center,QN,11101,23,49,311,NYC_COVID_REAL
2024-01-17,Staten Island Hospital,SI,10301,10,33,79,NYC_COVID_REAL
2024-01-18,Bronx Medical Center,BX,10451,31,48,214,NYC_COVID_REAL
2024-01-18,Brooklyn Health Center,BK,11201,35,49,318,NYC_COVID_REAL
2024-01-18,Manhattan Hospital,MN,10001,16,36,180,NYC_COVID_REAL
2024-01-18,Queens Medical Center,QN,11101,20,42,281,NYC_COVID_REAL
2024-01-18,Staten Island Hospital,SI,10301,5,28,87,NYC_COVID_REAL
2024-01-19,Bronx Medical Center,BX,10451,34,62,197,NYC_COVID_REAL
2024-01-19,Brooklyn Health Center,BK,11201,37,62,292,NYC_COVID_REAL
2024-01-19,Manhattan Hospital,MN,10001,12,29,149,NYC_COVID_REAL
2024-01-19,Queens Medical Center,QN,11101,29,46,227,NYC_COVID_REAL
2024-01-19,Staten Island Hospital,SI,10301,4,18,47,NYC_COVID_REAL
2024-01-20,Bronx Medical Center,BX,10451,21,34,104,NYC_COVID_REAL
2024-01-20,Brooklyn Health Center,BK,11201,26,47,186,NYC_COVID_REAL
2024-01-20,Manhattan Hospital,MN,10001,20,30,89,NYC_COVID_REAL
2024-01-20,Queens Medical Center,QN,11101,22,51,200,NYC_COVID_REAL
2024-01-20,Staten Island Hospital,SI,10301,3,23,39,NYC_COVID_REAL
2024-01-21,Bronx Medical Center,BX,10451,22,47,108,NYC_COVID_REAL
2024-01-21,Brooklyn Health Center,BK,11201,33,62,203,NYC_COVID_REAL
2024-01-21,Manhattan Hospital,MN,10001,15,36,85,NYC_COVID_REAL
2024-01-21,Queens Medical Center,QN,11101,17,39,183,NYC_COVID_REAL
2024-01-21,Staten Island Hospital,SI,10301,5,16,52,NYC_COVID_REAL
2024-01-22,Bronx Medical Center,BX,10451,25,43,244,NYC_COVID_REAL
2024-01-22,Brooklyn Health Center,BK,11201,49,70,391,NYC_COVID_REAL
2024-01-22,Manhattan Hospital,MN,10001,16,37,202,NYC_COVID_REAL
2024-01-22,Queens Medical Center,QN,11101,23,39,317,NYC_COVID_REAL
2024-01-22,Staten Island Hospital,SI,10301,7,30,100,NYC_COVID_REAL
2024-01-23,Bronx Medical Center,BX,10451,24,45,207,NYC_COVID_REAL
2024-01-23,Brooklyn Health Center,BK,11201,36,56,337,NYC_COVID_REAL
2024-01-23,Manhattan Hospital,MN,10001,16,35,174,NYC_COVID_REAL
2024-01-23,Queens Medical Center,QN,11101,25,50,310,NYC_COVID_REAL
2024-01-23,Staten Island Hospital,SI,10301,6,32,95,NYC_COVID_REAL
2024-01-24,Bronx Medical Center,BX,10451,31,43,215,NYC_COVID_REAL
2024-01-24,Brooklyn Health Center,BK,11201,33,46,305,NYC_COVID_REAL
2024-01-24,Manhattan Hospital,MN,10001,19,33,158,NYC_COVID_REAL
2024-01-24,Queens Medical Center,QN,11101,22,37,243,NYC_COVID_REAL
2024-01-24,Staten Island Hospital,SI,10301,6,22,78,NYC_COVID_REAL
2024-01-25,Bronx Medical Center,BX,10451,16,33,190,NYC_COVID_REAL
2024-01-25,Brooklyn Health Center,BK,11201,31,47,298,NYC_COVID_REAL
2024-01-25,Manhattan Hospital,MN,10001,16,30,147,NYC_COVID_REAL
2024-01-25,Queens Medical Center,QN,11101,22,49,256,NYC_COVID_REAL
2024-01-25,Staten Island Hospital,SI,10301,5,18,57,NYC_COVID_REAL
2024-01-26,Bronx Medical Center,BX,10451,21,31,183,NYC_COVID_REAL
2024-01-26,Brooklyn Health Center,BK,11201,29,44,248,NYC_COVID_REAL
2024-01-26,Manhattan Hospital,MN,10001,20,47,129,NYC_COVID_REAL
2024-01-26,Queens Medical Center,QN,11101,17,40,218,NYC_COVID_REAL
2024-01-26,Staten Island Hospital,SI,10301,7,17,68,NYC_COVID_REAL
2024-01-27,Bronx Medical Center,BX,10451,19,40,113,NYC_COVID_REAL
2024-01-27,Brooklyn Health Center,BK,11201,22,50,169,NYC_COVID_REAL
2024-01-27,Manhattan Hospital,MN,10001,11,32,69,NYC_COVID_REAL
2024-01-27,Queens Medical Center,QN,11101,24,44,187,NYC_COVID_REAL
2024-01-27,Staten Island Hospital,SI,10301,4,17,40,NYC_COVID_REAL
2024-01-28,Bronx Medical Center,BX,10451,20,32,88,NYC_COVID_REAL
2024-01-28,Brooklyn Health Center,BK,11201,27,48,163,NYC_COVID_REAL
2024-01-28,Manhattan Hospital,MN,10001,14,24,67,NYC_COVID_REAL
2024-01-28,Queens Medical Center,QN,11101,15,38,140,NYC_COVID_REAL
2024-01-28,Staten Island Hospital,SI,10301,8,37,55,NYC_COVID_REAL
2024-01-29,Bronx Medical Center,BX,10451,23,33,195,NYC_COVID_REAL
2024-01-29,Brooklyn Health Center,BK,11201,37,62,302,NYC_COVID_REAL
2024-01-29,Manhattan Hospital,MN,10001,15,41,152,NYC_COVID_REAL
2024-01-29,Queens Medical Center,QN,11101,27,56,301,NYC_COVID_REAL
2024-01-29,Staten Island Hospital,SI,10301,9,24,78,NYC_COVID_REAL
2024-01-30,Bronx Medical Center,BX,10451,23,47,197,NYC_COVID_REAL
2024-01-30,Brooklyn Health Center,BK,11201,31,58,275,NYC_COVID_REAL
2024-01-30,Manhattan Hospital,MN,10001,15,37,129,NYC_COVID_REAL
2024-01-30,Queens Medical Center,QN,11101,21,32,230,NYC_COVID_REAL
2024-01-30,Staten Island Hospital,SI,10301,10,25,51,NYC_COVID_REAL
2024-01-31,Bronx Medical Center,BX,10451,20,46,178,NYC_COVID_REAL
2024-01-31,Brooklyn Health Center,BK,11201,23,36,234,NYC_COVID_REAL
2024-01-31,Manhattan Hospital,MN,10001,13,35,126,NYC_COVID_REAL
2024-01-31,Queens Medical Center,QN,11101,19,34,193,NYC_COVID_REAL
2024-01-31,Staten Island Hospital,SI,10301,7,19,58,NYC_COVID_REAL
2024-02-01,Bronx Medical Center,BX,10451,15,25,135,NYC_COVID_REAL
2024-02-01,Brooklyn Health Center,BK,11201,21,37,240,NYC_COVID_REAL
2024-02-01,Manhattan Hospital,MN,10001,13,41,123,NYC_COVID_REAL
2024-02-01,Queens Medical Center,QN,11101,20,39,199,NYC_COVID_REAL
2024-02-01,Staten Island Hospital,SI,10301,2,24,57,NYC_COVID_REAL
2024-02-02,Bronx Medical Center,BX,10451,17,41,97,NYC_COVID_REAL
2024-02-02,Brooklyn Health Center,BK,11201,28,44,178,NYC_COVID_REAL
2024-02-02,Manhattan Hospital,MN,10001,13,26,100,NYC_COVID_REAL
2024-02-02,Queens Medical Center,QN,11101,16,36,152,NYC_COVID_REAL
2024-02-02,Staten Island Hospital,SI,10301,2,21,41,NYC_COVID_REAL
2024-02-03,Bronx Medical Center,BX,10451,5,26,65,NYC_COVID_REAL
2024-02-03,Brooklyn Health Center,BK,11201,22,32,129,NYC_COVID_REAL
2024-02-03,Manhattan Hospital,MN,10001,11,32,65,NYC_COVID_REAL
2024-02-03,Queens Medical Center,QN,11101,15,33,109,NYC_COVID_REAL
2024-02-03,Staten Island Hospital,SI,10301,2,16,27,NYC_COVID_REAL
2024-02-04,Bronx Medical Center,BX,10451,9,35,74,NYC_COVID_REAL
2024-02-04,Brooklyn Health Center,BK,11201,20,43,148,NYC_COVID_REAL
2024-02-04,Manhattan Hospital,MN,10001,7,35,62,NYC_COVID_REAL
2024-02-04,Queens Medical Center,QN,11101,12,38,134,NYC_COVID_REAL
2024-02-04,Staten Island Hospital,SI,10301,6,30,46,NYC_COVID_REAL
2024-02-05,Bronx Medical Center,BX,10451,11,35,138,NYC_COVID_REAL
2024-02-05,Brooklyn Health Center,BK,11201,35,55,274,NYC_COVID_REAL
2024-02-05,Manhattan Hospital,MN,10001,17,39,126,NYC_COVID_REAL
2024-02-05,Queens Medical Center,QN,11101,25,54,192,NYC_COVID_REAL
2024-02-05,Staten Island Hospital,SI,10301,1,12,50,NYC_COVID_REAL
2024-02-06,Bronx Medical Center,BX,10451,19,36,110,NYC_COVID_REAL
2024-02-06,Brooklyn Health Center,BK,11201,23,43,201,NYC_COVID_REAL
2024-02-06,Manhattan Hospital,MN,10001,13,25,94,NYC_COVID_REAL
2024-02-06,Queens Medical Center,QN,11101,22,48,180,NYC_COVID_REAL
2024-02-06,Staten Island Hospital,SI,10301,4,19,56,NYC_COVID_REAL
2024-02-07,Bronx Medical Center,BX,10451,16,39,139,NYC_COVID_REAL
2024-02-07,Brooklyn Health Center,BK,11201,28,54,208,NYC_COVID_REAL
2024-02-07,Manhattan Hospital,MN,10001,15,34,94,NYC_COVID_REAL
2024-02-07,Queens Medical Center,QN,11101,17,46,167,NYC_COVID_REAL
2024-02-07,Staten Island Hospital,SI,10301,2,17,41,NYC_COVID_REAL
2024-02-08,Bronx Medical Center,BX,10451,12,26,90,NYC_COVID_REAL
2024-02-08,Brooklyn Health Center,BK,11201,25,45,207,NYC_COVID_REAL
2024-02-08,Manhattan Hospital,MN,10001,13,25,106,NYC_COVID_REAL
2024-02-08,Queens Medical Center,QN,11101,17,40,147,NYC_COVID_REAL
2024-02-08,Staten Island Hospital,SI,10301,5,22,43,NYC_COVID_REAL
2024-02-09,Bronx Medical Center,BX,10451,18,43,107,NYC_COVID_REAL
2024-02-09,Brooklyn Health Center,BK,11201,27,50,175,NYC_COVID_REAL
2024-02-09,Manhattan Hospital,MN,10001,13,42,91,NYC_COVID_REAL
2024-02-09,Queens Medical Center,QN,11101,21,44,137,NYC_COVID_REAL
2024-02-09,Staten Island Hospital,SI,10301,4,20,28,NYC_COVID_REAL
2024-02-10,Bronx Medical Center,BX,10451,15,34,65,NYC_COVID_REAL
2024-02-10,Brooklyn Health Center,BK,11201,18,41,103,NYC_COVID_REAL
2024-02-10,Manhattan Hospital,MN,10001,11,23,51,NYC_COVID_REAL
2024-02-10,Queens Medical Center,QN,11101,15,38,92,NYC_COVID_REAL
2024-02-10,Staten Island Hospital,SI,10301,6,19,38,NYC_COVID_REAL
2024-02-11,Bronx Medical Center,BX,10451,14,39,70,NYC_COVID_REAL
2024-02-11,Brooklyn Health Center,BK,11201,21,43,124,NYC_COVID_REAL
2024-02-11,Manhattan Hospital,MN,10001,10,25,38,NYC_COVID_REAL
2024-02-11,Queens Medical Center,QN,11101,13,26,101,NYC_COVID_REAL
2024-02-11,Staten Island Hospital,SI,10301,3,19,35,NYC_COVID_REAL
2024-02-12,Bronx Medical Center,BX,10451,15,27,117,NYC_COVID_REAL
2024-02-12,Brooklyn Health Center,BK,11201,30,42,191,NYC_COVID_REAL
2024-02-12,Manhattan Hospital,MN,10001,16,39,117,NYC_COVID_REAL
2024-02-12,Queens Medical Center,QN,11101,17,31,205,NYC_COVID_REAL
2024-02-12,Staten Island Hospital,SI,10301,5,34,57,NYC_COVID_REAL
2024-02-13,Bronx Medical Center,BX,10451,8,26,52,NYC_COVID_REAL
2024-02-13,Brooklyn Health Center,BK,11201,27,44,123,NYC_COVID_REAL
2024-02-13,Manhattan Hospital,MN,10001,5,15,49,NYC_COVID_REAL
2024-02-13,Queens Medical Center,QN,11101,16,31,103,NYC_COVID_REAL
2024-02-13,Staten Island Hospital,SI,10301,4,33,31,NYC_COVID_REAL
2024-02-14,Bronx Medical Center,BX,10451,11,30,92,NYC_COVID_REAL
2024-02-14,Brooklyn Health Center,BK,11201,18,47,154,NYC_COVID_REAL
2024-02-14,Manhattan Hospital,MN,10001,8,22,65,NYC_COVID_REAL
2024-02-14,Queens Medical Center,QN,11101,24,38,132,NYC_COVID_REAL
2024-02-14,Staten Island Hospital,SI,10301,6,32,35,NYC_COVID_REAL
2024-02-15,Bronx Medical Center,BX,10451,11,21,79,NYC_COVID_REAL
2024-02-15,Brooklyn Health Center,BK,11201,21,37,159,NYC_COVID_REAL
2024-02-15,Manhattan Hospital,MN,10001,10,38,71,NYC_COVID_REAL
2024-02-15,Queens Medical Center,QN,11101,19,41,143,NYC_COVID_REAL
2024-02-15,Staten Island Hospital,SI,10301,1,17,33,NYC_COVID_REAL
2024-02-16,Bronx Medical Center,BX,10451,11,36,74,NYC_COVID_REAL
2024-02-16,Brooklyn Health Center,BK,11201,17,39,105,NYC_COVID_REAL
2024-02-16,Manhattan Hospital,MN,10001,8,18,60,NYC_COVID_REAL
2024-02-16,Queens Medical Center,QN,11101,17,36,130,NYC_COVID_REAL
2024-02-16,Staten Island Hospital,SI,10301,6,17,33,NYC_COVID_REAL
2024-02-17,Bronx Medical Center,BX,10451,12,26,55,NYC_COVID_REAL
2024-02-17,Brooklyn Health Center,BK,11201,8,29,64,NYC_COVID_REAL
2024-02-17,Manhattan Hospital,MN,10001,6,27,30,NYC_COVID_REAL
2024-02-17,Queens Medical Center,QN,11101,15,32,81,NYC_COVID_REAL
2024-02-17,Staten Island Hospital,SI,10301,1,27,25,NYC_COVID_REAL
2024-02-18,Bronx Medical Center,BX,10451,13,35,44,NYC_COVID_REAL
2024-02-18,Brooklyn Health Center,BK,11201,14,39,90,NYC_COVID_REAL
2024-02-18,Manhattan Hospital,MN,10001,12,26,43,NYC_COVID_REAL
2024-02-18,Queens Medical Center,QN,11101,10,25,76,NYC_COVID_REAL
2024-02-18,Staten Island Hospital,SI,10301,6,30,23,NYC_COVID_REAL
2024-02-19,Bronx Medical Center,BX,10451,12,25,57,NYC_COVID_REAL
2024-02-19,Brooklyn Health Center,BK,11201,23,44,136,NYC_COVID_REAL
2024-02-19,Manhattan Hospital,MN,10001,10,28,47,NYC_COVID_REAL
2024-02-19,Queens Medical Center,QN,11101,7,30,116,NYC_COVID_REAL
2024-02-19,Staten Island Hospital,SI,10301,3,21,31,NYC_COVID_REAL
2024-02-20,Bronx Medical Center,BX,10451,11,27,78,NYC_COVID_REAL
2024-02-20,Brooklyn Health Center,BK,11201,20,37,135,NYC_COVID_REAL
2024-02-20,Manhattan Hospital,MN,10001,5,26,55,NYC_COVID_REAL
2024-02-20,Queens Medical Center,QN,11101,19,42,104,NYC_COVID_REAL
2024-02-20,Staten Island Hospital,SI,10301,1,11,36,NYC_COVID_REAL
2024-02-21,Bronx Medical Center,BX,10451,10,34,63,NYC_COVID_REAL
2024-02-21,Brooklyn Health Center,BK,11201,22,51,123,NYC_COVID_REAL
2024-02-21,Manhattan Hospital,MN,10001,14,25,61,NYC_COVID_REAL
2024-02-21,Queens Medical Center,QN,11101,20,43,106,NYC_COVID_REAL
2024-02-21,Staten Island Hospital,SI,10301,2,27,26,NYC_COVID_REAL
2024-02-22,Bronx Medical Center,BX,10451,4,31,69,NYC_COVID_REAL
2024-02-22,Brooklyn Health Center,BK,11201,11,21,119,NYC_COVID_REAL
2024-02-22,Manhattan Hospital,MN,10001,17,39,76,NYC_COVID_REAL
2024-02-22,Queens Medical Center,QN,11101,16,33,100,NYC_COVID_REAL
2024-02-22,Staten Island Hospital,SI,10301,1,11,27,NYC_COVID_REAL
2024-02-23,Bronx Medical Center,BX,10451,11,36,56,NYC_COVID_REAL
2024-02-23,Brooklyn Health Center,BK,11201,20,35,84,NYC_COVID_REAL
2024-02-23,Manhattan Hospital,MN,10001,8,36,38,NYC_COVID_REAL
2024-02-23,Queens Medical Center,QN,11101,9,31,91,NYC_COVID_REAL
2024-02-23,Staten Island Hospital,SI,10301,3,15,28,NYC_COVID_REAL
2024-02-24,Bronx Medical Center,BX,10451,4,26,33,NYC_COVID_REAL
2024-02-24,Brooklyn Health Center,BK,11201,14,26,62,NYC_COVID_REAL
2024-02-24,Manhattan Hospital,MN,10001,7,32,34,NYC_COVID_REAL
2024-02-24,Queens Medical Center,QN,11101,6,35,52,NYC_COVID_REAL
2024-02-24,Staten Island Hospital,SI,10301,4,26,16,NYC_COVID_REAL
2024-02-25,Bronx Medical Center,BX,10451,9,20,36,NYC_COVID_REAL
2024-02-25,Brooklyn Health Center,BK,11201,8,31,65,NYC_COVID_REAL
2024-02-25,Manhattan Hospital,MN,10001,7,21,29,NYC_COVID_REAL
2024-02-25,Queens Medical Center,QN,11101,12,38,60,NYC_COVID_REAL
2024-02-25,Staten Island Hospital,SI,10301,1,23,24,NYC_COVID_REAL
2024-02-26,Bronx Medical Center,BX,10451,9,27,81,NYC_COVID_REAL
2024-02-26,Brooklyn Health Center,BK,11201,22,44,139,NYC_COVID_REAL
2024-02-26,Manhattan Hospital,MN,10001,8,23,50,NYC_COVID_REAL
2024-02-26,Queens Medical Center,QN,11101,17,41,120,NYC_COVID_REAL
2024-02-26,Staten Island Hospital,SI,10301,2,22,31,NYC_COVID_REAL
2024-02-27,Bronx Medical Center,BX,10451,8,29,79,NYC_COVID_REAL
2024-02-27,Brooklyn Health Center,BK,11201,18,45,101,NYC_COVID_REAL
2024-02-27,Manhattan Hospital,MN,10001,5,19,50,NYC_COVID_REAL
2024-02-27,Queens Medical Center,QN,11101,18,45,90,NYC_COVID_REAL
2024-02-27,Staten Island Hospital,SI,10301,3,21,21,NYC_COVID_REAL
2024-02-28,Bronx Medical Center,BX,10451,8,26,60,NYC_COVID_REAL
2024-02-28,Brooklyn Health Center,BK,11201,6,33,109,NYC_COVID_REAL
2024-02-28,Manhattan Hospital,MN,10001,7,30,42,NYC_COVID_REAL
2024-02-28,Queens Medical Center,QN,11101,12,34,74,NYC_COVID_REAL
2024-02-28,Staten Island Hospital,SI,10301,5,20,26,NYC_COVID_REAL
2024-02-29,Bronx Medical Center,BX,10451,9,31,54,NYC_COVID_REAL
2024-02-29,Brooklyn Health Center,BK,11201,14,43,81,NYC_COVID_REAL
2024-02-29,Manhattan Hospital,MN,10001,2,29,40,NYC_COVID_REAL
2024-02-29,Queens Medical Center,QN,11101,13,29,86,NYC_COVID_REAL
2024-02-29,Staten Island Hospital,SI,10301,2,27,23,NYC_COVID_REAL
2024-03-01,Bronx Medical Center,BX,10451,9,33,60,NYC_COVID_REAL
2024-03-01,Brooklyn Health Center,BK,11201,25,45,91,NYC_COVID_REAL
2024-03-01,Manhattan Hospital,MN,10001,4,17,38,NYC_COVID_REAL
2024-03-01,Queens Medical Center,QN,11101,14,34,81,NYC_COVID_REAL
2024-03-01,Staten Island Hospital,SI,10301,3,20,17,NYC_COVID_REAL
2024-03-02,Bronx Medical Center,BX,10451,2,30,24,NYC_COVID_REAL
2024-03-02,Brooklyn Health Center,BK,11201,8,27,34,NYC_COVID_REAL
2024-03-02,Manhattan Hospital,MN,10001,6,18,27,NYC_COVID_REAL
2024-03-02,Queens Medical Center,QN,11101,8,27,52,NYC_COVID_REAL
2024-03-02,Staten Island Hospital,SI,10301,3,29,14,NYC_COVID_REAL
2024-03-03,Bronx Medical Center,BX,10451,8,28,27,NYC_COVID_REAL
2024-03-03,Brooklyn Health Center,BK,11201,10,27,44,NYC_COVID_REAL
2024-03-03,Manhattan Hospital,MN,10001,6,24,20,NYC_COVID_REAL
2024-03-03,Queens Medical Center,QN,11101,8,26,53,NYC_COVID_REAL
2024-03-03,Staten Island Hospital,SI,10301,3,22,18,NYC_COVID_REAL
2024-03-04,Bronx Medical Center,BX,10451,5,30,61,NYC_COVID_REAL
2024-03-04,Brooklyn Health Center,BK,11201,12,23,100,NYC_COVID_REAL
2024-03-04,Manhattan Hospital,MN,10001,8,21,51,NYC_COVID_REAL
2024-03-04,Queens Medical Center,QN,11101,19,46,90,NYC_COVID_REAL
2024-03-04,Staten Island Hospital,SI,10301,3,30,21,NYC_COVID_REAL
2024-03-05,Bronx Medical Center,BX,10451,5,20,50,NYC_COVID_REAL
2024-03-05,Brooklyn Health Center,BK,11201,14,43,91,NYC_COVID_REAL
2024-03-05,Manhattan Hospital,MN,10001,6,30,37,NYC_COVID_REAL
2024-03-05,Queens Medical Center,QN,11101,6,30,98,NYC_COVID_REAL
2024-03-05,Staten Island Hospital,SI,10301,1,22,18,NYC_COVID_REAL
2024-03-06,Bronx Medical Center,BX,10451,7,32,46,NYC_COVID_REAL
2024-03-06,Brooklyn Health Center,BK,11201,12,37,66,NYC_COVID_REAL
2024-03-06,Manhattan Hospital,MN,10001,5,27,33,NYC_COVID_REAL
2024-03-06,Queens Medical Center,QN,11101,8,28,66,NYC_COVID_REAL
2024-03-06,Staten Island Hospital,SI,10301,1,16,15,NYC_COVID_REAL
2024-03-07,Bronx Medical Center,BX,10451,5,30,39,NYC_COVID_REAL
2024-03-07,Brooklyn Health Center,BK,11201,5,24,56,NYC_COVID_REAL
2024-03-07,Manhattan Hospital,MN,10001,1,19,29,NYC_COVID_REAL
2024-03-07,Queens Medical Center,QN,11101,7,27,56,NYC_COVID_REAL
2024-03-07,Staten Island Hospital,SI,10301,4,15,22,NYC_COVID_REAL
2024-03-08,Bronx Medical Center,BX,10451,4,24,30,NYC_COVID_REAL
2024-03-08,Brooklyn Health Center,BK,11201,9,22,66,NYC_COVID_REAL
2024-03-08,Manhattan Hospital,MN,10001,2,20,21,NYC_COVID_REAL
2024-03-08,Queens Medical Center,QN,11101,8,18,60,NYC_COVID_REAL
2024-03-08,Staten Island Hospital,SI,10301,5,21,14,NYC_COVID_REAL
2024-03-09,Bronx Medical Center,BX,10451,3,16,22,NYC_COVID_REAL
2024-03-09,Brooklyn Health Center,BK,11201,11,26,41,NYC_COVID_REAL
2024-03-09,Manhattan Hospital,MN,10001,1,22,15,NYC_COVID_REAL
2024-03-09,Queens Medical Center,QN,11101,5,28,36,NYC_COVID_REAL
2024-03-09,Staten Island Hospital,SI,10301,1,25,8,NYC_COVID_REAL
2024-03-10,Bronx Medical Center,BX,10451,3,19,15,NYC_COVID_REAL
2024-03-10,Brooklyn Health Center,BK,11201,9,36,41,NYC_COVID_REAL
2024-03-10,Manhattan Hospital,MN,10001,4,22,15,NYC_COVID_REAL
2024-03-10,Queens Medical Center,QN,11101,3,23,35,NYC_COVID_REAL
2024-03-10,Staten Island Hospital,SI,10301,2,13,14,NYC_COVID_REAL
2024-03-11,Bronx Medical Center,BX,10451,10,25,47,NYC_COVID_REAL
2024-03-11,Brooklyn Health Center,BK,11201,10,30,58,NYC_COVID_REAL
2024-03-11,Manhattan Hospital,MN,10001,5,28,25,NYC_COVID_REAL
2024-03-11,Queens Medical Center,QN,11101,8,27,56,NYC_COVID_REAL
2024-03-11,Staten Island Hospital,SI,10301,4,19,19,NYC_COVID_REAL
2024-03-12,Bronx Medical Center,BX,10451,5,15,55,NYC_COVID_REAL
2024-03-12,Brooklyn Health Center,BK,11201,7,20,48,NYC_COVID_REAL
2024-03-12,Manhattan Hospital,MN,10001,1,24,38,NYC_COVID_REAL
2024-03-12,Queens Medical Center,QN,11101,12,38,52,NYC_COVID_REAL
2024-03-12,Staten Island Hospital,SI,10301,2,21,15,NYC_COVID_REAL
2024-03-13,Bronx Medical Center,BX,10451,9,25,40,NYC_COVID_REAL
2024-03-13,Brooklyn Health Center,BK,11201,7,36,44,NYC_COVID_REAL
2024-03-13,Manhattan Hospital,MN,10001,7,33,35,NYC_COVID_REAL
2024-03-13,Queens Medical Center,QN,11101,6,33,50,NYC_COVID_REAL
2024-03-13,Staten Island Hospital,SI,10301,1,13,15,NYC_COVID_REAL
2024-03-14,Bronx Medical Center,BX,10451,4,20,31,NYC_COVID_REAL
2024-03-14,Brooklyn Health Center,BK,11201,13,36,53,NYC_COVID_REAL
2024-03-14,Manhattan Hospital,MN,10001,8,27,27,NYC_COVID_REAL
2024-03-14,Queens Medical Center,QN,11101,4,23,46,NYC_COVID_REAL
2024-03-14,Staten Island Hospital,SI,10301,1,17,11,NYC_COVID_REAL
2024-03-15,Bronx Medical Center,BX,10451,6,27,35,NYC_COVID_REAL
2024-03-15,Brooklyn Health Center,BK,11201,5,26,50,NYC_COVID_REAL
2024-03-15,Manhattan Hospital,MN,10001,4,20,23,NYC_COVID_REAL
2024-03-15,Queens Medical Center,QN,11101,7,29,32,NYC_COVID_REAL
2024-03-15,Staten Island Hospital,SI,10301,1,30,12,NYC_COVID_REAL
2024-03-16,Bronx Medical Center,BX,10451,7,19,30,NYC_COVID_REAL
2024-03-16,Brooklyn Health Center,BK,11201,9,25,35,NYC_COVID_REAL
2024-03-16,Manhattan Hospital,MN,10001,2,23,6,NYC_COVID_REAL
2024-03-16,Queens Medical Center,QN,11101,6,17,40,NYC_COVID_REAL
2024-03-16,Staten Island Hospital,SI,10301,1,12,6,NYC_COVID_REAL
2024-03-17,Bronx Medical Center,BX,10451,3,19,13,NYC_COVID_REAL
2024-03-17,Brooklyn Health Center,BK,11201,5,24,37,NYC_COVID_REAL
2024-03-17,Manhattan Hospital,MN,10001,3,23,19,NYC_COVID_REAL
2024-03-17,Queens Medical Center,QN,11101,5,27,39,NYC_COVID_REAL
2024-03-17,Staten Island Hospital,SI,10301,1,26,13,NYC_COVID_REAL
2024-03-18,Bronx Medical Center,BX,10451,10,34,53,NYC_COVID_REAL
2024-03-18,Brooklyn Health Center,BK,11201,6,31,80,NYC_COVID_REAL
2024-03-18,Manhattan Hospital,MN,10001,2,29,31,NYC_COVID_REAL
2024-03-18,Queens Medical Center,QN,11101,6,32,53,NYC_COVID_REAL
2024-03-18,Staten Island Hospital,SI,10301,5,24,11,NYC_COVID_REAL
2024-03-19,Bronx Medical Center,BX,10451,6,29,36,NYC_COVID_REAL
2024-03-19,Brooklyn Health Center,BK,11201,3,25,53,NYC_COVID_REAL
2024-03-19,Manhattan Hospital,MN,10001,4,33,26,NYC_COVID_REAL
2024-03-19,Queens Medical Center,QN,11101,6,20,62,NYC_COVID_REAL
2024-03-19,Staten Island Hospital,SI,10301,1,19,11,NYC_COVID_REAL
2024-03-20,Bronx Medical Center,BX,10451,4,14,34,NYC_COVID_REAL
2024-03-20,Brooklyn Health Center,BK,11201,13,25,59,NYC_COVID_REAL
2024-03-20,Manhattan Hospital,MN,10001,9,23,23,NYC_COVID_REAL
2024-03-20,Queens Medical Center,QN,11101,3,24,43,NYC_COVID_REAL
2024-03-20,Staten Island Hospital,SI,10301,1,11,14,NYC_COVID_REAL
2024-03-21,Bronx Medical Center,BX,10451,1,23,24,NYC_COVID_REAL
2024-03-21,Brooklyn Health Center,BK,11201,7,23,59,NYC_COVID_REAL
2024-03-21,Manhattan Hospital,MN,10001,3,26,23,NYC_COVID_REAL
2024-03-21,Queens Medical Center,QN,11101,11,35,69,NYC_COVID_REAL
2024-03-21,Staten Island Hospital,SI,10301,1,20,14,NYC_COVID_REAL
2024-03-22,Bronx Medical Center,BX,10451,4,30,37,NYC_COVID_REAL
2024-03-22,Brooklyn Health Center,BK,11201,7,30,57,NYC_COVID_REAL
2024-03-22,Manhattan Hospital,MN,10001,1,24,20,NYC_COVID_REAL
2024-03-22,Queens Medical Center,QN,11101,5,33,43,NYC_COVID_REAL
2024-03-22,Staten Island Hospital,SI,10301,1,16,7,NYC_COVID_REAL
2024-03-23,Bronx Medical Center,BX,10451,3,26,11,NYC_COVID_REAL
2024-03-23,Brooklyn Health Center,BK,11201,5,34,37,NYC_COVID_REAL
2024-03-23,Manhattan Hospital,MN,10001,4,23,11,NYC_COVID_REAL
2024-03-23,Queens Medical Center,QN,11101,4,23,23,NYC_COVID_REAL
2024-03-23,Staten Island Hospital,SI,10301,1,14,6,NYC_COVID_REAL
2024-03-24,Bronx Medical Center,BX,10451,3,14,15,NYC_COVID_REAL
2024-03-24,Brooklyn Health Center,BK,11201,4,28,30,NYC_COVID_REAL
2024-03-24,Manhattan Hospital,MN,10001,4,17,11,NYC_COVID_REAL
2024-03-24,Queens Medical Center,QN,11101,3,30,26,NYC_COVID_REAL
2024-03-24,Staten Island Hospital,SI,10301,1,30,6,NYC_COVID_REAL
2024-03-25,Bronx Medical Center,BX,10451,3,31,29,NYC_COVID_REAL
2024-03-25,Brooklyn Health Center,BK,11201,11,22,65,NYC_COVID_REAL
2024-03-25,Manhattan Hospital,MN,10001,6,22,28,NYC_COVID_REAL
2024-03-25,Queens Medical Center,QN,11101,6,17,71,NYC_COVID_REAL
2024-03-25,Staten Island Hospital,SI,10301,2,15,17,NYC_COVID_REAL
2024-03-26,Bronx Medical Center,BX,10451,2,13,35,NYC_COVID_REAL
2024-03-26,Brooklyn Health Center,BK,11201,11,29,53,NYC_COVID_REAL
2024-03-26,Manhattan Hospital,MN,10001,3,14,27,NYC_COVID_REAL
2024-03-26,Queens Medical Center,QN,11101,10,37,48,NYC_COVID_REAL
2024-03-26,Staten Island Hospital,SI,10301,1,23,8,NYC_COVID_REAL
2024-03-27,Bronx Medical Center,BX,10451,1,12,23,NYC_COVID_REAL
2024-03-27,Brooklyn Health Center,BK,11201,7,30,43,NYC_COVID_REAL
2024-03-27,Manhattan Hospital,MN,10001,1,20,16,NYC_COVID_REAL
2024-03-27,Queens Medical Center,QN,11101,7,36,48,NYC_COVID_REAL
2024-03-27,Staten Island Hospital,SI,10301,1,28,15,NYC_COVID_REAL
2024-03-28,Bronx Medical Center,BX,10451,5,29,32,NYC_COVID_REAL
2024-03-28,Brooklyn Health Center,BK,11201,5,16,56,NYC_COVID_REAL
2024-03-28,Manhattan Hospital,MN,10001,5,34,21,NYC_COVID_REAL
2024-03-28,Queens Medical Center,QN,11101,9,37,46,NYC_COVID_REAL
2024-03-28,Staten Island Hospital,SI,10301,1,28,9,NYC_COVID_REAL
2024-03-29,Bronx Medical Center,BX,10451,5,17,20,NYC_COVID_REAL
2024-03-29,Brooklyn Health Center,BK,11201,7,34,37,NYC_COVID_REAL
2024-03-29,Manhattan Hospital,MN,10001,4,33,30,NYC_COVID_REAL
2024-03-29,Queens Medical Center,QN,11101,6,25,41,NYC_COVID_REAL
2024-03-29,Staten Island Hospital,SI,10301,1,22,3,NYC_COVID_REAL
2024-03-30,Bronx Medical Center,BX,10451,3,25,10,NYC_COVID_REAL
2024-03-30,Brooklyn Health Center,BK,11201,4,22,35,NYC_COVID_REAL
2024-03-30,Manhattan Hospital,MN,10001,2,24,17,NYC_COVID_REAL
2024-03-30,Queens Medical Center,QN,11101,5,21,26,NYC_COVID_REAL
2024-03-30,Staten Island Hospital,SI,10301,1,20,6,NYC_COVID_REAL
2024-03-31,Bronx Medical Center,BX,10451,1,15,12,NYC_COVID_REAL
2024-03-31,Brooklyn Health Center,BK,11201,3,31,31,NYC_COVID_REAL
2024-03-31,Manhattan Hospital,MN,10001,4,14,10,NYC_COVID_REAL
2024-03-31,Queens Medical Center,QN,11101,4,23,23,NYC_COVID_REAL
2024-03-31,Staten Island Hospital,SI,10301,3,22,6,NYC_COVID_REAL
2024-04-01,Bronx Medical Center,BX,10451,3,18,23,NYC_COVID_REAL
2024-04-01,Brooklyn Health Center,BK,11201,8,25,47,NYC_COVID_REAL
2024-04-01,Manhattan Hospital,MN,10001,1,18,22,NYC_COVID_REAL
2024-04-01,Queens Medical Center,QN,11101,7,33,62,NYC_COVID_REAL
2024-04-01,Staten Island Hospital,SI,10301,1,18,15,NYC_COVID_REAL
2024-04-02,Bronx Medical Center,BX,10451,3,30,20,NYC_COVID_REAL
2024-04-02,Brooklyn Health Center,BK,11201,13,24,46,NYC_COVID_REAL
2024-04-02,Manhattan Hospital,MN,10001,1,22,22,NYC_COVID_REAL
2024-04-02,Queens Medical Center,QN,11101,6,16,44,NYC_COVID_REAL
2024-04-02,Staten Island Hospital,SI,10301,1,20,8,NYC_COVID_REAL
2024-04-03,Bronx Medical Center,BX,10451,5,22,22,NYC_COVID_REAL
2024-04-03,Brooklyn Health Center,BK,11201,7,34,46,NYC_COVID_REAL
2024-04-03,Manhattan Hospital,MN,10001,8,28,24,NYC_COVID_REAL
2024-04-03,Queens Medical Center,QN,11101,7,32,40,NYC_COVID_REAL
2024-04-03,Staten Island Hospital,SI,10301,1,23,12,NYC_COVID_REAL
2024-04-04,Bronx Medical Center,BX,10451,4,25,26,NYC_COVID_REAL
2024-04-04,Brooklyn Health Center,BK,11201,7,19,46,NYC_COVID_REAL
2024-04-04,Manhattan Hospital,MN,10001,6,21,29,NYC_COVID_REAL
2024-04-04,Queens Medical Center,QN,11101,3,24,48,NYC_COVID_REAL
2024-04-04,Staten Island Hospital,SI,10301,1,23,13,NYC_COVID_REAL
2024-04-05,Bronx Medical Center,BX,10451,2,21,20,NYC_COVID_REAL
2024-04-05,Brooklyn Health Center,BK,11201,7,28,50,NYC_COVID_REAL
2024-04-05,Manhattan Hospital,MN,10001,5,34,19,NYC_COVID_REAL
2024-04-05,Queens Medical Center,QN,11101,5,33,41,NYC_COVID_REAL
2024-04-05,Staten Island Hospital,SI,10301,2,27,11,NYC_COVID_REAL
2024-04-06,Bronx Medical Center,BX,10451,3,20,13,NYC_COVID_REAL
2024-04-06,Brooklyn Health Center,BK,11201,10,38,27,NYC_COVID_REAL
2024-04-06,Manhattan Hospital,MN,10001,1,21,12,NYC_COVID_REAL
2024-04-06,Queens Medical Center,QN,11101,4,25,28,NYC_COVID_REAL
2024-04-06,Staten Island Hospital,SI,10301,3,20,11,NYC_COVID_REAL
2024-04-07,Bronx Medical Center,BX,10451,1,27,18,NYC_COVID_REAL
2024-04-07,Brooklyn Health Center,BK,11201,5,18,33,NYC_COVID_REAL
2024-04-07,Manhattan Hospital,MN,10001,3,19,15,NYC_COVID_REAL
2024-04-07,Queens Medical Center,QN,11101,2,28,28,NYC_COVID_REAL
2024-04-07,Staten Island Hospital,SI,10301,1,22,5,NYC_COVID_REAL
2024-04-08,Bronx Medical Center,BX,10451,1,24,20,NYC_COVID_REAL
2024-04-08,Brooklyn Health Center,BK,11201,6,19,43,NYC_COVID_REAL
2024-04-08,Manhattan Hospital,MN,10001,5,31,25,NYC_COVID_REAL
2024-04-08,Queens Medical Center,QN,11101,1,18,49,NYC_COVID_REAL
2024-04-08,Staten Island Hospital,SI,10301,1,24,13,NYC_COVID_REAL
2024-04-09,Bronx Medical Center,BX,10451,1,18,22,NYC_COVID_REAL
2024-04-09,Brooklyn Health Center,BK,11201,7,19,43,NYC_COVID_REAL
2024-04-09,Manhattan Hospital,MN,10001,3,13,23,NYC_COVID_REAL
2024-04-09,Queens Medical Center,QN,11101,7,18,43,NYC_COVID_REAL
2024-04-09,Staten Island Hospital,SI,10301,1,17,6,NYC_COVID_REAL
2024-04-10,Bronx Medical Center,BX,10451,9,27,22,NYC_COVID_REAL
2024-04-10,Brooklyn Health Center,BK,11201,9,35,42,NYC_COVID_REAL
2024-04-10,Manhattan Hospital,MN,10001,2,20,25,NYC_COVID_REAL
2024-04-10,Queens Medical Center,QN,11101,6,18,40,NYC_COVID_REAL
2024-04-10,Staten Island Hospital,SI,10301,1,20,9,NYC_COVID_REAL
2024-04-11,Bronx Medical Center,BX,10451,8,21,19,NYC_COVID_REAL
2024-04-11,Brooklyn Health Center,BK,11201,12,35,59,NYC_COVID_REAL
2024-04-11,Manhattan Hospital,MN,10001,3,26,27,NYC_COVID_REAL
2024-04-11,Queens Medical Center,QN,11101,5,16,38,NYC_COVID_REAL
2024-04-11,Staten Island Hospital,SI,10301,1,13,6,NYC_COVID_REAL
2024-04-12,Bronx Medical Center,BX,10451,2,15,17,NYC_COVID_REAL
2024-04-12,Brooklyn Health Center,BK,11201,6,33,44,NYC_COVID_REAL
2024-04-12,Manhattan Hospital,MN,10001,3,31,20,NYC_COVID_REAL
2024-04-12,Queens Medical Center,QN,11101,7,20,41,NYC_COVID_REAL
2024-04-12,Staten Island Hospital,SI,10301,1,18,6,NYC_COVID_REAL
2024-04-13,Bronx Medical Center,BX,10451,5,22,15,NYC_COVID_REAL
2024-04-13,Brooklyn Health Center,BK,11201,4,23,34,NYC_COVID_REAL
2024-04-13,Manhattan Hospital,MN,10001,3,18,13,NYC_COVID_REAL
2024-04-13,Queens Medical Center,QN,11101,4,19,26,NYC_COVID_REAL
2024-04-13,Staten Island Hospital,SI,10301,1,19,2,NYC_COVID_REAL
2024-04-14,Bronx Medical Center,BX,10451,2,21,12,NYC_COVID_REAL
2024-04-14,Brooklyn Health Center,BK,11201,6,31,22,NYC_COVID_REAL
2024-04-14,Manhattan Hospital,MN,10001,3,32,9,NYC_COVID_REAL
2024-04-14,Queens Medical Center,QN,11101,3,28,24,NYC_COVID_REAL
2024-04-14,Staten Island Hospital,SI,10301,1,28,4,NYC_COVID_REAL
2024-04-15,Bronx Medical Center,BX,10451,5,28,25,NYC_COVID_REAL
2024-04-15,Brooklyn Health Center,BK,11201,9,38,65,NYC_COVID_REAL
2024-04-15,Manhattan Hospital,MN,10001,5,19,36,NYC_COVID_REAL
2024-04-15,Queens Medical Center,QN,11101,2,12,47,NYC_COVID_REAL
2024-04-15,Staten Island Hospital,SI,10301,1,30,9,NYC_COVID_REAL
2024-04-16,Bronx Medical Center,BX,10451,2,28,31,NYC_COVID_REAL
2024-04-16,Brooklyn Health Center,BK,11201,3,27,39,NYC_COVID_REAL
2024-04-16,Manhattan Hospital,MN,10001,4,19,26,NYC_COVID_REAL
2024-04-16,Queens Medical Center,QN,11101,4,23,36,NYC_COVID_REAL
2024-04-16,Staten Island Hospital,SI,10301,1,21,8,NYC_COVID_REAL
2024-04-17,Bronx Medical Center,BX,10451,5,25,27,NYC_COVID_REAL
2024-04-17,Brooklyn Health Center,BK,11201,5,29,53,NYC_COVID_REAL
2024-04-17,Manhattan Hospital,MN,10001,5,23,20,NYC_COVID_REAL
2024-04-17,Queens Medical Center,QN,11101,3,31,40,NYC_COVID_REAL
2024-04-17,Staten Island Hospital,SI,10301,1,25,9,NYC_COVID_REAL
2024-04-18,Bronx Medical Center,BX,10451,3,28,25,NYC_COVID_REAL
2024-04-18,Brooklyn Health Center,BK,11201,5,24,32,NYC_COVID_REAL
2024-04-18,Manhattan Hospital,MN,10001,3,13,31,NYC_COVID_REAL
2024-04-18,Queens Medical Center,QN,11101,9,29,27,NYC_COVID_REAL
2024-04-18,Staten Island Hospital,SI,10301,1,11,3,NYC_COVID_REAL
2024-04-19,Bronx Medical Center,BX,10451,4,16,17,NYC_COVID_REAL
2024-04-19,Brooklyn Health Center,BK,11201,12,34,54,NYC_COVID_REAL
2024-04-19,Manhattan Hospital,MN,10001,5,21,25,NYC_COVID_REAL
2024-04-19,Queens Medical Center,QN,11101,7,25,39,NYC_COVID_REAL
2024-04-19,Staten Island Hospital,SI,10301,1,26,10,NYC_COVID_REAL
2024-04-20,Bronx Medical Center,BX,10451,3,17,19,NYC_COVID_REAL
2024-04-20,Brooklyn Health Center,BK,11201,5,22,26,NYC_COVID_REAL
2024-04-20,Manhattan Hospital,MN,10001,4,17,16,NYC_COVID_REAL
2024-04-20,Queens Medical Center,QN,11101,3,24,32,NYC_COVID_REAL
2024-04-20,Staten Island Hospital,SI,10301,1,28,0,NYC_COVID_REAL
2024-04-21,Bronx Medical Center,BX,10451,3,29,18,NYC_COVID_REAL
2024-04-21,Brooklyn Health Center,BK,11201,5,18,26,NYC_COVID_REAL
2024-04-21,Manhattan Hospital,MN,10001,3,27,15,NYC_COVID_REAL
2024-04-21,Queens Medical Center,QN,11101,5,23,28,NYC_COVID_REAL
2024-04-21,Staten Island Hospital,SI,10301,1,23,5,NYC_COVID_REAL
2024-04-22,Bronx Medical Center,BX,10451,4,26,26,NYC_COVID_REAL
2024-04-22,Brooklyn Health Center,BK,11201,8,33,37,NYC_COVID_REAL
2024-04-22,Manhattan Hospital,MN,10001,2,29,34,NYC_COVID_REAL
2024-04-22,Queens Medical Center,QN,11101,7,35,38,NYC_COVID_REAL
2024-04-22,Staten Island Hospital,SI,10301,1,28,9,NYC_COVID_REAL
2024-04-23,Bronx Medical Center,BX,10451,3,14,17,NYC_COVID_REAL
2024-04-23,Brooklyn Health Center,BK,11201,4,27,26,NYC_COVID_REAL
2024-04-23,Manhattan Hospital,MN,10001,4,22,16,NYC_COVID_REAL
2024-04-23,Queens Medical Center,QN,11101,8,27,44,NYC_COVID_REAL
2024-04-23,Staten Island Hospital,SI,10301,1,11,7,NYC_COVID_REAL
2024-04-24,Bronx Medical Center,BX,10451,2,25,26,NYC_COVID_REAL
2024-04-24,Brooklyn Health Center,BK,11201,5,20,44,NYC_COVID_REAL
2024-04-24,Manhattan Hospital,MN,10001,7,36,27,NYC_COVID_REAL
2024-04-24,Queens Medical Center,QN,11101,6,22,33,NYC_COVID_REAL
2024-04-24,Staten Island Hospital,SI,10301,1,24,4,NYC_COVID_REAL
2024-04-25,Bronx Medical Center,BX,10451,5,29,16,NYC_COVID_REAL
2024-04-25,Brooklyn Health Center,BK,11201,8,22,30,NYC_COVID_REAL
2024-04-25,Manhattan Hospital,MN,10001,6,27,23,NYC_COVID_REAL
2024-04-25,Queens Medical Center,QN,11101,6,27,43,NYC_COVID_REAL
2024-04-25,Staten Island Hospital,SI,10301,1,23,2,NYC_COVID_REAL
2024-04-26,Bronx Medical Center,BX,10451,5,30,27,NYC_COVID_REAL
2024-04-26,Brooklyn Health Center,BK,11201,4,17,33,NYC_COVID_REAL
2024-04-26,Manhattan Hospital,MN,10001,1,18,21,NYC_COVID_REAL
2024-04-26,Queens Medical Center,QN,11101,8,32,47,NYC_COVID_REAL
2024-04-26,Staten Island Hospital,SI,10301,1,19,7,NYC_COVID_REAL
2024-04-27,Bronx Medical Center,BX,10451,1,17,16,NYC_COVID_REAL
2024-04-27,Brooklyn Health Center,BK,11201,11,30,36,NYC_COVID_REAL
2024-04-27,Manhattan Hospital,MN,10001,2,20,11,NYC_COVID_REAL
2024-04-27,Queens Medical Center,QN,11101,3,17,26,NYC_COVID_REAL
2024-04-27,Staten Island Hospital,SI,10301,3,26,5,NYC_COVID_REAL
2024-04-28,Bronx Medical Center,BX,10451,3,18,15,NYC_COVID_REAL
2024-04-28,Brooklyn Health Center,BK,11201,4,26,31,NYC_COVID_REAL
2024-04-28,Manhattan Hospital,MN,10001,11,27,18,NYC_COVID_REAL
2024-04-28,Queens Medical Center,QN,11101,8,21,24,NYC_COVID_REAL
2024-04-28,Staten Island Hospital,SI,10301,1,22,11,NYC_COVID_REAL
2024-04-29,Bronx Medical Center,BX,10451,5,27,36,NYC_COVID_REAL
2024-04-29,Brooklyn Health Center,BK,11201,10,29,48,NYC_COVID_REAL
2024-04-29,Manhattan Hospital,MN,10001,8,27,35,NYC_COVID_REAL
2024-04-29,Queens Medical Center,QN,11101,7,18,57,NYC_COVID_REAL
2024-04-29,Staten Island Hospital,SI,10301,3,20,10,NYC_COVID_REAL
2024-04-30,Bronx Medical Center,BX,10451,4,33,29,NYC_COVID_REAL
2024-04-30,Brooklyn Health Center,BK,11201,11,21,35,NYC_COVID_REAL
2024-04-30,Manhattan Hospital,MN,10001,7,33,31,NYC_COVID_REAL
2024-04-30,Queens Medical Center,QN,11101,6,20,46,NYC_COVID_REAL
2024-04-30,Staten Island Hospital,SI,10301,2,24,7,NYC_COVID_REAL
2024-05-01,Bronx Medical Center,BX,10451,6,27,38,NYC_COVID_REAL
2024-05-01,Brooklyn Health Center,BK,11201,6,31,37,NYC_COVID_REAL
2024-05-01,Manhattan Hospital,MN,10001,3,14,28,NYC_COVID_REAL
2024-05-01,Queens Medical Center,QN,11101,5,18,26,NYC_COVID_REAL
2024-05-01,Staten Island Hospital,SI,10301,1,19,11,NYC_COVID_REAL
2024-05-02,Bronx Medical Center,BX,10451,2,31,21,NYC_COVID_REAL
2024-05-02,Brooklyn Health Center,BK,11201,7,30,42,NYC_COVID_REAL
2024-05-02,Manhattan Hospital,MN,10001,4,16,16,NYC_COVID_REAL
2024-05-02,Queens Medical Center,QN,11101,6,25,47,NYC_COVID_REAL
2024-05-02,Staten Island Hospital,SI,10301,1,22,7,NYC_COVID_REAL
2024-05-03,Bronx Medical Center,BX,10451,4,31,21,NYC_COVID_REAL
2024-05-03,Brooklyn Health Center,BK,11201,9,19,41,NYC_COVID_REAL
2024-05-03,Manhattan Hospital,MN,10001,6,16,29,NYC_COVID_REAL
2024-05-03,Queens Medical Center,QN,11101,5,29,35,NYC_COVID_REAL
2024-05-03,Staten Island Hospital,SI,10301,1,22,3,NYC_COVID_REAL
2024-05-04,Bronx Medical Center,BX,10451,5,16,9,NYC_COVID_REAL
2024-05-04,Brooklyn Health Center,BK,11201,3,19,26,NYC_COVID_REAL
2024-05-04,Manhattan Hospital,MN,10001,1,19,18,NYC_COVID_REAL
2024-05-04,Queens Medical Center,QN,11101,7,23,35,NYC_COVID_REAL
2024-05-04,Staten Island Hospital,SI,10301,1,30,1,NYC_COVID_REAL
2024-05-05,Bronx Medical Center,BX,10451,5,17,18,NYC_COVID_REAL
2024-05-05,Brooklyn Health Center,BK,11201,7,33,20,NYC_COVID_REAL
2024-05-05,Manhattan Hospital,MN,10001,2,19,9,NYC_COVID_REAL
2024-05-05,Queens Medical Center,QN,11101,7,29,22,NYC_COVID_REAL
2024-05-05,Staten Island Hospital,SI,10301,1,27,6,NYC_COVID_REAL
2024-05-06,Bronx Medical Center,BX,10451,2,23,27,NYC_COVID_REAL
2024-05-06,Brooklyn Health Center,BK,11201,7,24,61,NYC_COVID_REAL
2024-05-06,Manhattan Hospital,MN,10001,6,33,33,NYC_COVID_REAL
2024-05-06,Queens Medical Center,QN,11101,9,33,51,NYC_COVID_REAL
2024-05-06,Staten Island Hospital,SI,10301,1,16,7,NYC_COVID_REAL
2024-05-07,Bronx Medical Center,BX,10451,5,29,36,NYC_COVID_REAL
2024-05-07,Brooklyn Health Center,BK,11201,7,25,37,NYC_COVID_REAL
2024-05-07,Manhattan Hospital,MN,10001,7,27,28,NYC_COVID_REAL
2024-05-07,Queens Medical Center,QN,11101,9,36,62,NYC_COVID_REAL
2024-05-07,Staten Island Hospital,SI,10301,1,25,8,NYC_COVID_REAL
2024-05-08,Bronx Medical Center,BX,10451,6,31,22,NYC_COVID_REAL
2024-05-08,Brooklyn Health Center,BK,11201,9,25,53,NYC_COVID_REAL
2024-05-08,Manhattan Hospital,MN,10001,6,22,50,NYC_COVID_REAL
2024-05-08,Queens Medical Center,QN,11101,7,36,39,NYC_COVID_REAL
2024-05-08,Staten Island Hospital,SI,10301,1,20,4,NYC_COVID_REAL
2024-05-09,Bronx Medical Center,BX,10451,5,26,36,NYC_COVID_REAL
2024-05-09,Brooklyn Health Center,BK,11201,8,27,42,NYC_COVID_REAL
2024-05-09,Manhattan Hospital,MN,10001,5,29,44,NYC_COVID_REAL
2024-05-09,Queens Medical Center,QN,11101,3,21,48,NYC_COVID_REAL
2024-05-09,Staten Island Hospital,SI,10301,1,20,6,NYC_COVID_REAL
2024-05-10,Bronx Medical Center,BX,10451,4,29,38,NYC_COVID_REAL
2024-05-10,Brooklyn Health Center,BK,11201,4,33,45,NYC_COVID_REAL
2024-05-10,Manhattan Hospital,MN,10001,4,30,24,NYC_COVID_REAL
2024-05-10,Queens Medical Center,QN,11101,6,24,37,NYC_COVID_REAL
2024-05-10,Staten Island Hospital,SI,10301,1,28,8,NYC_COVID_REAL
2024-05-11,Bronx Medical Center,BX,10451,2,17,22,NYC_COVID_REAL
2024-05-11,Brooklyn Health Center,BK,11201,2,30,25,NYC_COVID_REAL
2024-05-11,Manhattan Hospital,MN,10001,7,17,24,NYC_COVID_REAL
2024-05-11,Queens Medical Center,QN,11101,2,14,32,NYC_COVID_REAL
2024-05-11,Staten Island Hospital,SI,10301,1,19,6,NYC_COVID_REAL
2024-05-12,Bronx Medical Center,BX,10451,1,27,22,NYC_COVID_REAL
2024-05-12,Brooklyn Health Center,BK,11201,4,28,23,NYC_COVID_REAL
2024-05-12,Manhattan Hospital,MN,10001,2,13,24,NYC_COVID_REAL
2024-05-12,Queens Medical Center,QN,11101,5,30,35,NYC_COVID_REAL
2024-05-12,Staten Island Hospital,SI,10301,1,17,7,NYC_COVID_REAL
2024-05-13,Bronx Medical Center,BX,10451,4,19,44,NYC_COVID_REAL
2024-05-13,Brooklyn Health Center,BK,11201,8,19,75,NYC_COVID_REAL
2024-05-13,Manhattan Hospital,MN,10001,5,17,46,NYC_COVID_REAL
2024-05-13,Queens Medical Center,QN,11101,7,28,76,NYC_COVID_REAL
2024-05-13,Staten Island Hospital,SI,10301,3,29,21,NYC_COVID_REAL
2024-05-14,Bronx Medical Center,BX,10451,2,25,50,NYC_COVID_REAL
2024-05-14,Brooklyn Health Center,BK,11201,14,42,73,NYC_COVID_REAL
2024-05-14,Manhattan Hospital,MN,10001,2,28,32,NYC_COVID_REAL
2024-05-14,Queens Medical Center,QN,11101,5,27,70,NYC_COVID_REAL
2024-05-14,Staten Island Hospital,SI,10301,2,24,6,NYC_COVID_REAL
2024-05-15,Bronx Medical Center,BX,10451,6,17,54,NYC_COVID_REAL
2024-05-15,Brooklyn Health Center,BK,11201,10,30,72,NYC_COVID_REAL
2024-05-15,Manhattan Hospital,MN,10001,5,22,47,NYC_COVID_REAL
2024-05-15,Queens Medical Center,QN,11101,9,25,79,NYC_COVID_REAL
2024-05-15,Staten Island Hospital,SI,10301,2,25,8,NYC_COVID_REAL
2024-05-16,Bronx Medical Center,BX,10451,4,31,37,NYC_COVID_REAL
2024-05-16,Brooklyn Health Center,BK,11201,5,34,51,NYC_COVID_REAL
2024-05-16,Manhattan Hospital,MN,10001,6,25,55,NYC_COVID_REAL
2024-05-16,Queens Medical Center,QN,11101,10,21,63,NYC_COVID_REAL
2024-05-16,Staten Island Hospital,SI,10301,1,11,24,NYC_COVID_REAL
2024-05-17,Bronx Medical Center,BX,10451,3,18,43,NYC_COVID_REAL
2024-05-17,Brooklyn Health Center,BK,11201,6,18,60,NYC_COVID_REAL
2024-05-17,Manhattan Hospital,MN,10001,12,36,49,NYC_COVID_REAL
2024-05-17,Queens Medical Center,QN,11101,9,32,58,NYC_COVID_REAL
2024-05-17,Staten Island Hospital,SI,10301,2,25,6,NYC_COVID_REAL
2024-05-18,Bronx Medical Center,BX,10451,6,30,32,NYC_COVID_REAL
2024-05-18,Brooklyn Health Center,BK,11201,9,31,38,NYC_COVID_REAL
2024-05-18,Manhattan Hospital,MN,10001,6,20,39,NYC_COVID_REAL
2024-05-18,Queens Medical Center,QN,11101,9,21,52,NYC_COVID_REAL
2024-05-18,Staten Island Hospital,SI,10301,1,13,6,NYC_COVID_REAL
2024-05-19,Bronx Medical Center,BX,10451,2,19,20,NYC_COVID_REAL
2024-05-19,Brooklyn Health Center,BK,11201,4,24,38,NYC_COVID_REAL
2024-05-19,Manhattan Hospital,MN,10001,6,34,23,NYC_COVID_REAL
2024-05-19,Queens Medical Center,QN,11101,7,34,46,NYC_COVID_REAL
2024-05-19,Staten Island Hospital,SI,10301,5,31,10,NYC_COVID_REAL
2024-05-20,Bronx Medical Center,BX,10451,7,31,64,NYC_COVID_REAL
2024-05-20,Brooklyn Health Center,BK,11201,7,26,77,NYC_COVID_REAL
2024-05-20,Manhattan Hospital,MN,10001,6,23,66,NYC_COVID_REAL
2024-05-20,Queens Medical Center,QN,11101,7,35,82,NYC_COVID_REAL
2024-05-20,Staten Island Hospital,SI,10301,2,30,8,NYC_COVID_REAL
2024-05-21,Bronx Medical Center,BX,10451,6,18,73,NYC_COVID_REAL
2024-05-21,Brooklyn Health Center,BK,11201,9,25,68,NYC_COVID_REAL
2024-05-21,Manhattan Hospital,MN,10001,7,25,50,NYC_COVID_REAL
2024-05-21,Queens Medical Center,QN,11101,3,18,85,NYC_COVID_REAL
2024-05-21,Staten Island Hospital,SI,10301,2,18,13,NYC_COVID_REAL
2024-05-22,Bronx Medical Center,BX,10451,5,15,66,NYC_COVID_REAL
2024-05-22,Brooklyn Health Center,BK,11201,6,28,61,NYC_COVID_REAL
2024-05-22,Manhattan Hospital,MN,10001,5,21,52,NYC_COVID_REAL
2024-05-22,Queens Medical Center,QN,11101,6,34,89,NYC_COVID_REAL
2024-05-22,Staten Island Hospital,SI,10301,2,18,21,NYC_COVID_REAL
2024-05-23,Bronx Medical Center,BX,10451,5,18,43,NYC_COVID_REAL
2024-05-23,Brooklyn Health Center,BK,11201,6,32,64,NYC_COVID_REAL
2024-05-23,Manhattan Hospital,MN,10001,5,31,44,NYC_COVID_REAL
2024-05-23,Queens Medical Center,QN,11101,12,31,67,NYC_COVID_REAL
2024-05-23,Staten Island Hospital,SI,10301,1,23,7,NYC_COVID_REAL
2024-05-24,Bronx Medical Center,BX,10451,12,26,61,NYC_COVID_REAL
2024-05-24,Brooklyn Health Center,BK,11201,7,22,65,NYC_COVID_REAL
2024-05-24,Manhattan Hospital,MN,10001,8,23,45,NYC_COVID_REAL
2024-05-24,Queens Medical Center,QN,11101,5,17,63,NYC_COVID_REAL
2024-05-24,Staten Island Hospital,SI,10301,3,30,8,NYC_COVID_REAL
2024-05-25,Bronx Medical Center,BX,10451,4,32,28,NYC_COVID_REAL
2024-05-25,Brooklyn Health Center,BK,11201,12,34,44,NYC_COVID_REAL
2024-05-25,Manhattan Hospital,MN,10001,4,18,26,NYC_COVID_REAL
2024-05-25,Queens Medical Center,QN,11101,11,36,42,NYC_COVID_REAL
2024-05-25,Staten Island Hospital,SI,10301,1,17,8,NYC_COVID_REAL
2024-05-26,Bronx Medical Center,BX,10451,9,23,41,NYC_COVID_REAL
2024-05-26,Brooklyn Health Center,BK,11201,7,19,42,NYC_COVID_REAL
2024-05-26,Manhattan Hospital,MN,10001,9,36,41,NYC_COVID_REAL
2024-05-26,Queens Medical Center,QN,11101,7,23,51,NYC_COVID_REAL
2024-05-26,Staten Island Hospital,SI,10301,2,20,9,NYC_COVID_REAL
2024-05-27,Bronx Medical Center,BX,10451,3,27,40,NYC_COVID_REAL
2024-05-27,Brooklyn Health Center,BK,11201,6,24,46,NYC_COVID_REAL
2024-05-27,Manhattan Hospital,MN,10001,8,31,32,NYC_COVID_REAL
2024-05-27,Queens Medical Center,QN,11101,10,20,45,NYC_COVID_REAL
2024-05-27,Staten Island Hospital,SI,10301,3,18,19,NYC_COVID_REAL
2024-05-28,Bronx Medical Center,BX,10451,7,21,69,NYC_COVID_REAL
2024-05-28,Brooklyn Health Center,BK,11201,7,35,84,NYC_COVID_REAL
2024-05-28,Manhattan Hospital,MN,10001,5,18,66,NYC_COVID_REAL
2024-05-28,Queens Medical Center,QN,11101,5,31,103,NYC_COVID_REAL
2024-05-28,Staten Island Hospital,SI,10301,1,24,16,NYC_COVID_REAL
2024-05-29,Bronx Medical Center,BX,10451,4,24,63,NYC_COVID_REAL
2024-05-29,Brooklyn Health Center,BK,11201,8,24,75,NYC_COVID_REAL
2024-05-29,Manhattan Hospital,MN,10001,5,28,61,NYC_COVID_REAL
2024-05-29,Queens Medical Center,QN,11101,20,45,94,NYC_COVID_REAL
2024-05-29,Staten Island Hospital,SI,10301,1,14,22,NYC_COVID_REAL
2024-05-30,Bronx Medical Center,BX,10451,8,19,60,NYC_COVID_REAL
2024-05-30,Brooklyn Health Center,BK,11201,8,33,69,NYC_COVID_REAL
2024-05-30,Manhattan Hospital,MN,10001,3,25,51,NYC_COVID_REAL
2024-05-30,Queens Medical Center,QN,11101,8,24,91,NYC_COVID_REAL
2024-05-30,Staten Island Hospital,SI,10301,1,26,11,NYC_COVID_REAL
2024-05-31,Bronx Medical Center,BX,10451,3,19,45,NYC_COVID_REAL
2024-05-31,Brooklyn Health Center,BK,11201,6,34,70,NYC_COVID_REAL
2024-05-31,Manhattan Hospital,MN,10001,9,21,50,NYC_COVID_REAL
2024-05-31,Queens Medical Center,QN,11101,9,31,82,NYC_COVID_REAL
2024-05-31,Staten Island Hospital,SI,10301,1,18,15,NYC_COVID_REAL
2024-06-01,Bronx Medical Center,BX,10451,7,23,30,NYC_COVID_REAL
2024-06-01,Brooklyn Health Center,BK,11201,8,37,48,NYC_COVID_REAL
2024-06-01,Manhattan Hospital,MN,10001,6,18,37,NYC_COVID_REAL
2024-06-01,Queens Medical Center,QN,11101,5,25,49,NYC_COVID_REAL
2024-06-01,Staten Island Hospital,SI,10301,2,27,8,NYC_COVID_REAL
2024-06-02,Bronx Medical Center,BX,10451,6,31,31,NYC_COVID_REAL
2024-06-02,Brooklyn Health Center,BK,11201,12,40,58,NYC_COVID_REAL
2024-06-02,Manhattan Hospital,MN,10001,7,26,31,NYC_COVID_REAL
2024-06-02,Queens Medical Center,QN,11101,7,25,64,NYC_COVID_REAL
2024-06-02,Staten Island Hospital,SI,10301,1,19,11,NYC_COVID_REAL
2024-06-03,Bronx Medical Center,BX,10451,8,24,71,NYC_COVID_REAL
2024-06-03,Brooklyn Health Center,BK,11201,7,28,97,NYC_COVID_REAL
2024-06-03,Manhattan Hospital,MN,10001,10,33,82,NYC_COVID_REAL
2024-06-03,Queens Medical Center,QN,11101,14,32,106,NYC_COVID_REAL
2024-06-03,Staten Island Hospital,SI,10301,1,23,10,NYC_COVID_REAL
2024-06-04,Bronx Medical Center,BX,10451,4,14,67,NYC_COVID_REAL
2024-06-04,Brooklyn Health Center,BK,11201,14,41,120,NYC_COVID_REAL
2024-06-04,Manhattan Hospital,MN,10001,5,17,83,NYC_COVID_REAL
2024-06-04,Queens Medical Center,QN,11101,11,30,97,NYC_COVID_REAL
2024-06-04,Staten Island Hospital,SI,10301,2,14,19,NYC_COVID_REAL
2024-06-05,Bronx Medical Center,BX,10451,6,19,48,NYC_COVID_REAL
2024-06-05,Brooklyn Health Center,BK,11201,8,35,84,NYC_COVID_REAL
2024-06-05,Manhattan Hospital,MN,10001,9,20,81,NYC_COVID_REAL
2024-06-05,Queens Medical Center,QN,11101,12,41,106,NYC_COVID_REAL
2024-06-05,Staten Island Hospital,SI,10301,1,19,18,NYC_COVID_REAL
2024-06-06,Bronx Medical Center,BX,10451,6,35,66,NYC_COVID_REAL
2024-06-06,Brooklyn Health Center,BK,11201,7,30,90,NYC_COVID_REAL
2024-06-06,Manhattan Hospital,MN,10001,9,28,67,NYC_COVID_REAL
2024-06-06,Queens Medical Center,QN,11101,14,31,101,NYC_COVID_REAL
2024-06-06,Staten Island Hospital,SI,10301,2,17,13,NYC_COVID_REAL
2024-06-07,Bronx Medical Center,BX,10451,5,19,48,NYC_COVID_REAL
2024-06-07,Brooklyn Health Center,BK,11201,13,29,79,NYC_COVID_REAL
2024-06-07,Manhattan Hospital,MN,10001,5,33,54,NYC_COVID_REAL
2024-06-07,Queens Medical Center,QN,11101,16,45,87,NYC_COVID_REAL
2024-06-07,Staten Island Hospital,SI,10301,4,22,15,NYC_COVID_REAL
2024-06-08,Bronx Medical Center,BX,10451,8,27,47,NYC_COVID_REAL
2024-06-08,Brooklyn Health Center,BK,11201,6,30,54,NYC_COVID_REAL
2024-06-08,Manhattan Hospital,MN,10001,8,20,43,NYC_COVID_REAL
2024-06-08,Queens Medical Center,QN,11101,8,28,77,NYC_COVID_REAL
2024-06-08,Staten Island Hospital,SI,10301,3,30,19,NYC_COVID_REAL
2024-06-09,Bronx Medical Center,BX,10451,7,19,44,NYC_COVID_REAL
2024-06-09,Brooklyn Health Center,BK,11201,12,34,59,NYC_COVID_REAL
2024-06-09,Manhattan Hospital,MN,10001,8,28,48,NYC_COVID_REAL
2024-06-09,Queens Medical Center,QN,11101,8,18,60,NYC_COVID_REAL
2024-06-09,Staten Island Hospital,SI,10301,1,11,13,NYC_COVID_REAL
2024-06-10,Bronx Medical Center,BX,10451,11,22,98,NYC_COVID_REAL
2024-06-10,Brooklyn Health Center,BK,11201,12,35,104,NYC_COVID_REAL
2024-06-10,Manhattan Hospital,MN,10001,8,32,116,NYC_COVID_REAL
2024-06-10,Queens Medical Center,QN,11101,10,37,117,NYC_COVID_REAL
2024-06-10,Staten Island Hospital,SI,10301,3,28,11,NYC_COVID_REAL
2024-06-11,Bronx Medical Center,BX,10451,4,25,71,NYC_COVID_REAL
2024-06-11,Brooklyn Health Center,BK,11201,10,23,113,NYC_COVID_REAL
2024-06-11,Manhattan Hospital,MN,10001,15,31,78,NYC_COVID_REAL
2024-06-11,Queens Medical Center,QN,11101,11,26,118,NYC_COVID_REAL
2024-06-11,Staten Island Hospital,SI,10301,1,15,13,NYC_COVID_REAL
2024-06-12,Bronx Medical Center,BX,10451,10,23,83,NYC_COVID_REAL
2024-06-12,Brooklyn Health Center,BK,11201,18,29,101,NYC_COVID_REAL
2024-06-12,Manhattan Hospital,MN,10001,8,34,63,NYC_COVID_REAL
2024-06-12,Queens Medical Center,QN,11101,21,31,136,NYC_COVID_REAL
2024-06-12,Staten Island Hospital,SI,10301,1,11,15,NYC_COVID_REAL
2024-06-13,Bronx Medical Center,BX,10451,10,21,81,NYC_COVID_REAL
2024-06-13,Brooklyn Health Center,BK,11201,13,36,92,NYC_COVID_REAL
2024-06-13,Manhattan Hospital,MN,10001,18,31,77,NYC_COVID_REAL
2024-06-13,Queens Medical Center,QN,11101,18,47,94,NYC_COVID_REAL
2024-06-13,Staten Island Hospital,SI,10301,2,18,20,NYC_COVID_REAL
2024-06-14,Bronx Medical Center,BX,10451,6,29,73,NYC_COVID_REAL
2024-06-14,Brooklyn Health Center,BK,11201,11,40,116,NYC_COVID_REAL
2024-06-14,Manhattan Hospital,MN,10001,11,31,54,NYC_COVID_REAL
2024-06-14,Queens Medical Center,QN,11101,11,34,114,NYC_COVID_REAL
2024-06-14,Staten Island Hospital,SI,10301,1,26,13,NYC_COVID_REAL
2024-06-15,Bronx Medical Center,BX,10451,10,24,62,NYC_COVID_REAL
2024-06-15,Brooklyn Health Center,BK,11201,8,30,71,NYC_COVID_REAL
2024-06-15,Manhattan Hospital,MN,10001,9,27,43,NYC_COVID_REAL
2024-06-15,Queens Medical Center,QN,11101,13,28,90,NYC_COVID_REAL
2024-06-15,Staten Island Hospital,SI,10301,1,26,5,NYC_COVID_REAL
2024-06-16,Bronx Medical Center,BX,10451,8,30,59,NYC_COVID_REAL
2024-06-16,Brooklyn Health Center,BK,11201,11,37,82,NYC_COVID_REAL
2024-06-16,Manhattan Hospital,MN,10001,14,32,59,NYC_COVID_REAL
2024-06-16,Queens Medical Center,QN,11101,20,49,94,NYC_COVID_REAL
2024-06-16,Staten Island Hospital,SI,10301,1,27,11,NYC_COVID_REAL
2024-06-17,Bronx Medical Center,BX,10451,16,33,96,NYC_COVID_REAL
2024-06-17,Brooklyn Health Center,BK,11201,14,26,149,NYC_COVID_REAL
2024-06-17,Manhattan Hospital,MN,10001,13,28,107,NYC_COVID_REAL
2024-06-17,Queens Medical Center,QN,11101,22,40,166,NYC_COVID_REAL
2024-06-17,Staten Island Hospital,SI,10301,3,26,23,NYC_COVID_REAL
2024-06-18,Bronx Medical Center,BX,10451,9,25,82,NYC_COVID_REAL
2024-06-18,Brooklyn Health Center,BK,11201,17,46,120,NYC_COVID_REAL
2024-06-18,Manhattan Hospital,MN,10001,17,40,90,NYC_COVID_REAL
2024-06-18,Queens Medical Center,QN,11101,17,34,155,NYC_COVID_REAL
2024-06-18,Staten Island Hospital,SI,10301,1,25,18,NYC_COVID_REAL
2024-06-19,Bronx Medical Center,BX,10451,9,36,76,NYC_COVID_REAL
2024-06-19,Brooklyn Health Center,BK,11201,19,48,104,NYC_COVID_REAL
2024-06-19,Manhattan Hospital,MN,10001,13,23,91,NYC_COVID_REAL
2024-06-19,Queens Medical Center,QN,11101,16,28,123,NYC_COVID_REAL
2024-06-19,Staten Island Hospital,SI,10301,3,18,17,NYC_COVID_REAL
2024-06-20,Bronx Medical Center,BX,10451,11,37,107,NYC_COVID_REAL
2024-06-20,Brooklyn Health Center,BK,11201,18,43,131,NYC_COVID_REAL
2024-06-20,Manhattan Hospital,MN,10001,11,29,88,NYC_COVID_REAL
2024-06-20,Queens Medical Center,QN,11101,19,39,130,NYC_COVID_REAL
2024-06-20,Staten Island Hospital,SI,10301,1,14,27,NYC_COVID_REAL
2024-06-21,Bronx Medical Center,BX,10451,18,35,79,NYC_COVID_REAL
2024-06-21,Brooklyn Health Center,BK,11201,17,30,112,NYC_COVID_REAL
2024-06-21,Manhattan Hospital,MN,10001,16,41,89,NYC_COVID_REAL
2024-06-21,Queens Medical Center,QN,11101,21,42,120,NYC_COVID_REAL
2024-06-21,Staten Island Hospital,SI,10301,2,17,18,NYC_COVID_REAL
2024-06-22,Bronx Medical Center,BX,10451,8,26,51,NYC_COVID_REAL
2024-06-22,Brooklyn Health Center,BK,11201,20,34,81,NYC_COVID_REAL
2024-06-22,Manhattan Hospital,MN,10001,15,44,51,NYC_COVID_REAL
2024-06-22,Queens Medical Center,QN,11101,15,40,90,NYC_COVID_REAL
2024-06-22,Staten Island Hospital,SI,10301,1,29,14,NYC_COVID_REAL
2024-06-23,Bronx Medical Center,BX,10451,17,44,48,NYC_COVID_REAL
2024-06-23,Brooklyn Health Center,BK,11201,16,40,97,NYC_COVID_REAL
2024-06-23,Manhattan Hospital,MN,10001,9,25,52,NYC_COVID_REAL
2024-06-23,Queens Medical Center,QN,11101,25,44,100,NYC_COVID_REAL
2024-06-23,Staten Island Hospital,SI,10301,1,29,10,NYC_COVID_REAL
2024-06-24,Bronx Medical Center,BX,10451,10,22,99,NYC_COVID_REAL
2024-06-24,Brooklyn Health Center,BK,11201,15,35,170,NYC_COVID_REAL
2024-06-24,Manhattan Hospital,MN,10001,15,33,101,NYC_COVID_REAL
2024-06-24,Queens Medical Center,QN,11101,22,36,171,NYC_COVID_REAL
2024-06-24,Staten Island Hospital,SI,10301,2,14,36,NYC_COVID_REAL
2024-06-25,Bronx Medical Center,BX,10451,10,38,81,NYC_COVID_REAL
2024-06-25,Brooklyn Health Center,BK,11201,12,25,126,NYC_COVID_REAL
2024-06-25,Manhattan Hospital,MN,10001,14,24,100,NYC_COVID_REAL
2024-06-25,Queens Medical Center,QN,11101,11,28,162,NYC_COVID_REAL
2024-06-25,Staten Island Hospital,SI,10301,2,21,24,NYC_COVID_REAL
2024-06-26,Bronx Medical Center,BX,10451,9,31,106,NYC_COVID_REAL
2024-06-26,Brooklyn Health Center,BK,11201,22,51,157,NYC_COVID_REAL
2024-06-26,Manhattan Hospital,MN,10001,8,30,86,NYC_COVID_REAL
2024-06-26,Queens Medical Center,QN,11101,14,25,142,NYC_COVID_REAL
2024-06-26,Staten Island Hospital,SI,10301,1,11,25,NYC_COVID_REAL
2024-06-27,Bronx Medical Center,BX,10451,13,32,83,NYC_COVID_REAL
2024-06-27,Brooklyn Health Center,BK,11201,14,32,131,NYC_COVID_REAL
2024-06-27,Manhattan Hospital,MN,10001,9,20,83,NYC_COVID_REAL
2024-06-27,Queens Medical Center,QN,11101,15,36,138,NYC_COVID_REAL
2024-06-27,Staten Island Hospital,SI,10301,2,12,16,NYC_COVID_REAL
2024-06-28,Bronx Medical Center,BX,10451,13,31,80,NYC_COVID_REAL
2024-06-28,Brooklyn Health Center,BK,11201,13,39,96,NYC_COVID_REAL
2024-06-28,Manhattan Hospital,MN,10001,15,35,86,NYC_COVID_REAL
2024-06-28,Queens Medical Center,QN,11101,18,39,134,NYC_COVID_REAL
2024-06-28,Staten Island Hospital,SI,10301,1,12,24,NYC_COVID_REAL
2024-06-29,Bronx Medical Center,BX,10451,15,37,71,NYC_COVID_REAL
2024-06-29,Brooklyn Health Center,BK,11201,12,40,72,NYC_COVID_REAL
2024-06-29,Manhattan Hospital,MN,10001,17,35,70,NYC_COVID_REAL
2024-06-29,Queens Medical Center,QN,11101,13,34,95,NYC_COVID_REAL
2024-06-29,Staten Island Hospital,SI,10301,3,31,17,NYC_COVID_REAL
2024-06-30,Bronx Medical Center,BX,10451,13,28,46,NYC_COVID_REAL
2024-06-30,Brooklyn Health Center,BK,11201,8,25,77,NYC_COVID_REAL
2024-06-30,Manhattan Hospital,MN,10001,11,33,57,NYC_COVID_REAL
2024-06-30,Queens Medical Center,QN,11101,17,40,114,NYC_COVID_REAL
2024-06-30,Staten Island Hospital,SI,10301,3,14,22,NYC_COVID_REAL
2024-07-01,Bronx Medical Center,BX,10451,12,27,116,NYC_COVID_REAL
2024-07-01,Brooklyn Health Center,BK,11201,18,37,182,NYC_COVID_REAL
2024-07-01,Manhattan Hospital,MN,10001,15,28,121,NYC_COVID_REAL
2024-07-01,Queens Medical Center,QN,11101,18,38,181,NYC_COVID_REAL
2024-07-01,Staten Island Hospital,SI,10301,5,20,32,NYC_COVID_REAL
2024-07-02,Bronx Medical Center,BX,10451,7,34,123,NYC_COVID_REAL
2024-07-02,Brooklyn Health Center,BK,11201,24,45,180,NYC_COVID_REAL
2024-07-02,Manhattan Hospital,MN,10001,10,20,98,NYC_COVID_REAL
2024-07-02,Queens Medical Center,QN,11101,25,39,182,NYC_COVID_REAL
2024-07-02,Staten Island Hospital,SI,10301,3,29,41,NYC_COVID_REAL
2024-07-03,Bronx Medical Center,BX,10451,6,34,81,NYC_COVID_REAL
2024-07-03,Brooklyn Health Center,BK,11201,23,38,154,NYC_COVID_REAL
2024-07-03,Manhattan Hospital,MN,10001,7,35,91,NYC_COVID_REAL
2024-07-03,Queens Medical Center,QN,11101,17,45,179,NYC_COVID_REAL
2024-07-03,Staten Island Hospital,SI,10301,1,13,26,NYC_COVID_REAL
2024-07-04,Bronx Medical Center,BX,10451,14,30,75,NYC_COVID_REAL
2024-07-04,Brooklyn Health Center,BK,11201,16,41,100,NYC_COVID_REAL
2024-07-04,Manhattan Hospital,MN,10001,12,30,53,NYC_COVID_REAL
2024-07-04,Queens Medical Center,QN,11101,9,34,89,NYC_COVID_REAL
2024-07-04,Staten Island Hospital,SI,10301,8,37,28,NYC_COVID_REAL
2024-07-05,Bronx Medical Center,BX,10451,9,23,90,NYC_COVID_REAL
2024-07-05,Brooklyn Health Center,BK,11201,15,44,154,NYC_COVID_REAL
2024-07-05,Manhattan Hospital,MN,10001,17,37,94,NYC_COVID_REAL
2024-07-05,Queens Medical Center,QN,11101,17,40,144,NYC_COVID_REAL
2024-07-05,Staten Island Hospital,SI,10301,5,18,33,NYC_COVID_REAL
2024-07-06,Bronx Medical Center,BX,10451,10,20,65,NYC_COVID_REAL
2024-07-06,Brooklyn Health Center,BK,11201,13,33,107,NYC_COVID_REAL
2024-07-06,Manhattan Hospital,MN,10001,20,36,67,NYC_COVID_REAL
2024-07-06,Queens Medical Center,QN,11101,17,33,127,NYC_COVID_REAL
2024-07-06,Staten Island Hospital,SI,10301,5,16,21,NYC_COVID_REAL
2024-07-07,Bronx Medical Center,BX,10451,9,38,65,NYC_COVID_REAL
2024-07-07,Brooklyn Health Center,BK,11201,13,38,120,NYC_COVID_REAL
2024-07-07,Manhattan Hospital,MN,10001,6,34,55,NYC_COVID_REAL
2024-07-07,Queens Medical Center,QN,11101,23,34,124,NYC_COVID_REAL
2024-07-07,Staten Island Hospital,SI,10301,2,13,26,NYC_COVID_REAL
2024-07-08,Bronx Medical Center,BX,10451,17,30,111,NYC_COVID_REAL
2024-07-08,Brooklyn Health Center,BK,11201,21,44,200,NYC_COVID_REAL
2024-07-08,Manhattan Hospital,MN,10001,25,43,127,NYC_COVID_REAL
2024-07-08,Queens Medical Center,QN,11101,17,32,219,NYC_COVID_REAL
2024-07-08,Staten Island Hospital,SI,10301,3,19,47,NYC_COVID_REAL
2024-07-09,Bronx Medical Center,BX,10451,13,30,105,NYC_COVID_REAL
2024-07-09,Brooklyn Health Center,BK,11201,25,36,178,NYC_COVID_REAL
2024-07-09,Manhattan Hospital,MN,10001,20,30,115,NYC_COVID_REAL
2024-07-09,Queens Medical Center,QN,11101,23,52,180,NYC_COVID_REAL
2024-07-09,Staten Island Hospital,SI,10301,2,16,28,NYC_COVID_REAL
2024-07-10,Bronx Medical Center,BX,10451,17,28,122,NYC_COVID_REAL
2024-07-10,Brooklyn Health Center,BK,11201,16,43,144,NYC_COVID_REAL
2024-07-10,Manhattan Hospital,MN,10001,14,34,108,NYC_COVID_REAL
2024-07-10,Queens Medical Center,QN,11101,20,38,198,NYC_COVID_REAL
2024-07-10,Staten Island Hospital,SI,10301,4,20,43,NYC_COVID_REAL
2024-07-11,Bronx Medical Center,BX,10451,17,30,112,NYC_COVID_REAL
2024-07-11,Brooklyn Health Center,BK,11201,17,33,171,NYC_COVID_REAL
2024-07-11,Manhattan Hospital,MN,10001,15,27,103,NYC_COVID_REAL
2024-07-11,Queens Medical Center,QN,11101,17,38,175,NYC_COVID_REAL
2024-07-11,Staten Island Hospital,SI,10301,6,25,24,NYC_COVID_REAL
2024-07-12,Bronx Medical Center,BX,10451,13,42,97,NYC_COVID_REAL
2024-07-12,Brooklyn Health Center,BK,11201,26,40,179,NYC_COVID_REAL
2024-07-12,Manhattan Hospital,MN,10001,16,43,109,NYC_COVID_REAL
2024-07-12,Queens Medical Center,QN,11101,22,42,171,NYC_COVID_REAL
2024-07-12,Staten Island Hospital,SI,10301,3,26,20,NYC_COVID_REAL
2024-07-13,Bronx Medical Center,BX,10451,11,27,80,NYC_COVID_REAL
2024-07-13,Brooklyn Health Center,BK,11201,13,33,116,NYC_COVID_REAL
2024-07-13,Manhattan Hospital,MN,10001,12,38,62,NYC_COVID_REAL
2024-07-13,Queens Medical Center,QN,11101,14,43,113,NYC_COVID_REAL
2024-07-13,Staten Island Hospital,SI,10301,1,25,13,NYC_COVID_REAL
2024-07-14,Bronx Medical Center,BX,10451,12,40,72,NYC_COVID_REAL
2024-07-14,Brooklyn Health Center,BK,11201,22,38,109,NYC_COVID_REAL
2024-07-14,Manhattan Hospital,MN,10001,12,27,55,NYC_COVID_REAL
2024-07-14,Queens Medical Center,QN,11101,23,35,132,NYC_COVID_REAL
2024-07-14,Staten Island Hospital,SI,10301,4,20,30,NYC_COVID_REAL
2024-07-15,Bronx Medical Center,BX,10451,13,31,111,NYC_COVID_REAL
2024-07-15,Brooklyn Health Center,BK,11201,25,52,241,NYC_COVID_REAL
2024-07-15,Manhattan Hospital,MN,10001,21,37,125,NYC_COVID_REAL
2024-07-15,Queens Medical Center,QN,11101,29,44,211,NYC_COVID_REAL
2024-07-15,Staten Island Hospital,SI,10301,4,30,40,NYC_COVID_REAL
2024-07-16,Bronx Medical Center,BX,10451,13,24,135,NYC_COVID_REAL
2024-07-16,Brooklyn Health Center,BK,11201,20,34,209,NYC_COVID_REAL
2024-07-16,Manhattan Hospital,MN,10001,14,41,106,NYC_COVID_REAL
2024-07-16,Queens Medical Center,QN,11101,28,47,227,NYC_COVID_REAL
2024-07-16,Staten Island Hospital,SI,10301,11,29,46,NYC_COVID_REAL
2024-07-17,Bronx Medical Center,BX,10451,15,39,111,NYC_COVID_REAL
2024-07-17,Brooklyn Health Center,BK,11201,14,28,186,NYC_COVID_REAL
2024-07-17,Manhattan Hospital,MN,10001,16,44,104,NYC_COVID_REAL
2024-07-17,Queens Medical Center,QN,11101,16,33,197,NYC_COVID_REAL
2024-07-17,Staten Island Hospital,SI,10301,1,14,40,NYC_COVID_REAL
2024-07-18,Bronx Medical Center,BX,10451,17,44,124,NYC_COVID_REAL
2024-07-18,Brooklyn Health Center,BK,11201,26,37,196,NYC_COVID_REAL
2024-07-18,Manhattan Hospital,MN,10001,10,36,97,NYC_COVID_REAL
2024-07-18,Queens Medical Center,QN,11101,25,51,178,NYC_COVID_REAL
2024-07-18,Staten Island Hospital,SI,10301,4,18,42,NYC_COVID_REAL
2024-07-19,Bronx Medical Center,BX,10451,19,40,95,NYC_COVID_REAL
2024-07-19,Brooklyn Health Center,BK,11201,22,40,180,NYC_COVID_REAL
2024-07-19,Manhattan Hospital,MN,10001,12,31,83,NYC_COVID_REAL
2024-07-19,Queens Medical Center,QN,11101,17,40,197,NYC_COVID_REAL
2024-07-19,Staten Island Hospital,SI,10301,2,25,36,NYC_COVID_REAL
2024-07-20,Bronx Medical Center,BX,10451,16,45,73,NYC_COVID_REAL
2024-07-20,Brooklyn Health Center,BK,11201,17,41,117,NYC_COVID_REAL
2024-07-20,Manhattan Hospital,MN,10001,14,36,71,NYC_COVID_REAL
2024-07-20,Queens Medical Center,QN,11101,17,33,127,NYC_COVID_REAL
2024-07-20,Staten Island Hospital,SI,10301,2,18,19,NYC_COVID_REAL
2024-07-21,Bronx Medical Center,BX,10451,15,28,68,NYC_COVID_REAL
2024-07-21,Brooklyn Health Center,BK,11201,14,33,121,NYC_COVID_REAL
2024-07-21,Manhattan Hospital,MN,10001,14,26,76,NYC_COVID_REAL
2024-07-21,Queens Medical Center,QN,11101,20,36,165,NYC_COVID_REAL
2024-07-21,Staten Island Hospital,SI,10301,1,19,29,NYC_COVID_REAL
2024-07-22,Bronx Medical Center,BX,10451,11,36,131,NYC_COVID_REAL
2024-07-22,Brooklyn Health Center,BK,11201,28,40,241,NYC_COVID_REAL
2024-07-22,Manhattan Hospital,MN,10001,20,44,134,NYC_COVID_REAL
2024-07-22,Queens Medical Center,QN,11101,22,45,268,NYC_COVID_REAL
2024-07-22,Staten Island Hospital,SI,10301,1,12,64,NYC_COVID_REAL
2024-07-23,Bronx Medical Center,BX,10451,18,46,121,NYC_COVID_REAL
2024-07-23,Brooklyn Health Center,BK,11201,28,45,230,NYC_COVID_REAL
2024-07-23,Manhattan Hospital,MN,10001,19,29,132,NYC_COVID_REAL
2024-07-23,Queens Medical Center,QN,11101,23,43,208,NYC_COVID_REAL
2024-07-23,Staten Island Hospital,SI,10301,2,24,37,NYC_COVID_REAL
2024-07-24,Bronx Medical Center,BX,10451,17,39,111,NYC_COVID_REAL
2024-07-24,Brooklyn Health Center,BK,11201,35,49,250,NYC_COVID_REAL
2024-07-24,Manhattan Hospital,MN,10001,11,25,111,NYC_COVID_REAL
2024-07-24,Queens Medical Center,QN,11101,21,44,213,NYC_COVID_REAL
2024-07-24,Staten Island Hospital,SI,10301,2,27,48,NYC_COVID_REAL
2024-07-25,Bronx Medical Center,BX,10451,17,40,105,NYC_COVID_REAL
2024-07-25,Brooklyn Health Center,BK,11201,22,38,212,NYC_COVID_REAL
2024-07-25,Manhattan Hospital,MN,10001,13,30,120,NYC_COVID_REAL
2024-07-25,Queens Medical Center,QN,11101,26,48,213,NYC_COVID_REAL
2024-07-25,Staten Island Hospital,SI,10301,4,17,41,NYC_COVID_REAL
2024-07-26,Bronx Medical Center,BX,10451,11,32,99,NYC_COVID_REAL
2024-07-26,Brooklyn Health Center,BK,11201,20,36,189,NYC_COVID_REAL
2024-07-26,Manhattan Hospital,MN,10001,16,31,103,NYC_COVID_REAL
2024-07-26,Queens Medical Center,QN,11101,16,29,172,NYC_COVID_REAL
2024-07-26,Staten Island Hospital,SI,10301,2,23,49,NYC_COVID_REAL
2024-07-27,Bronx Medical Center,BX,10451,11,29,79,NYC_COVID_REAL
2024-07-27,Brooklyn Health Center,BK,11201,17,29,110,NYC_COVID_REAL
2024-07-27,Manhattan Hospital,MN,10001,8,26,55,NYC_COVID_REAL
2024-07-27,Queens Medical Center,QN,11101,14,36,119,NYC_COVID_REAL
2024-07-27,Staten Island Hospital,SI,10301,2,31,21,NYC_COVID_REAL
2024-07-28,Bronx Medical Center,BX,10451,7,20,71,NYC_COVID_REAL
2024-07-28,Brooklyn Health Center,BK,11201,31,57,152,NYC_COVID_REAL
2024-07-28,Manhattan Hospital,MN,10001,8,28,68,NYC_COVID_REAL
2024-07-28,Queens Medical Center,QN,11101,19,48,122,NYC_COVID_REAL
2024-07-28,Staten Island Hospital,SI,10301,6,24,36,NYC_COVID_REAL
2024-07-29,Bronx Medical Center,BX,10451,17,33,120,NYC_COVID_REAL
2024-07-29,Brooklyn Health Center,BK,11201,27,38,233,NYC_COVID_REAL
2024-07-29,Manhattan Hospital,MN,10001,12,25,104,NYC_COVID_REAL
2024-07-29,Queens Medical Center,QN,11101,16,32,212,NYC_COVID_REAL
2024-07-29,Staten Island Hospital,SI,10301,2,31,53,NYC_COVID_REAL
2024-07-30,Bronx Medical Center,BX,10451,10,23,109,NYC_COVID_REAL
2024-07-30,Brooklyn Health Center,BK,11201,23,50,221,NYC_COVID_REAL
2024-07-30,Manhattan Hospital,MN,10001,22,43,110,NYC_COVID_REAL
2024-07-30,Queens Medical Center,QN,11101,27,49,223,NYC_COVID_REAL
2024-07-30,Staten Island Hospital,SI,10301,5,22,49,NYC_COVID_REAL
2024-07-31,Bronx Medical Center,BX,10451,13,25,139,NYC_COVID_REAL
2024-07-31,Brooklyn Health Center,BK,11201,24,34,219,NYC_COVID_REAL
2024-07-31,Manhattan Hospital,MN,10001,8,32,98,NYC_COVID_REAL
2024-07-31,Queens Medical Center,QN,11101,18,34,205,NYC_COVID_REAL
2024-07-31,Staten Island Hospital,SI,10301,3,24,36,NYC_COVID_REAL
2024-08-01,Bronx Medical Center,BX,10451,11,40,114,NYC_COVID_REAL
2024-08-01,Brooklyn Health Center,BK,11201,22,50,186,NYC_COVID_REAL
2024-08-01,Manhattan Hospital,MN,10001,10,29,94,NYC_COVID_REAL
2024-08-01,Queens Medical Center,QN,11101,20,34,162,NYC_COVID_REAL
2024-08-01,Staten Island Hospital,SI,10301,4,17,36,NYC_COVID_REAL
2024-08-02,Bronx Medical Center,BX,10451,14,33,109,NYC_COVID_REAL
2024-08-02,Brooklyn Health Center,BK,11201,26,49,203,NYC_COVID_REAL
2024-08-02,Manhattan Hospital,MN,10001,14,33,87,NYC_COVID_REAL
2024-08-02,Queens Medical Center,QN,11101,21,33,138,NYC_COVID_REAL
2024-08-02,Staten Island Hospital,SI,10301,5,24,28,NYC_COVID_REAL
2024-08-03,Bronx Medical Center,BX,10451,7,19,77,NYC_COVID_REAL
2024-08-03,Brooklyn Health Center,BK,11201,12,24,108,NYC_COVID_REAL
2024-08-03,Manhattan Hospital,MN,10001,10,29,52,NYC_COVID_REAL
2024-08-03,Queens Medical Center,QN,11101,10,35,103,NYC_COVID_REAL
2024-08-03,Staten Island Hospital,SI,10301,4,23,19,NYC_COVID_REAL
2024-08-04,Bronx Medical Center,BX,10451,11,27,54,NYC_COVID_REAL
2024-08-04,Brooklyn Health Center,BK,11201,13,25,99,NYC_COVID_REAL
2024-08-04,Manhattan Hospital,MN,10001,13,34,66,NYC_COVID_REAL
2024-08-04,Queens Medical Center,QN,11101,15,44,96,NYC_COVID_REAL
2024-08-04,Staten Island Hospital,SI,10301,5,17,39,NYC_COVID_REAL
2024-08-05,Bronx Medical Center,BX,10451,17,29,128,NYC_COVID_REAL
2024-08-05,Brooklyn Health Center,BK,11201,24,45,204,NYC_COVID_REAL
2024-08-05,Manhattan Hospital,MN,10001,9,33,102,NYC_COVID_REAL
2024-08-05,Queens Medical Center,QN,11101,19,38,187,NYC_COVID_REAL
2024-08-05,Staten Island Hospital,SI,10301,7,36,43,NYC_COVID_REAL
2024-08-06,Bronx Medical Center,BX,10451,12,38,108,NYC_COVID_REAL
2024-08-06,Brooklyn Health Center,BK,11201,21,48,163,NYC_COVID_REAL
2024-08-06,Manhattan Hospital,MN,10001,8,21,75,NYC_COVID_REAL
2024-08-06,Queens Medical Center,QN,11101,18,37,155,NYC_COVID_REAL
2024-08-06,Staten Island Hospital,SI,10301,1,26,29,NYC_COVID_REAL
2024-08-07,Bronx Medical Center,BX,10451,17,45,124,NYC_COVID_REAL
2024-08-07,Brooklyn Health Center,BK,11201,18,35,144,NYC_COVID_REAL
2024-08-07,Manhattan Hospital,MN,10001,15,32,76,NYC_COVID_REAL
2024-08-07,Queens Medical Center,QN,11101,19,47,122,NYC_COVID_REAL
2024-08-07,Staten Island Hospital,SI,10301,4,20,34,NYC_COVID_REAL
2024-08-08,Bronx Medical Center,BX,10451,15,38,85,NYC_COVID_REAL
2024-08-08,Brooklyn Health Center,BK,11201,18,37,163,NYC_COVID_REAL
2024-08-08,Manhattan Hospital,MN,10001,8,22,70,NYC_COVID_REAL
2024-08-08,Queens Medical Center,QN,11101,14,25,139,NYC_COVID_REAL
2024-08-08,Staten Island Hospital,SI,10301,3,20,27,NYC_COVID_REAL
2024-08-09,Bronx Medical Center,BX,10451,10,36,83,NYC_COVID_REAL
2024-08-09,Brooklyn Health Center,BK,11201,18,47,126,NYC_COVID_REAL
2024-08-09,Manhattan Hospital,MN,10001,7,33,60,NYC_COVID_REAL
2024-08-09,Queens Medical Center,QN,11101,12,39,118,NYC_COVID_REAL
2024-08-09,Staten Island Hospital,SI,10301,5,28,28,NYC_COVID_REAL
2024-08-10,Bronx Medical Center,BX,10451,12,41,62,NYC_COVID_REAL
2024-08-10,Brooklyn Health Center,BK,11201,8,34,98,NYC_COVID_REAL
2024-08-10,Manhattan Hospital,MN,10001,10,20,48,NYC_COVID_REAL
2024-08-10,Queens Medical Center,QN,11101,17,35,85,NYC_COVID_REAL
2024-08-10,Staten Island Hospital,SI,10301,6,30,37,NYC_COVID_REAL
2024-08-11,Bronx Medical Center,BX,10451,12,26,60,NYC_COVID_REAL
2024-08-11,Brooklyn Health Center,BK,11201,23,48,104,NYC_COVID_REAL
2024-08-11,Manhattan Hospital,MN,10001,14,25,62,NYC_COVID_REAL
2024-08-11,Queens Medical Center,QN,11101,16,44,105,NYC_COVID_REAL
2024-08-11,Staten Island Hospital,SI,10301,2,30,37,NYC_COVID_REAL
2024-08-12,Bronx Medical Center,BX,10451,11,38,110,NYC_COVID_REAL
2024-08-12,Brooklyn Health Center,BK,11201,19,40,169,NYC_COVID_REAL
2024-08-12,Manhattan Hospital,MN,10001,11,35,98,NYC_COVID_REAL
2024-08-12,Queens Medical Center,QN,11101,18,34,162,NYC_COVID_REAL
2024-08-12,Staten Island Hospital,SI,10301,7,30,53,NYC_COVID_REAL
2024-08-13,Bronx Medical Center,BX,10451,17,34,102,NYC_COVID_REAL
2024-08-13,Brooklyn Health Center,BK,11201,18,30,155,NYC_COVID_REAL
2024-08-13,Manhattan Hospital,MN,10001,17,33,103,NYC_COVID_REAL
2024-08-13,Queens Medical Center,QN,11101,18,40,141,NYC_COVID_REAL
2024-08-13,Staten Island Hospital,SI,10301,2,25,34,NYC_COVID_REAL
2024-08-14,Bronx Medical Center,BX,10451,9,37,98,NYC_COVID_REAL
2024-08-14,Brooklyn Health Center,BK,11201,16,27,149,NYC_COVID_REAL
2024-08-14,Manhattan Hospital,MN,10001,11,39,92,NYC_COVID_REAL
2024-08-14,Queens Medical Center,QN,11101,11,38,140,NYC_COVID_REAL
2024-08-14,Staten Island Hospital,SI,10301,4,28,31,NYC_COVID_REAL
2024-08-15,Bronx Medical Center,BX,10451,9,33,102,NYC_COVID_REAL
2024-08-15,Brooklyn Health Center,BK,11201,25,48,162,NYC_COVID_REAL
2024-08-15,Manhattan Hospital,MN,10001,14,41,81,NYC_COVID_REAL
2024-08-15,Queens Medical Center,QN,11101,17,33,132,NYC_COVID_REAL
2024-08-15,Staten Island Hospital,SI,10301,7,27,36,NYC_COVID_REAL
2024-08-16,Bronx Medical Center,BX,10451,12,22,84,NYC_COVID_REAL
2024-08-16,Brooklyn Health Center,BK,11201,19,38,127,NYC_COVID_REAL
2024-08-16,Manhattan Hospital,MN,10001,20,45,80,NYC_COVID_REAL
2024-08-16,Queens Medical Center,QN,11101,13,29,128,NYC_COVID_REAL
2024-08-16,Staten Island Hospital,SI,10301,7,34,35,NYC_COVID_REAL
2024-08-17,Bronx Medical Center,BX,10451,16,27,58,NYC_COVID_REAL
2024-08-17,Brooklyn Health Center,BK,11201,15,43,87,NYC_COVID_REAL
2024-08-17,Manhattan Hospital,MN,10001,3,20,47,NYC_COVID_REAL
2024-08-17,Queens Medical Center,QN,11101,8,34,93,NYC_COVID_REAL
2024-08-17,Staten Island Hospital,SI,10301,3,24,30,NYC_COVID_REAL
2024-08-18,Bronx Medical Center,BX,10451,9,20,49,NYC_COVID_REAL
2024-08-18,Brooklyn Health Center,BK,11201,17,44,69,NYC_COVID_REAL
2024-08-18,Manhattan Hospital,MN,10001,11,34,40,NYC_COVID_REAL
2024-08-18,Queens Medical Center,QN,11101,4,31,80,NYC_COVID_REAL
2024-08-18,Staten Island Hospital,SI,10301,6,35,22,NYC_COVID_REAL
2024-08-19,Bronx Medical Center,BX,10451,11,22,109,NYC_COVID_REAL
2024-08-19,Brooklyn Health Center,BK,11201,17,29,134,NYC_COVID_REAL
2024-08-19,Manhattan Hospital,MN,10001,13,36,94,NYC_COVID_REAL
2024-08-19,Queens Medical Center,QN,11101,14,27,151,NYC_COVID_REAL
2024-08-19,Staten Island Hospital,SI,10301,8,27,35,NYC_COVID_REAL
2024-08-20,Bronx Medical Center,BX,10451,16,43,106,NYC_COVID_REAL
2024-08-20,Brooklyn Health Center,BK,11201,15,36,170,NYC_COVID_REAL
2024-08-20,Manhattan Hospital,MN,10001,10,34,66,NYC_COVID_REAL
2024-08-20,Queens Medical Center,QN,11101,14,25,149,NYC_COVID_REAL
2024-08-20,Staten Island Hospital,SI,10301,1,15,36,NYC_COVID_REAL
2024-08-21,Bronx Medical Center,BX,10451,5,20,99,NYC_COVID_REAL
2024-08-21,Brooklyn Health Center,BK,11201,21,42,155,NYC_COVID_REAL
2024-08-21,Manhattan Hospital,MN,10001,5,30,66,NYC_COVID_REAL
2024-08-21,Queens Medical Center,QN,11101,11,38,112,NYC_COVID_REAL
2024-08-21,Staten Island Hospital,SI,10301,5,31,38,NYC_COVID_REAL
2024-08-22,Bronx Medical Center,BX,10451,11,35,59,NYC_COVID_REAL
2024-08-22,Brooklyn Health Center,BK,11201,15,30,145,NYC_COVID_REAL
2024-08-22,Manhattan Hospital,MN,10001,7,35,70,NYC_COVID_REAL
2024-08-22,Queens Medical Center,QN,11101,14,24,125,NYC_COVID_REAL
2024-08-22,Staten Island Hospital,SI,10301,4,26,43,NYC_COVID_REAL
2024-08-23,Bronx Medical Center,BX,10451,15,34,77,NYC_COVID_REAL
2024-08-23,Brooklyn Health Center,BK,11201,18,34,139,NYC_COVID_REAL
2024-08-23,Manhattan Hospital,MN,10001,14,25,68,NYC_COVID_REAL
2024-08-23,Queens Medical Center,QN,11101,14,29,109,NYC_COVID_REAL
2024-08-23,Staten Island Hospital,SI,10301,6,31,21,NYC_COVID_REAL
2024-08-24,Bronx Medical Center,BX,10451,9,23,56,NYC_COVID_REAL
2024-08-24,Brooklyn Health Center,BK,11201,12,23,79,NYC_COVID_REAL
2024-08-24,Manhattan Hospital,MN,10001,5,34,31,NYC_COVID_REAL
2024-08-24,Queens Medical Center,QN,11101,16,33,78,NYC_COVID_REAL
2024-08-24,Staten Island Hospital,SI,10301,7,18,29,NYC_COVID_REAL
2024-08-25,Bronx Medical Center,BX,10451,7,18,48,NYC_COVID_REAL
2024-08-25,Brooklyn Health Center,BK,11201,11,27,78,NYC_COVID_REAL
2024-08-25,Manhattan Hospital,MN,10001,7,27,39,NYC_COVID_REAL
2024-08-25,Queens Medical Center,QN,11101,11,28,71,NYC_COVID_REAL
2024-08-25,Staten Island Hospital,SI,10301,3,21,26,NYC_COVID_REAL
2024-08-26,Bronx Medical Center,BX,10451,10,26,88,NYC_COVID_REAL
2024-08-26,Brooklyn Health Center,BK,11201,15,37,160,NYC_COVID_REAL
2024-08-26,Manhattan Hospital,MN,10001,11,27,82,NYC_COVID_REAL
2024-08-26,Queens Medical Center,QN,11101,11,35,132,NYC_COVID_REAL
2024-08-26,Staten Island Hospital,SI,10301,4,33,45,NYC_COVID_REAL
2024-08-27,Bronx Medical Center,BX,10451,8,33,70,NYC_COVID_REAL
2024-08-27,Brooklyn Health Center,BK,11201,11,21,118,NYC_COVID_REAL
2024-08-27,Manhattan Hospital,MN,10001,6,17,59,NYC_COVID_REAL
2024-08-27,Queens Medical Center,QN,11101,15,44,102,NYC_COVID_REAL
2024-08-27,Staten Island Hospital,SI,10301,1,11,30,NYC_COVID_REAL
2024-08-28,Bronx Medical Center,BX,10451,10,28,72,NYC_COVID_REAL
2024-08-28,Brooklyn Health Center,BK,11201,23,36,125,NYC_COVID_REAL
2024-08-28,Manhattan Hospital,MN,10001,7,24,65,NYC_COVID_REAL
2024-08-28,Queens Medical Center,QN,11101,19,35,104,NYC_COVID_REAL
2024-08-28,Staten Island Hospital,SI,10301,2,23,26,NYC_COVID_REAL
2024-08-29,Bronx Medical Center,BX,10451,3,19,75,NYC_COVID_REAL
2024-08-29,Brooklyn Health Center,BK,11201,18,37,128,NYC_COVID_REAL
2024-08-29,Manhattan Hospital,MN,10001,13,35,70,NYC_COVID_REAL
2024-08-29,Queens Medical Center,QN,11101,18,42,117,NYC_COVID_REAL
2024-08-29,Staten Island Hospital,SI,10301,4,21,35,NYC_COVID_REAL
2024-08-30,Bronx Medical Center,BX,10451,12,36,59,NYC_COVID_REAL
2024-08-30,Brooklyn Health Center,BK,11201,19,30,99,NYC_COVID_REAL
2024-08-30,Manhattan Hospital,MN,10001,11,28,57,NYC_COVID_REAL
2024-08-30,Queens Medical Center,QN,11101,14,24,86,NYC_COVID_REAL
2024-08-30,Staten Island Hospital,SI,10301,5,27,26,NYC_COVID_REAL
2024-08-31,Bronx Medical Center,BX,10451,12,34,57,NYC_COVID_REAL
2024-08-31,Brooklyn Health Center,BK,11201,4,14,68,NYC_COVID_REAL
2024-08-31,Manhattan Hospital,MN,10001,5,29,35,NYC_COVID_REAL
2024-08-31,Queens Medical Center,QN,11101,10,32,65,NYC_COVID_REAL
2024-08-31,Staten Island Hospital,SI,10301,3,32,25,NYC_COVID_REAL
2024-09-01,Bronx Medical Center,BX,10451,5,26,29,NYC_COVID_REAL
2024-09-01,Brooklyn Health Center,BK,11201,9,34,77,NYC_COVID_REAL
2024-09-01,Manhattan Hospital,MN,10001,10,23,38,NYC_COVID_REAL
2024-09-01,Queens Medical Center,QN,11101,11,23,53,NYC_COVID_REAL
2024-09-01,Staten Island Hospital,SI,10301,5,20,17,NYC_COVID_REAL
2024-09-02,Bronx Medical Center,BX,10451,6,26,32,NYC_COVID_REAL
2024-09-02,Brooklyn Health Center,BK,11201,13,23,70,NYC_COVID_REAL
2024-09-02,Manhattan Hospital,MN,10001,6,18,36,NYC_COVID_REAL
2024-09-02,Queens Medical Center,QN,11101,8,32,57,NYC_COVID_REAL
2024-09-02,Staten Island Hospital,SI,10301,4,29,25,NYC_COVID_REAL
2024-09-03,Bronx Medical Center,BX,10451,7,26,81,NYC_COVID_REAL
2024-09-03,Brooklyn Health Center,BK,11201,15,29,125,NYC_COVID_REAL
2024-09-03,Manhattan Hospital,MN,10001,5,17,62,NYC_COVID_REAL
2024-09-03,Queens Medical Center,QN,11101,13,27,113,NYC_COVID_REAL
2024-09-03,Staten Island Hospital,SI,10301,4,29,35,NYC_COVID_REAL
2024-09-04,Bronx Medical Center,BX,10451,5,27,72,NYC_COVID_REAL
2024-09-04,Brooklyn Health Center,BK,11201,14,36,116,NYC_COVID_REAL
2024-09-04,Manhattan Hospital,MN,10001,7,35,68,NYC_COVID_REAL
2024-09-04,Queens Medical Center,QN,11101,13,35,121,NYC_COVID_REAL
2024-09-04,Staten Island Hospital,SI,10301,3,28,23,NYC_COVID_REAL
2024-09-05,Bronx Medical Center,BX,10451,5,16,62,NYC_COVID_REAL
2024-09-05,Brooklyn Health Center,BK,11201,13,32,128,NYC_COVID_REAL
2024-09-05,Manhattan Hospital,MN,10001,5,19,53,NYC_COVID_REAL
2024-09-05,Queens Medical Center,QN,11101,11,37,114,NYC_COVID_REAL
2024-09-05,Staten Island Hospital,SI,10301,3,17,25,NYC_COVID_REAL
2024-09-06,Bronx Medical Center,BX,10451,8,29,56,NYC_COVID_REAL
2024-09-06,Brooklyn Health Center,BK,11201,12,24,87,NYC_COVID_REAL
2024-09-06,Manhattan Hospital,MN,10001,7,22,47,NYC_COVID_REAL
2024-09-06,Queens Medical Center,QN,11101,10,36,92,NYC_COVID_REAL
2024-09-06,Staten Island Hospital,SI,10301,4,31,26,NYC_COVID_REAL
2024-09-07,Bronx Medical Center,BX,10451,7,29,35,NYC_COVID_REAL
2024-09-07,Brooklyn Health Center,BK,11201,13,23,59,NYC_COVID_REAL
2024-09-07,Manhattan Hospital,MN,10001,7,35,45,NYC_COVID_REAL
2024-09-07,Queens Medical Center,QN,11101,9,37,73,NYC_COVID_REAL
2024-09-07,Staten Island Hospital,SI,10301,2,26,18,NYC_COVID_REAL
2024-09-08,Bronx Medical Center,BX,10451,9,28,38,NYC_COVID_REAL
2024-09-08,Brooklyn Health Center,BK,11201,10,22,64,NYC_COVID_REAL
2024-09-08,Manhattan Hospital,MN,10001,6,24,37,NYC_COVID_REAL
2024-09-08,Queens Medical Center,QN,11101,10,38,48,NYC_COVID_REAL
2024-09-08,Staten Island Hospital,SI,10301,5,22,14,NYC_COVID_REAL
2024-09-09,Bronx Medical Center,BX,10451,10,27,81,NYC_COVID_REAL
2024-09-09,Brooklyn Health Center,BK,11201,11,35,109,NYC_COVID_REAL
2024-09-09,Manhattan Hospital,MN,10001,7,30,76,NYC_COVID_REAL
2024-09-09,Queens Medical Center,QN,11101,7,34,95,NYC_COVID_REAL
2024-09-09,Staten Island Hospital,SI,10301,1,20,37,NYC_COVID_REAL
2024-09-10,Bronx Medical Center,BX,10451,8,36,61,NYC_COVID_REAL
2024-09-10,Brooklyn Health Center,BK,11201,8,30,106,NYC_COVID_REAL
2024-09-10,Manhattan Hospital,MN,10001,8,37,51,NYC_COVID_REAL
2024-09-10,Queens Medical Center,QN,11101,12,35,125,NYC_COVID_REAL
2024-09-10,Staten Island Hospital,SI,10301,5,33,26,NYC_COVID_REAL
2024-09-11,Bronx Medical Center,BX,10451,5,19,81,NYC_COVID_REAL
2024-09-11,Brooklyn Health Center,BK,11201,13,25,108,NYC_COVID_REAL
2024-09-11,Manhattan Hospital,MN,10001,5,26,68,NYC_COVID_REAL
2024-09-11,Queens Medical Center,QN,11101,6,33,83,NYC_COVID_REAL
2024-09-11,Staten Island Hospital,SI,10301,1,17,28,NYC_COVID_REAL
2024-09-12,Bronx Medical Center,BX,10451,11,27,80,NYC_COVID_REAL
2024-09-12,Brooklyn Health Center,BK,11201,10,32,110,NYC_COVID_REAL
2024-09-12,Manhattan Hospital,MN,10001,13,25,53,NYC_COVID_REAL
2024-09-12,Queens Medical Center,QN,11101,16,38,110,NYC_COVID_REAL
2024-09-12,Staten Island Hospital,SI,10301,4,23,33,NYC_COVID_REAL
2024-09-13,Bronx Medical Center,BX,10451,6,22,57,NYC_COVID_REAL
2024-09-13,Brooklyn Health Center,BK,11201,19,45,127,NYC_COVID_REAL
2024-09-13,Manhattan Hospital,MN,10001,9,38,42,NYC_COVID_REAL
2024-09-13,Queens Medical Center,QN,11101,10,21,96,NYC_COVID_REAL
2024-09-13,Staten Island Hospital,SI,10301,4,31,14,NYC_COVID_REAL
2024-09-14,Bronx Medical Center,BX,10451,6,29,44,NYC_COVID_REAL
2024-09-14,Brooklyn Health Center,BK,11201,17,27,64,NYC_COVID_REAL
2024-09-14,Manhattan Hospital,MN,10001,4,19,33,NYC_COVID_REAL
2024-09-14,Queens Medical Center,QN,11101,8,30,71,NYC_COVID_REAL
2024-09-14,Staten Island Hospital,SI,10301,3,29,17,NYC_COVID_REAL
2024-09-15,Bronx Medical Center,BX,10451,6,31,31,NYC_COVID_REAL
2024-09-15,Brooklyn Health Center,BK,11201,7,17,80,NYC_COVID_REAL
2024-09-15,Manhattan Hospital,MN,10001,3,14,26,NYC_COVID_REAL
2024-09-15,Queens Medical Center,QN,11101,8,28,61,NYC_COVID_REAL
2024-09-15,Staten Island Hospital,SI,10301,1,20,21,NYC_COVID_REAL
2024-09-16,Bronx Medical Center,BX,10451,7,24,71,NYC_COVID_REAL
2024-09-16,Brooklyn Health Center,BK,11201,25,37,134,NYC_COVID_REAL
2024-09-16,Manhattan Hospital,MN,10001,8,24,58,NYC_COVID_REAL
2024-09-16,Queens Medical Center,QN,11101,10,27,116,NYC_COVID_REAL
2024-09-16,Staten Island Hospital,SI,10301,2,26,41,NYC_COVID_REAL
2024-09-17,Bronx Medical Center,BX,10451,5,23,69,NYC_COVID_REAL
2024-09-17,Brooklyn Health Center,BK,11201,13,40,109,NYC_COVID_REAL
2024-09-17,Manhattan Hospital,MN,10001,15,26,69,NYC_COVID_REAL
2024-09-17,Queens Medical Center,QN,11101,9,24,105,NYC_COVID_REAL
2024-09-17,Staten Island Hospital,SI,10301,3,28,38,NYC_COVID_REAL
2024-09-18,Bronx Medical Center,BX,10451,12,26,51,NYC_COVID_REAL
2024-09-18,Brooklyn Health Center,BK,11201,11,36,99,NYC_COVID_REAL
2024-09-18,Manhattan Hospital,MN,10001,11,23,67,NYC_COVID_REAL
2024-09-18,Queens Medical Center,QN,11101,7,18,91,NYC_COVID_REAL
2024-09-18,Staten Island Hospital,SI,10301,1,25,22,NYC_COVID_REAL
2024-09-19,Bronx Medical Center,BX,10451,4,17,77,NYC_COVID_REAL
2024-09-19,Brooklyn Health Center,BK,11201,13,27,107,NYC_COVID_REAL
2024-09-19,Manhattan Hospital,MN,10001,9,20,43,NYC_COVID_REAL
2024-09-19,Queens Medical Center,QN,11101,8,37,73,NYC_COVID_REAL
2024-09-19,Staten Island Hospital,SI,10301,3,32,27,NYC_COVID_REAL
2024-09-20,Bronx Medical Center,BX,10451,9,37,66,NYC_COVID_REAL
2024-09-20,Brooklyn Health Center,BK,11201,14,30,92,NYC_COVID_REAL
2024-09-20,Manhattan Hospital,MN,10001,6,16,43,NYC_COVID_REAL
2024-09-20,Queens Medical Center,QN,11101,8,29,78,NYC_COVID_REAL
2024-09-20,Staten Island Hospital,SI,10301,2,17,32,NYC_COVID_REAL
2024-09-21,Bronx Medical Center,BX,10451,6,20,30,NYC_COVID_REAL
2024-09-21,Brooklyn Health Center,BK,11201,9,27,51,NYC_COVID_REAL
2024-09-21,Manhattan Hospital,MN,10001,8,24,26,NYC_COVID_REAL
2024-09-21,Queens Medical Center,QN,11101,9,29,50,NYC_COVID_REAL
2024-09-21,Staten Island Hospital,SI,10301,2,28,21,NYC_COVID_REAL
2024-09-22,Bronx Medical Center,BX,10451,3,20,25,NYC_COVID_REAL
2024-09-22,Brooklyn Health Center,BK,11201,10,27,87,NYC_COVID_REAL
2024-09-22,Manhattan Hospital,MN,10001,7,28,23,NYC_COVID_REAL
2024-09-22,Queens Medical Center,QN,11101,4,24,43,NYC_COVID_REAL
2024-09-22,Staten Island Hospital,SI,10301,3,16,25,NYC_COVID_REAL
2024-09-23,Bronx Medical Center,BX,10451,7,30,52,NYC_COVID_REAL
2024-09-23,Brooklyn Health Center,BK,11201,8,18,108,NYC_COVID_REAL
2024-09-23,Manhattan Hospital,MN,10001,8,20,52,NYC_COVID_REAL
2024-09-23,Queens Medical Center,QN,11101,7,31,88,NYC_COVID_REAL
2024-09-23,Staten Island Hospital,SI,10301,7,24,32,NYC_COVID_REAL
2024-09-24,Bronx Medical Center,BX,10451,6,33,47,NYC_COVID_REAL
2024-09-24,Brooklyn Health Center,BK,11201,12,30,105,NYC_COVID_REAL
2024-09-24,Manhattan Hospital,MN,10001,3,31,39,NYC_COVID_REAL
2024-09-24,Queens Medical Center,QN,11101,3,15,63,NYC_COVID_REAL
2024-09-24,Staten Island Hospital,SI,10301,4,17,29,NYC_COVID_REAL
2024-09-25,Bronx Medical Center,BX,10451,7,24,47,NYC_COVID_REAL
2024-09-25,Brooklyn Health Center,BK,11201,9,33,108,NYC_COVID_REAL
2024-09-25,Manhattan Hospital,MN,10001,3,30,50,NYC_COVID_REAL
2024-09-25,Queens Medical Center,QN,11101,4,17,83,NYC_COVID_REAL
2024-09-25,Staten Island Hospital,SI,10301,1,28,33,NYC_COVID_REAL
2024-09-26,Bronx Medical Center,BX,10451,5,15,33,NYC_COVID_REAL
2024-09-26,Brooklyn Health Center,BK,11201,2,14,86,NYC_COVID_REAL
2024-09-26,Manhattan Hospital,MN,10001,7,17,29,NYC_COVID_REAL
2024-09-26,Queens Medical Center,QN,11101,9,31,77,NYC_COVID_REAL
2024-09-26,Staten Island Hospital,SI,10301,3,28,31,NYC_COVID_REAL
2024-09-27,Bronx Medical Center,BX,10451,3,19,39,NYC_COVID_REAL
2024-09-27,Brooklyn Health Center,BK,11201,6,18,60,NYC_COVID_REAL
2024-09-27,Manhattan Hospital,MN,10001,1,22,29,NYC_COVID_REAL
2024-09-27,Queens Medical Center,QN,11101,12,41,54,NYC_COVID_REAL
2024-09-27,Staten Island Hospital,SI,10301,1,19,21,NYC_COVID_REAL
2024-09-28,Bronx Medical Center,BX,10451,1,17,18,NYC_COVID_REAL
2024-09-28,Brooklyn Health Center,BK,11201,9,21,33,NYC_COVID_REAL
2024-09-28,Manhattan Hospital,MN,10001,1,27,16,NYC_COVID_REAL
2024-09-28,Queens Medical Center,QN,11101,7,33,43,NYC_COVID_REAL
2024-09-28,Staten Island Hospital,SI,10301,2,25,20,NYC_COVID_REAL
2024-09-29,Bronx Medical Center,BX,10451,9,21,22,NYC_COVID_REAL
2024-09-29,Brooklyn Health Center,BK,11201,7,24,64,NYC_COVID_REAL
2024-09-29,Manhattan Hospital,MN,10001,2,15,15,NYC_COVID_REAL
2024-09-29,Queens Medical Center,QN,11101,6,22,34,NYC_COVID_REAL
2024-09-29,Staten Island Hospital,SI,10301,1,30,19,NYC_COVID_REAL
2024-09-30,Bronx Medical Center,BX,10451,7,34,32,NYC_COVID_REAL
2024-09-30,Brooklyn Health Center,BK,11201,7,27,94,NYC_COVID_REAL
2024-09-30,Manhattan Hospital,MN,10001,3,15,37,NYC_COVID_REAL
2024-09-30,Queens Medical Center,QN,11101,7,31,49,NYC_COVID_REAL
2024-09-30,Staten Island Hospital,SI,10301,3,14,31,NYC_COVID_REAL
2024-10-01,Bronx Medical Center,BX,10451,6,27,27,NYC_COVID_REAL
2024-10-01,Brooklyn Health Center,BK,11201,14,40,68,NYC_COVID_REAL
2024-10-01,Manhattan Hospital,MN,10001,4,31,36,NYC_COVID_REAL
2024-10-01,Queens Medical Center,QN,11101,8,33,62,NYC_COVID_REAL
2024-10-01,Staten Island Hospital,SI,10301,1,11,22,NYC_COVID_REAL
2024-10-02,Bronx Medical Center,BX,10451,2,13,25,NYC_COVID_REAL
2024-10-02,Brooklyn Health Center,BK,11201,9,37,59,NYC_COVID_REAL
2024-10-02,Manhattan Hospital,MN,10001,7,27,24,NYC_COVID_REAL
2024-10-02,Queens Medical Center,QN,11101,3,17,34,NYC_COVID_REAL
2024-10-02,Staten Island Hospital,SI,10301,4,20,23,NYC_COVID_REAL
2024-10-03,Bronx Medical Center,BX,10451,3,20,22,NYC_COVID_REAL
2024-10-03,Brooklyn Health Center,BK,11201,6,18,52,NYC_COVID_REAL
2024-10-03,Manhattan Hospital,MN,10001,3,27,25,NYC_COVID_REAL
2024-10-03,Queens Medical Center,QN,11101,6,24,42,NYC_COVID_REAL
2024-10-03,Staten Island Hospital,SI,10301,2,24,15,NYC_COVID_REAL
2024-10-04,Bronx Medical Center,BX,10451,3,26,21,NYC_COVID_REAL
2024-10-04,Brooklyn Health Center,BK,11201,7,18,33,NYC_COVID_REAL
2024-10-04,Manhattan Hospital,MN,10001,6,18,23,NYC_COVID_REAL
2024-10-04,Queens Medical Center,QN,11101,8,35,33,NYC_COVID_REAL
2024-10-04,Staten Island Hospital,SI,10301,4,22,12,NYC_COVID_REAL
2024-10-05,Bronx Medical Center,BX,10451,5,30,16,NYC_COVID_REAL
2024-10-05,Brooklyn Health Center,BK,11201,6,27,39,NYC_COVID_REAL
2024-10-05,Manhattan Hospital,MN,10001,1,17,16,NYC_COVID_REAL
2024-10-05,Queens Medical Center,QN,11101,5,23,21,NYC_COVID_REAL
2024-10-05,Staten Island Hospital,SI,10301,1,20,4,NYC_COVID_REAL
2024-10-06,Bronx Medical Center,BX,10451,2,18,11,NYC_COVID_REAL
2024-10-06,Brooklyn Health Center,BK,11201,6,17,61,NYC_COVID_REAL
2024-10-06,Manhattan Hospital,MN,10001,6,28,15,NYC_COVID_REAL
2024-10-06,Queens Medical Center,QN,11101,6,28,28,NYC_COVID_REAL
2024-10-06,Staten Island Hospital,SI,10301,1,12,11,NYC_COVID_REAL
2024-10-07,Bronx Medical Center,BX,10451,4,29,22,NYC_COVID_REAL
2024-10-07,Brooklyn Health Center,BK,11201,6,20,80,NYC_COVID_REAL
2024-10-07,Manhattan Hospital,MN,10001,4,20,22,NYC_COVID_REAL
2024-10-07,Queens Medical Center,QN,11101,2,31,51,NYC_COVID_REAL
2024-10-07,Staten Island Hospital,SI,10301,3,31,22,NYC_COVID_REAL
2024-10-08,Bronx Medical Center,BX,10451,3,21,22,NYC_COVID_REAL
2024-10-08,Brooklyn Health Center,BK,11201,7,23,89,NYC_COVID_REAL
2024-10-08,Manhattan Hospital,MN,10001,8,19,28,NYC_COVID_REAL
2024-10-08,Queens Medical Center,QN,11101,5,28,26,NYC_COVID_REAL
2024-10-08,Staten Island Hospital,SI,10301,2,13,16,NYC_COVID_REAL
2024-10-09,Bronx Medical Center,BX,10451,4,29,20,NYC_COVID_REAL
2024-10-09,Brooklyn Health Center,BK,11201,6,28,69,NYC_COVID_REAL
2024-10-09,Manhattan Hospital,MN,10001,6,35,27,NYC_COVID_REAL
2024-10-09,Queens Medical Center,QN,11101,5,30,27,NYC_COVID_REAL
2024-10-09,Staten Island Hospital,SI,10301,1,13,12,NYC_COVID_REAL
2024-10-10,Bronx Medical Center,BX,10451,3,16,14,NYC_COVID_REAL
2024-10-10,Brooklyn Health Center,BK,11201,8,35,59,NYC_COVID_REAL
2024-10-10,Manhattan Hospital,MN,10001,3,20,18,NYC_COVID_REAL
2024-10-10,Queens Medical Center,QN,11101,3,14,37,NYC_COVID_REAL
2024-10-10,Staten Island Hospital,SI,10301,2,25,11,NYC_COVID_REAL
2024-10-11,Bronx Medical Center,BX,10451,3,14,16,NYC_COVID_REAL
2024-10-11,Brooklyn Health Center,BK,11201,5,32,40,NYC_COVID_REAL
2024-10-11,Manhattan Hospital,MN,10001,1,27,14,NYC_COVID_REAL
2024-10-11,Queens Medical Center,QN,11101,3,14,24,NYC_COVID_REAL
2024-10-11,Staten Island Hospital,SI,10301,5,23,9,NYC_COVID_REAL
2024-10-12,Bronx Medical Center,BX,10451,1,30,6,NYC_COVID_REAL
2024-10-12,Brooklyn Health Center,BK,11201,1,17,18,NYC_COVID_REAL
2024-10-12,Manhattan Hospital,MN,10001,1,30,8,NYC_COVID_REAL
2024-10-12,Queens Medical Center,QN,11101,1,30,13,NYC_COVID_REAL
2024-10-12,Staten Island Hospital,SI,10301,3,14,11,NYC_COVID_REAL
2024-10-13,Bronx Medical Center,BX,10451,2,26,6,NYC_COVID_REAL
2024-10-13,Brooklyn Health Center,BK,11201,9,26,46,NYC_COVID_REAL
2024-10-13,Manhattan Hospital,MN,10001,5,18,13,NYC_COVID_REAL
2024-10-13,Queens Medical Center,QN,11101,5,26,25,NYC_COVID_REAL
2024-10-13,Staten Island Hospital,SI,10301,3,29,6,NYC_COVID_REAL
2024-10-14,Bronx Medical Center,BX,10451,3,23,13,NYC_COVID_REAL
2024-10-14,Brooklyn Health Center,BK,11201,5,34,61,NYC_COVID_REAL
2024-10-14,Manhattan Hospital,MN,10001,3,32,15,NYC_COVID_REAL
2024-10-14,Queens Medical Center,QN,11101,7,34,38,NYC_COVID_REAL
2024-10-14,Staten Island Hospital,SI,10301,4,18,10,NYC_COVID_REAL
2024-10-15,Bronx Medical Center,BX,10451,3,23,19,NYC_COVID_REAL
2024-10-15,Brooklyn Health Center,BK,11201,6,17,57,NYC_COVID_REAL
2024-10-15,Manhattan Hospital,MN,10001,4,20,24,NYC_COVID_REAL
2024-10-15,Queens Medical Center,QN,11101,1,29,27,NYC_COVID_REAL
2024-10-15,Staten Island Hospital,SI,10301,1,19,11,NYC_COVID_REAL
2024-10-16,Bronx Medical Center,BX,10451,1,11,16,NYC_COVID_REAL
2024-10-16,Brooklyn Health Center,BK,11201,4,28,44,NYC_COVID_REAL
2024-10-16,Manhattan Hospital,MN,10001,2,23,23,NYC_COVID_REAL
2024-10-16,Queens Medical Center,QN,11101,2,13,28,NYC_COVID_REAL
2024-10-16,Staten Island Hospital,SI,10301,1,18,7,NYC_COVID_REAL
2024-10-17,Bronx Medical Center,BX,10451,1,17,13,NYC_COVID_REAL
2024-10-17,Brooklyn Health Center,BK,11201,5,17,22,NYC_COVID_REAL
2024-10-17,Manhattan Hospital,MN,10001,4,27,20,NYC_COVID_REAL
2024-10-17,Queens Medical Center,QN,11101,8,22,25,NYC_COVID_REAL
2024-10-17,Staten Island Hospital,SI,10301,1,12,9,NYC_COVID_REAL
2024-10-18,Bronx Medical Center,BX,10451,2,26,12,NYC_COVID_REAL
2024-10-18,Brooklyn Health Center,BK,11201,8,24,27,NYC_COVID_REAL
2024-10-18,Manhattan Hospital,MN,10001,2,30,13,NYC_COVID_REAL
2024-10-18,Queens Medical Center,QN,11101,2,26,25,NYC_COVID_REAL
2024-10-18,Staten Island Hospital,SI,10301,1,15,10,NYC_COVID_REAL
2024-10-19,Bronx Medical Center,BX,10451,2,26,8,NYC_COVID_REAL
2024-10-19,Brooklyn Health Center,BK,11201,4,31,31,NYC_COVID_REAL
2024-10-19,Manhattan Hospital,MN,10001,3,30,11,NYC_COVID_REAL
2024-10-19,Queens Medical Center,QN,11101,3,28,24,NYC_COVID_REAL
2024-10-19,Staten Island Hospital,SI,10301,2,24,5,NYC_COVID_REAL
2024-10-20,Bronx Medical Center,BX,10451,2,27,6,NYC_COVID_REAL
2024-10-20,Brooklyn Health Center,BK,11201,3,29,43,NYC_COVID_REAL
2024-10-20,Manhattan Hospital,MN,10001,2,24,14,NYC_COVID_REAL
2024-10-20,Queens Medical Center,QN,11101,2,24,24,NYC_COVID_REAL
2024-10-20,Staten Island Hospital,SI,10301,2,23,10,NYC_COVID_REAL
2024-10-21,Bronx Medical Center,BX,10451,1,18,12,NYC_COVID_REAL
2024-10-21,Brooklyn Health Center,BK,11201,8,30,53,NYC_COVID_REAL
2024-10-21,Manhattan Hospital,MN,10001,3,30,27,NYC_COVID_REAL
2024-10-21,Queens Medical Center,QN,11101,6,35,36,NYC_COVID_REAL
2024-10-21,Staten Island Hospital,SI,10301,5,23,12,NYC_COVID_REAL
2024-10-22,Bronx Medical Center,BX,10451,1,24,12,NYC_COVID_REAL
2024-10-22,Brooklyn Health Center,BK,11201,2,27,46,NYC_COVID_REAL
2024-10-22,Manhattan Hospital,MN,10001,3,20,16,NYC_COVID_REAL
2024-10-22,Queens Medical Center,QN,11101,1,18,22,NYC_COVID_REAL
2024-10-22,Staten Island Hospital,SI,10301,1,11,18,NYC_COVID_REAL
2024-10-23,Bronx Medical Center,BX,10451,5,34,19,NYC_COVID_REAL
2024-10-23,Brooklyn Health Center,BK,11201,9,21,48,NYC_COVID_REAL
2024-10-23,Manhattan Hospital,MN,10001,3,20,27,NYC_COVID_REAL
2024-10-23,Queens Medical Center,QN,11101,3,23,39,NYC_COVID_REAL
2024-10-23,Staten Island Hospital,SI,10301,1,14,11,NYC_COVID_REAL
2024-10-24,Bronx Medical Center,BX,10451,1,22,13,NYC_COVID_REAL
2024-10-24,Brooklyn Health Center,BK,11201,8,24,40,NYC_COVID_REAL
2024-10-24,Manhattan Hospital,MN,10001,4,21,20,NYC_COVID_REAL
2024-10-24,Queens Medical Center,QN,11101,6,18,33,NYC_COVID_REAL
2024-10-24,Staten Island Hospital,SI,10301,1,16,7,NYC_COVID_REAL
2024-10-25,Bronx Medical Center,BX,10451,1,26,12,NYC_COVID_REAL
2024-10-25,Brooklyn Health Center,BK,11201,11,25,31,NYC_COVID_REAL
2024-10-25,Manhattan Hospital,MN,10001,2,13,15,NYC_COVID_REAL
2024-10-25,Queens Medical Center,QN,11101,4,31,33,NYC_COVID_REAL
2024-10-25,Staten Island Hospital,SI,10301,2,28,10,NYC_COVID_REAL
2024-10-26,Bronx Medical Center,BX,10451,1,15,8,NYC_COVID_REAL
2024-10-26,Brooklyn Health Center,BK,11201,3,23,20,NYC_COVID_REAL
2024-10-26,Manhattan Hospital,MN,10001,5,23,12,NYC_COVID_REAL
2024-10-26,Queens Medical Center,QN,11101,3,29,8,NYC_COVID_REAL
2024-10-26,Staten Island Hospital,SI,10301,2,22,14,NYC_COVID_REAL
2024-10-27,Bronx Medical Center,BX,10451,1,20,9,NYC_COVID_REAL
2024-10-27,Brooklyn Health Center,BK,11201,3,25,33,NYC_COVID_REAL
2024-10-27,Manhattan Hospital,MN,10001,2,12,13,NYC_COVID_REAL
2024-10-27,Queens Medical Center,QN,11101,2,28,20,NYC_COVID_REAL
2024-10-27,Staten Island Hospital,SI,10301,5,23,15,NYC_COVID_REAL
2024-10-28,Bronx Medical Center,BX,10451,1,11,20,NYC_COVID_REAL
2024-10-28,Brooklyn Health Center,BK,11201,5,26,48,NYC_COVID_REAL
2024-10-28,Manhattan Hospital,MN,10001,3,13,12,NYC_COVID_REAL
2024-10-28,Queens Medical Center,QN,11101,8,19,39,NYC_COVID_REAL
2024-10-28,Staten Island Hospital,SI,10301,4,20,17,NYC_COVID_REAL
2024-10-29,Bronx Medical Center,BX,10451,3,24,14,NYC_COVID_REAL
2024-10-29,Brooklyn Health Center,BK,11201,4,30,41,NYC_COVID_REAL
2024-10-29,Manhattan Hospital,MN,10001,4,20,17,NYC_COVID_REAL
2024-10-29,Queens Medical Center,QN,11101,3,17,29,NYC_COVID_REAL
2024-10-29,Staten Island Hospital,SI,10301,2,26,9,NYC_COVID_REAL
2024-10-30,Bronx Medical Center,BX,10451,7,21,21,NYC_COVID_REAL
2024-10-30,Brooklyn Health Center,BK,11201,4,16,30,NYC_COVID_REAL
2024-10-30,Manhattan Hospital,MN,10001,3,30,21,NYC_COVID_REAL
2024-10-30,Queens Medical Center,QN,11101,7,23,24,NYC_COVID_REAL
2024-10-30,Staten Island Hospital,SI,10301,1,11,18,NYC_COVID_REAL
2024-10-31,Bronx Medical Center,BX,10451,6,20,20,NYC_COVID_REAL
2024-10-31,Brooklyn Health Center,BK,11201,7,20,43,NYC_COVID_REAL
2024-10-31,Manhattan Hospital,MN,10001,1,24,21,NYC_COVID_REAL
2024-10-31,Queens Medical Center,QN,11101,3,26,27,NYC_COVID_REAL
2024-10-31,Staten Island Hospital,SI,10301,1,23,9,NYC_COVID_REAL
2024-11-01,Bronx Medical Center,BX,10451,1,23,13,NYC_COVID_REAL
2024-11-01,Brooklyn Health Center,BK,11201,3,32,32,NYC_COVID_REAL
2024-11-01,Manhattan Hospital,MN,10001,2,16,20,NYC_COVID_REAL
2024-11-01,Queens Medical Center,QN,11101,6,23,28,NYC_COVID_REAL
2024-11-01,Staten Island Hospital,SI,10301,2,16,14,NYC_COVID_REAL
2024-11-02,Bronx Medical Center,BX,10451,1,16,9,NYC_COVID_REAL
2024-11-02,Brooklyn Health Center,BK,11201,2,24,16,NYC_COVID_REAL
2024-11-02,Manhattan Hospital,MN,10001,1,22,14,NYC_COVID_REAL
2024-11-02,Queens Medical Center,QN,11101,3,28,20,NYC_COVID_REAL
2024-11-02,Staten Island Hospital,SI,10301,1,23,8,NYC_COVID_REAL
2024-11-03,Bronx Medical Center,BX,10451,4,18,10,NYC_COVID_REAL
2024-11-03,Brooklyn Health Center,BK,11201,4,33,28,NYC_COVID_REAL
2024-11-03,Manhattan Hospital,MN,10001,3,19,12,NYC_COVID_REAL
2024-11-03,Queens Medical Center,QN,11101,1,11,12,NYC_COVID_REAL
2024-11-03,Staten Island Hospital,SI,10301,1,18,7,NYC_COVID_REAL
2024-11-04,Bronx Medical Center,BX,10451,2,20,10,NYC_COVID_REAL
2024-11-04,Brooklyn Health Center,BK,11201,5,34,49,NYC_COVID_REAL
2024-11-04,Manhattan Hospital,MN,10001,1,11,16,NYC_COVID_REAL
2024-11-04,Queens Medical Center,QN,11101,5,29,30,NYC_COVID_REAL
2024-11-04,Staten Island Hospital,SI,10301,4,30,16,NYC_COVID_REAL
2024-11-05,Bronx Medical Center,BX,10451,1,14,15,NYC_COVID_REAL
2024-11-05,Brooklyn Health Center,BK,11201,9,20,34,NYC_COVID_REAL
2024-11-05,Manhattan Hospital,MN,10001,1,13,15,NYC_COVID_REAL
2024-11-05,Queens Medical Center,QN,11101,3,24,19,NYC_COVID_REAL
2024-11-05,Staten Island Hospital,SI,10301,4,16,6,NYC_COVID_REAL
2024-11-06,Bronx Medical Center,BX,10451,1,28,13,NYC_COVID_REAL
2024-11-06,Brooklyn Health Center,BK,11201,5,30,35,NYC_COVID_REAL
2024-11-06,Manhattan Hospital,MN,10001,1,18,12,NYC_COVID_REAL
2024-11-06,Queens Medical Center,QN,11101,3,18,18,NYC_COVID_REAL
2024-11-06,Staten Island Hospital,SI,10301,1,11,10,NYC_COVID_REAL
2024-11-07,Bronx Medical Center,BX,10451,1,17,14,NYC_COVID_REAL
2024-11-07,Brooklyn Health Center,BK,11201,5,25,51,NYC_COVID_REAL
2024-11-07,Manhattan Hospital,MN,10001,6,27,16,NYC_COVID_REAL
2024-11-07,Queens Medical Center,QN,11101,4,32,24,NYC_COVID_REAL
2024-11-07,Staten Island Hospital,SI,10301,1,20,8,NYC_COVID_REAL
2024-11-08,Bronx Medical Center,BX,10451,4,23,11,NYC_COVID_REAL
2024-11-08,Brooklyn Health Center,BK,11201,2,31,31,NYC_COVID_REAL
2024-11-08,Manhattan Hospital,MN,10001,2,16,19,NYC_COVID_REAL
2024-11-08,Queens Medical Center,QN,11101,4,28,17,NYC_COVID_REAL
2024-11-08,Staten Island Hospital,SI,10301,3,32,8,NYC_COVID_REAL
2024-11-09,Bronx Medical Center,BX,10451,2,18,8,NYC_COVID_REAL
2024-11-09,Brooklyn Health Center,BK,11201,6,16,15,NYC_COVID_REAL
2024-11-09,Manhattan Hospital,MN,10001,1,25,10,NYC_COVID_REAL
2024-11-09,Queens Medical Center,QN,11101,5,33,16,NYC_COVID_REAL
2024-11-09,Staten Island Hospital,SI,10301,1,11,7,NYC_COVID_REAL
2024-11-10,Bronx Medical Center,BX,10451,1,16,10,NYC_COVID_REAL
2024-11-10,Brooklyn Health Center,BK,11201,2,13,27,NYC_COVID_REAL
2024-11-10,Manhattan Hospital,MN,10001,3,23,6,NYC_COVID_REAL
2024-11-10,Queens Medical Center,QN,11101,5,16,16,NYC_COVID_REAL
2024-11-10,Staten Island Hospital,SI,10301,1,12,3,NYC_COVID_REAL
2024-11-11,Bronx Medical Center,BX,10451,4,18,18,NYC_COVID_REAL
2024-11-11,Brooklyn Health Center,BK,11201,8,25,52,NYC_COVID_REAL
2024-11-11,Manhattan Hospital,MN,10001,1,23,11,NYC_COVID_REAL
2024-11-11,Queens Medical Center,QN,11101,7,18,24,NYC_COVID_REAL
2024-11-11,Staten Island Hospital,SI,10301,1,19,8,NYC_COVID_REAL
2024-11-12,Bronx Medical Center,BX,10451,1,26,10,NYC_COVID_REAL
2024-11-12,Brooklyn Health Center,BK,11201,6,22,50,NYC_COVID_REAL
2024-11-12,Manhattan Hospital,MN,10001,4,33,11,NYC_COVID_REAL
2024-11-12,Queens Medical Center,QN,11101,4,32,36,NYC_COVID_REAL
2024-11-12,Staten Island Hospital,SI,10301,3,18,13,NYC_COVID_REAL
2024-11-13,Bronx Medical Center,BX,10451,4,19,10,NYC_COVID_REAL
2024-11-13,Brooklyn Health Center,BK,11201,4,24,45,NYC_COVID_REAL
2024-11-13,Manhattan Hospital,MN,10001,1,26,19,NYC_COVID_REAL
2024-11-13,Queens Medical Center,QN,11101,4,28,19,NYC_COVID_REAL
2024-11-13,Staten Island Hospital,SI,10301,1,29,8,NYC_COVID_REAL
2024-11-14,Bronx Medical Center,BX,10451,1,12,11,NYC_COVID_REAL
2024-11-14,Brooklyn Health Center,BK,11201,6,35,33,NYC_COVID_REAL
2024-11-14,Manhattan Hospital,MN,10001,1,12,11,NYC_COVID_REAL
2024-11-14,Queens Medical Center,QN,11101,3,31,23,NYC_COVID_REAL
2024-11-14,Staten Island Hospital,SI,10301,2,24,8,NYC_COVID_REAL
2024-11-15,Bronx Medical Center,BX,10451,1,14,13,NYC_COVID_REAL
2024-11-15,Brooklyn Health Center,BK,11201,4,30,35,NYC_COVID_REAL
2024-11-15,Manhattan Hospital,MN,10001,1,19,17,NYC_COVID_REAL
2024-11-15,Queens Medical Center,QN,11101,2,24,19,NYC_COVID_REAL
2024-11-15,Staten Island Hospital,SI,10301,1,11,7,NYC_COVID_REAL
2024-11-16,Bronx Medical Center,BX,10451,1,30,5,NYC_COVID_REAL
2024-11-16,Brooklyn Health Center,BK,11201,3,20,12,NYC_COVID_REAL
2024-11-16,Manhattan Hospital,MN,10001,5,32,11,NYC_COVID_REAL
2024-11-16,Queens Medical Center,QN,11101,2,19,19,NYC_COVID_REAL
2024-11-16,Staten Island Hospital,SI,10301,1,17,3,NYC_COVID_REAL
2024-11-17,Bronx Medical Center,BX,10451,1,22,11,NYC_COVID_REAL
2024-11-17,Brooklyn Health Center,BK,11201,5,18,30,NYC_COVID_REAL
2024-11-17,Manhattan Hospital,MN,10001,4,29,11,NYC_COVID_REAL
2024-11-17,Queens Medical Center,QN,11101,1,23,13,NYC_COVID_REAL
2024-11-17,Staten Island Hospital,SI,10301,1,16,16,NYC_COVID_REAL
2024-11-18,Bronx Medical Center,BX,10451,1,20,8,NYC_COVID_REAL
2024-11-18,Brooklyn Health Center,BK,11201,5,22,48,NYC_COVID_REAL
2024-11-18,Manhattan Hospital,MN,10001,2,30,19,NYC_COVID_REAL
2024-11-18,Queens Medical Center,QN,11101,5,29,27,NYC_COVID_REAL
2024-11-18,Staten Island Hospital,SI,10301,1,22,9,NYC_COVID_REAL
2024-11-19,Bronx Medical Center,BX,10451,1,11,19,NYC_COVID_REAL
2024-11-19,Brooklyn Health Center,BK,11201,7,22,51,NYC_COVID_REAL
2024-11-19,Manhattan Hospital,MN,10001,1,20,13,NYC_COVID_REAL
2024-11-19,Queens Medical Center,QN,11101,3,30,24,NYC_COVID_REAL
2024-11-19,Staten Island Hospital,SI,10301,2,23,10,NYC_COVID_REAL
2024-11-20,Bronx Medical Center,BX,10451,1,29,12,NYC_COVID_REAL
2024-11-20,Brooklyn Health Center,BK,11201,7,32,35,NYC_COVID_REAL
2024-11-20,Manhattan Hospital,MN,10001,1,26,12,NYC_COVID_REAL
2024-11-20,Queens Medical Center,QN,11101,2,16,29,NYC_COVID_REAL
2024-11-20,Staten Island Hospital,SI,10301,2,16,1,NYC_COVID_REAL
2024-11-21,Bronx Medical Center,BX,10451,1,29,15,NYC_COVID_REAL
2024-11-21,Brooklyn Health Center,BK,11201,6,26,47,NYC_COVID_REAL
2024-11-21,Manhattan Hospital,MN,10001,1,19,13,NYC_COVID_REAL
2024-11-21,Queens Medical Center,QN,11101,2,21,29,NYC_COVID_REAL
2024-11-21,Staten Island Hospital,SI,10301,1,12,5,NYC_COVID_REAL
2024-11-22,Bronx Medical Center,BX,10451,2,29,8,NYC_COVID_REAL
2024-11-22,Brooklyn Health Center,BK,11201,6,30,39,NYC_COVID_REAL
2024-11-22,Manhattan Hospital,MN,10001,2,31,6,NYC_COVID_REAL
2024-11-22,Queens Medical Center,QN,11101,5,19,19,NYC_COVID_REAL
2024-11-22,Staten Island Hospital,SI,10301,3,26,7,NYC_COVID_REAL
2024-11-23,Bronx Medical Center,BX,10451,4,27,15,NYC_COVID_REAL
2024-11-23,Brooklyn Health Center,BK,11201,2,24,24,NYC_COVID_REAL
2024-11-23,Manhattan Hospital,MN,10001,1,28,6,NYC_COVID_REAL
2024-11-23,Queens Medical Center,QN,11101,2,23,21,NYC_COVID_REAL
2024-11-23,Staten Island Hospital,SI,10301,1,18,8,NYC_COVID_REAL
2024-11-24,Bronx Medical Center,BX,10451,3,32,8,NYC_COVID_REAL
2024-11-24,Brooklyn Health Center,BK,11201,6,18,43,NYC_COVID_REAL
2024-11-24,Manhattan Hospital,MN,10001,4,20,11,NYC_COVID_REAL
2024-11-24,Queens Medical Center,QN,11101,2,30,18,NYC_COVID_REAL
2024-11-24,Staten Island Hospital,SI,10301,2,22,4,NYC_COVID_REAL
2024-11-25,Bronx Medical Center,BX,10451,1,18,13,NYC_COVID_REAL
2024-11-25,Brooklyn Health Center,BK,11201,2,17,49,NYC_COVID_REAL
2024-11-25,Manhattan Hospital,MN,10001,4,27,17,NYC_COVID_REAL
2024-11-25,Queens Medical Center,QN,11101,2,20,30,NYC_COVID_REAL
2024-11-25,Staten Island Hospital,SI,10301,1,16,7,NYC_COVID_REAL
2024-11-26,Bronx Medical Center,BX,10451,2,30,14,NYC_COVID_REAL
2024-11-26,Brooklyn Health Center,BK,11201,4,22,41,NYC_COVID_REAL
2024-11-26,Manhattan Hospital,MN,10001,1,29,13,NYC_COVID_REAL
2024-11-26,Queens Medical Center,QN,11101,2,18,27,NYC_COVID_REAL
2024-11-26,Staten Island Hospital,SI,10301,3,14,12,NYC_COVID_REAL
2024-11-27,Bronx Medical Center,BX,10451,5,19,13,NYC_COVID_REAL
2024-11-27,Brooklyn Health Center,BK,11201,6,23,44,NYC_COVID_REAL
2024-11-27,Manhattan Hospital,MN,10001,2,26,18,NYC_COVID_REAL
2024-11-27,Queens Medical Center,QN,11101,2,20,24,NYC_COVID_REAL
2024-11-27,Staten Island Hospital,SI,10301,1,19,8,NYC_COVID_REAL
2024-11-28,Bronx Medical Center,BX,10451,2,31,9,NYC_COVID_REAL
2024-11-28,Brooklyn Health Center,BK,11201,2,29,20,NYC_COVID_REAL
2024-11-28,Manhattan Hospital,MN,10001,1,14,4,NYC_COVID_REAL
2024-11-28,Queens Medical Center,QN,11101,4,25,22,NYC_COVID_REAL
2024-11-28,Staten Island Hospital,SI,10301,1,21,4,NYC_COVID_REAL
2024-11-29,Bronx Medical Center,BX,10451,2,17,10,NYC_COVID_REAL
2024-11-29,Brooklyn Health Center,BK,11201,8,36,28,NYC_COVID_REAL
2024-11-29,Manhattan Hospital,MN,10001,1,30,11,NYC_COVID_REAL
2024-11-29,Queens Medical Center,QN,11101,4,19,19,NYC_COVID_REAL
2024-11-29,Staten Island Hospital,SI,10301,1,30,14,NYC_COVID_REAL
2024-11-30,Bronx Medical Center,BX,10451,4,14,16,NYC_COVID_REAL
2024-11-30,Brooklyn Health Center,BK,11201,1,24,24,NYC_COVID_REAL
2024-11-30,Manhattan Hospital,MN,10001,1,28,9,NYC_COVID_REAL
2024-11-30,Queens Medical Center,QN,11101,2,27,25,NYC_COVID_REAL
2024-11-30,Staten Island Hospital,SI,10301,2,25,6,NYC_COVID_REAL
2024-12-01,Bronx Medical Center,BX,10451,3,22,8,NYC_COVID_REAL
2024-12-01,Brooklyn Health Center,BK,11201,4,26,36,NYC_COVID_REAL
2024-12-01,Manhattan Hospital,MN,10001,1,28,14,NYC_COVID_REAL
2024-12-01,Queens Medical Center,QN,11101,4,29,16,NYC_COVID_REAL
2024-12-01,Staten Island Hospital,SI,10301,1,21,9,NYC_COVID_REAL
2024-12-02,Bronx Medical Center,BX,10451,1,23,28,NYC_COVID_REAL
2024-12-02,Brooklyn Health Center,BK,11201,7,33,46,NYC_COVID_REAL
2024-12-02,Manhattan Hospital,MN,10001,3,26,27,NYC_COVID_REAL
2024-12-02,Queens Medical Center,QN,11101,4,29,36,NYC_COVID_REAL
2024-12-02,Staten Island Hospital,SI,10301,3,20,12,NYC_COVID_REAL
2024-12-03,Bronx Medical Center,BX,10451,3,29,28,NYC_COVID_REAL
2024-12-03,Brooklyn Health Center,BK,11201,7,31,50,NYC_COVID_REAL
2024-12-03,Manhattan Hospital,MN,10001,6,19,18,NYC_COVID_REAL
2024-12-03,Queens Medical Center,QN,11101,4,30,33,NYC_COVID_REAL
2024-12-03,Staten Island Hospital,SI,10301,1,15,10,NYC_COVID_REAL
2024-12-04,Bronx Medical Center,BX,10451,4,14,25,NYC_COVID_REAL
2024-12-04,Brooklyn Health Center,BK,11201,2,25,46,NYC_COVID_REAL
2024-12-04,Manhattan Hospital,MN,10001,3,27,18,NYC_COVID_REAL
2024-12-04,Queens Medical Center,QN,11101,1,13,39,NYC_COVID_REAL
2024-12-04,Staten Island Hospital,SI,10301,1,17,12,NYC_COVID_REAL
2024-12-05,Bronx Medical Center,BX,10451,1,12,21,NYC_COVID_REAL
2024-12-05,Brooklyn Health Center,BK,11201,2,13,48,NYC_COVID_REAL
2024-12-05,Manhattan Hospital,MN,10001,1,15,19,NYC_COVID_REAL
2024-12-05,Queens Medical Center,QN,11101,5,20,44,NYC_COVID_REAL
2024-12-05,Staten Island Hospital,SI,10301,1,23,8,NYC_COVID_REAL
2024-12-06,Bronx Medical Center,BX,10451,3,28,20,NYC_COVID_REAL
2024-12-06,Brooklyn Health Center,BK,11201,5,25,36,NYC_COVID_REAL
2024-12-06,Manhattan Hospital,MN,10001,1,18,17,NYC_COVID_REAL
2024-12-06,Queens Medical Center,QN,11101,2,12,43,NYC_COVID_REAL
2024-12-06,Staten Island Hospital,SI,10301,1,25,13,NYC_COVID_REAL
2024-12-07,Bronx Medical Center,BX,10451,3,30,15,NYC_COVID_REAL
2024-12-07,Brooklyn Health Center,BK,11201,6,16,26,NYC_COVID_REAL
2024-12-07,Manhattan Hospital,MN,10001,1,24,6,NYC_COVID_REAL
2024-12-07,Queens Medical Center,QN,11101,5,22,24,NYC_COVID_REAL
2024-12-07,Staten Island Hospital,SI,10301,1,17,7,NYC_COVID_REAL
2024-12-08,Bronx Medical Center,BX,10451,7,25,9,NYC_COVID_REAL
2024-12-08,Brooklyn Health Center,BK,11201,3,21,36,NYC_COVID_REAL
2024-12-08,Manhattan Hospital,MN,10001,1,28,13,NYC_COVID_REAL
2024-12-08,Queens Medical Center,QN,11101,3,28,33,NYC_COVID_REAL
2024-12-08,Staten Island Hospital,SI,10301,1,17,13,NYC_COVID_REAL
2024-12-09,Bronx Medical Center,BX,10451,4,22,35,NYC_COVID_REAL
2024-12-09,Brooklyn Health Center,BK,11201,6,25,42,NYC_COVID_REAL
2024-12-09,Manhattan Hospital,MN,10001,2,27,18,NYC_COVID_REAL
2024-12-09,Queens Medical Center,QN,11101,7,24,45,NYC_COVID_REAL
2024-12-09,Staten Island Hospital,SI,10301,4,31,10,NYC_COVID_REAL
2024-12-10,Bronx Medical Center,BX,10451,6,17,31,NYC_COVID_REAL
2024-12-10,Brooklyn Health Center,BK,11201,11,28,55,NYC_COVID_REAL
2024-12-10,Manhattan Hospital,MN,10001,3,14,31,NYC_COVID_REAL
2024-12-10,Queens Medical Center,QN,11101,4,31,60,NYC_COVID_REAL
2024-12-10,Staten Island Hospital,SI,10301,2,23,19,NYC_COVID_REAL
2024-12-11,Bronx Medical Center,BX,10451,4,33,36,NYC_COVID_REAL
2024-12-11,Brooklyn Health Center,BK,11201,7,34,49,NYC_COVID_REAL
2024-12-11,Manhattan Hospital,MN,10001,1,17,22,NYC_COVID_REAL
2024-12-11,Queens Medical Center,QN,11101,5,23,48,NYC_COVID_REAL
2024-12-11,Staten Island Hospital,SI,10301,1,13,12,NYC_COVID_REAL
2024-12-12,Bronx Medical Center,BX,10451,8,27,35,NYC_COVID_REAL
2024-12-12,Brooklyn Health Center,BK,11201,6,19,49,NYC_COVID_REAL
2024-12-12,Manhattan Hospital,MN,10001,2,31,18,NYC_COVID_REAL
2024-12-12,Queens Medical Center,QN,11101,5,15,49,NYC_COVID_REAL
2024-12-12,Staten Island Hospital,SI,10301,1,19,8,NYC_COVID_REAL
2024-12-13,Bronx Medical Center,BX,10451,6,19,20,NYC_COVID_REAL
2024-12-13,Brooklyn Health Center,BK,11201,8,32,57,NYC_COVID_REAL
2024-12-13,Manhattan Hospital,MN,10001,2,16,15,NYC_COVID_REAL
2024-12-13,Queens Medical Center,QN,11101,5,33,32,NYC_COVID_REAL
2024-12-13,Staten Island Hospital,SI,10301,2,26,14,NYC_COVID_REAL
2024-12-14,Bronx Medical Center,BX,10451,4,15,12,NYC_COVID_REAL
2024-12-14,Brooklyn Health Center,BK,11201,5,29,29,NYC_COVID_REAL
2024-12-14,Manhattan Hospital,MN,10001,3,14,19,NYC_COVID_REAL
2024-12-14,Queens Medical Center,QN,11101,4,28,26,NYC_COVID_REAL
2024-12-14,Staten Island Hospital,SI,10301,1,29,9,NYC_COVID_REAL
2024-12-15,Bronx Medical Center,BX,10451,2,23,8,NYC_COVID_REAL
2024-12-15,Brooklyn Health Center,BK,11201,6,24,39,NYC_COVID_REAL
2024-12-15,Manhattan Hospital,MN,10001,2,20,14,NYC_COVID_REAL
2024-12-15,Queens Medical Center,QN,11101,1,24,25,NYC_COVID_REAL
2024-12-15,Staten Island Hospital,SI,10301,2,26,12,NYC_COVID_REAL
2024-12-16,Bronx Medical Center,BX,10451,6,19,42,NYC_COVID_REAL
2024-12-16,Brooklyn Health Center,BK,11201,3,20,56,NYC_COVID_REAL
2024-12-16,Manhattan Hospital,MN,10001,6,20,29,NYC_COVID_REAL
2024-12-16,Queens Medical Center,QN,11101,8,31,60,NYC_COVID_REAL
2024-12-16,Staten Island Hospital,SI,10301,1,26,16,NYC_COVID_REAL
2024-12-17,Bronx Medical Center,BX,10451,6,32,47,NYC_COVID_REAL
2024-12-17,Brooklyn Health Center,BK,11201,9,28,73,NYC_COVID_REAL
2024-12-17,Manhattan Hospital,MN,10001,1,18,33,NYC_COVID_REAL
2024-12-17,Queens Medical Center,QN,11101,7,27,64,NYC_COVID_REAL
2024-12-17,Staten Island Hospital,SI,10301,2,13,22,NYC_COVID_REAL
2024-12-18,Bronx Medical Center,BX,10451,1,17,31,NYC_COVID_REAL
2024-12-18,Brooklyn Health Center,BK,11201,5,33,50,NYC_COVID_REAL
2024-12-18,Manhattan Hospital,MN,10001,2,22,34,NYC_COVID_REAL
2024-12-18,Queens Medical Center,QN,11101,8,18,57,NYC_COVID_REAL
2024-12-18,Staten Island Hospital,SI,10301,3,27,21,NYC_COVID_REAL
2024-12-19,Bronx Medical Center,BX,10451,1,30,26,NYC_COVID_REAL
2024-12-19,Brooklyn Health Center,BK,11201,10,29,60,NYC_COVID_REAL
2024-12-19,Manhattan Hospital,MN,10001,4,16,24,NYC_COVID_REAL
2024-12-19,Queens Medical Center,QN,11101,5,23,42,NYC_COVID_REAL
2024-12-19,Staten Island Hospital,SI,10301,1,23,20,NYC_COVID_REAL
2024-12-20,Bronx Medical Center,BX,10451,5,20,35,NYC_COVID_REAL
2024-12-20,Brooklyn Health Center,BK,11201,6,26,51,NYC_COVID_REAL
2024-12-20,Manhattan Hospital,MN,10001,1,20,24,NYC_COVID_REAL
2024-12-20,Queens Medical Center,QN,11101,5,24,44,NYC_COVID_REAL
2024-12-20,Staten Island Hospital,SI,10301,1,14,16,NYC_COVID_REAL
2024-12-21,Bronx Medical Center,BX,10451,2,19,22,NYC_COVID_REAL
2024-12-21,Brooklyn Health Center,BK,11201,5,19,36,NYC_COVID_REAL
2024-12-21,Manhattan Hospital,MN,10001,1,29,16,NYC_COVID_REAL
2024-12-21,Queens Medical Center,QN,11101,4,28,23,NYC_COVID_REAL
2024-12-21,Staten Island Hospital,SI,10301,1,29,10,NYC_COVID_REAL
2024-12-22,Bronx Medical Center,BX,10451,3,24,16,NYC_COVID_REAL
2024-12-22,Brooklyn Health Center,BK,11201,3,17,26,NYC_COVID_REAL
2024-12-22,Manhattan Hospital,MN,10001,2,20,15,NYC_COVID_REAL
2024-12-22,Queens Medical Center,QN,11101,7,19,29,NYC_COVID_REAL
2024-12-22,Staten Island Hospital,SI,10301,1,16,13,NYC_COVID_REAL
2024-12-23,Bronx Medical Center,BX,10451,2,19,27,NYC_COVID_REAL
2024-12-23,Brooklyn Health Center,BK,11201,9,38,64,NYC_COVID_REAL
2024-12-23,Manhattan Hospital,MN,10001,5,19,34,NYC_COVID_REAL
2024-12-23,Queens Medical Center,QN,11101,1,17,51,NYC_COVID_REAL
2024-12-23,Staten Island Hospital,SI,10301,1,19,20,NYC_COVID_REAL
2024-12-24,Bronx Medical Center,BX,10451,2,28,22,NYC_COVID_REAL
2024-12-24,Brooklyn Health Center,BK,11201,10,35,52,NYC_COVID_REAL
2024-12-24,Manhattan Hospital,MN,10001,2,12,20,NYC_COVID_REAL
2024-12-24,Queens Medical Center,QN,11101,3,26,34,NYC_COVID_REAL
2024-12-24,Staten Island Hospital,SI,10301,1,25,12,NYC_COVID_REAL
2024-12-25,Bronx Medical Center,BX,10451,3,28,14,NYC_COVID_REAL
2024-12-25,Brooklyn Health Center,BK,11201,7,20,40,NYC_COVID_REAL
2024-12-25,Manhattan Hospital,MN,10001,1,16,17,NYC_COVID_REAL
2024-12-25,Queens Medical Center,QN,11101,7,22,23,NYC_COVID_REAL
2024-12-25,Staten Island Hospital,SI,10301,1,21,5,NYC_COVID_REAL
2024-12-26,Bronx Medical Center,BX,10451,7,34,42,NYC_COVID_REAL
2024-12-26,Brooklyn Health Center,BK,11201,7,35,64,NYC_COVID_REAL
2024-12-26,Manhattan Hospital,MN,10001,6,34,17,NYC_COVID_REAL
2024-12-26,Queens Medical Center,QN,11101,8,22,67,NYC_COVID_REAL
2024-12-26,Staten Island Hospital,SI,10301,4,18,29,NYC_COVID_REAL
2024-12-27,Bronx Medical Center,BX,10451,7,20,49,NYC_COVID_REAL
2024-12-27,Brooklyn Health Center,BK,11201,17,33,64,NYC_COVID_REAL
2024-12-27,Manhattan Hospital,MN,10001,4,26,34,NYC_COVID_REAL
2024-12-27,Queens Medical Center,QN,11101,5,29,61,NYC_COVID_REAL
2024-12-27,Staten Island Hospital,SI,10301,5,34,35,NYC_COVID_REAL
2024-12-28,Bronx Medical Center,BX,10451,6,21,27,NYC_COVID_REAL
2024-12-28,Brooklyn Health Center,BK,11201,14,42,50,NYC_COVID_REAL
2024-12-28,Manhattan Hospital,MN,10001,5,20,20,NYC_COVID_REAL
2024-12-28,Queens Medical Center,QN,11101,6,35,48,NYC_COVID_REAL
2024-12-28,Staten Island Hospital,SI,10301,3,18,14,NYC_COVID_REAL
2024-12-29,Bronx Medical Center,BX,10451,3,28,32,NYC_COVID_REAL
2024-12-29,Brooklyn Health Center,BK,11201,9,30,69,NYC_COVID_REAL
2024-12-29,Manhattan Hospital,MN,10001,10,26,30,NYC_COVID_REAL
2024-12-29,Queens Medical Center,QN,11101,8,23,38,NYC_COVID_REAL
2024-12-29,Staten Island Hospital,SI,10301,3,27,16,NYC_COVID_REAL
2024-12-30,Bronx Medical Center,BX,10451,8,25,56,NYC_COVID_REAL
2024-12-30,Brooklyn Health Center,BK,11201,6,21,84,NYC_COVID_REAL
2024-12-30,Manhattan Hospital,MN,10001,7,17,41,NYC_COVID_REAL
2024-12-30,Queens Medical Center,QN,11101,5,33,84,NYC_COVID_REAL
2024-12-30,Staten Island Hospital,SI,10301,7,33,41,NYC_COVID_REAL
2024-12-31,Bronx Medical Center,BX,10451,3,14,31,NYC_COVID_REAL
2024-12-31,Brooklyn Health Center,BK,11201,7,17,51,NYC_COVID_REAL
2024-12-31,Manhattan Hospital,MN,10001,2,28,32,NYC_COVID_REAL
2024-12-31,Queens Medical Center,QN,11101,8,19,70,NYC_COVID_REAL
2024-12-31,Staten Island Hospital,SI,10301,5,29,26,NYC_COVID_REAL
2025-01-01,Bronx Medical Center,BX,10451,4,22,23,NYC_COVID_REAL
2025-01-01,Brooklyn Health Center,BK,11201,8,37,41,NYC_COVID_REAL
2025-01-01,Manhattan Hospital,MN,10001,2,20,21,NYC_COVID_REAL
2025-01-01,Queens Medical Center,QN,11101,3,26,43,NYC_COVID_REAL
2025-01-01,Staten Island Hospital,SI,10301,4,28,20,NYC_COVID_REAL
2025-01-02,Bronx Medical Center,BX,10451,7,30,50,NYC_COVID_REAL
2025-01-02,Brooklyn Health Center,BK,11201,5,18,89,NYC_COVID_REAL
2025-01-02,Manhattan Hospital,MN,10001,4,27,33,NYC_COVID_REAL
2025-01-02,Queens Medical Center,QN,11101,7,35,90,NYC_COVID_REAL
2025-01-02,Staten Island Hospital,SI,10301,1,25,29,NYC_COVID_REAL
2025-01-03,Bronx Medical Center,BX,10451,6,33,50,NYC_COVID_REAL
2025-01-03,Brooklyn Health Center,BK,11201,10,27,76,NYC_COVID_REAL
2025-01-03,Manhattan Hospital,MN,10001,3,18,29,NYC_COVID_REAL
2025-01-03,Queens Medical Center,QN,11101,7,24,61,NYC_COVID_REAL
2025-01-03,Staten Island Hospital,SI,10301,5,25,22,NYC_COVID_REAL
2025-01-04,Bronx Medical Center,BX,10451,7,26,30,NYC_COVID_REAL
2025-01-04,Brooklyn Health Center,BK,11201,9,36,44,NYC_COVID_REAL
2025-01-04,Manhattan Hospital,MN,10001,5,23,27,NYC_COVID_REAL
2025-01-04,Queens Medical Center,QN,11101,10,32,57,NYC_COVID_REAL
2025-01-04,Staten Island Hospital,SI,10301,2,27,15,NYC_COVID_REAL
2025-01-05,Bronx Medical Center,BX,10451,6,25,36,NYC_COVID_REAL
2025-01-05,Brooklyn Health Center,BK,11201,5,24,54,NYC_COVID_REAL
2025-01-05,Manhattan Hospital,MN,10001,3,30,19,NYC_COVID_REAL
2025-01-05,Queens Medical Center,QN,11101,9,32,65,NYC_COVID_REAL
2025-01-05,Staten Island Hospital,SI,10301,4,17,26,NYC_COVID_REAL
2025-01-06,Bronx Medical Center,BX,10451,7,18,56,NYC_COVID_REAL
2025-01-06,Brooklyn Health Center,BK,11201,6,27,75,NYC_COVID_REAL
2025-01-06,Manhattan Hospital,MN,10001,3,21,39,NYC_COVID_REAL
2025-01-06,Queens Medical Center,QN,11101,8,33,93,NYC_COVID_REAL
2025-01-06,Staten Island Hospital,SI,10301,3,16,22,NYC_COVID_REAL
2025-01-07,Bronx Medical Center,BX,10451,8,34,61,NYC_COVID_REAL
2025-01-07,Brooklyn Health Center,BK,11201,11,37,76,NYC_COVID_REAL
2025-01-07,Manhattan Hospital,MN,10001,5,19,42,NYC_COVID_REAL
2025-01-07,Queens Medical Center,QN,11101,6,27,70,NYC_COVID_REAL
2025-01-07,Staten Island Hospital,SI,10301,1,25,25,NYC_COVID_REAL
2025-01-08,Bronx Medical Center,BX,10451,4,15,50,NYC_COVID_REAL
2025-01-08,Brooklyn Health Center,BK,11201,14,29,80,NYC_COVID_REAL
2025-01-08,Manhattan Hospital,MN,10001,3,28,34,NYC_COVID_REAL
2025-01-08,Queens Medical Center,QN,11101,10,34,69,NYC_COVID_REAL
2025-01-08,Staten Island Hospital,SI,10301,1,12,12,NYC_COVID_REAL
2025-01-09,Bronx Medical Center,BX,10451,4,14,44,NYC_COVID_REAL
2025-01-09,Brooklyn Health Center,BK,11201,3,16,73,NYC_COVID_REAL
2025-01-09,Manhattan Hospital,MN,10001,3,31,29,NYC_COVID_REAL
2025-01-09,Queens Medical Center,QN,11101,5,32,71,NYC_COVID_REAL
2025-01-09,Staten Island Hospital,SI,10301,3,30,23,NYC_COVID_REAL
2025-01-10,Bronx Medical Center,BX,10451,3,32,46,NYC_COVID_REAL
2025-01-10,Brooklyn Health Center,BK,11201,7,19,57,NYC_COVID_REAL
2025-01-10,Manhattan Hospital,MN,10001,7,29,39,NYC_COVID_REAL
2025-01-10,Queens Medical Center,QN,11101,5,33,53,NYC_COVID_REAL
2025-01-10,Staten Island Hospital,SI,10301,2,19,14,NYC_COVID_REAL
2025-01-11,Bronx Medical Center,BX,10451,5,29,29,NYC_COVID_REAL
2025-01-11,Brooklyn Health Center,BK,11201,8,26,67,NYC_COVID_REAL
2025-01-11,Manhattan Hospital,MN,10001,9,33,32,NYC_COVID_REAL
2025-01-11,Queens Medical Center,QN,11101,2,25,50,NYC_COVID_REAL
2025-01-11,Staten Island Hospital,SI,10301,2,12,13,NYC_COVID_REAL
2025-01-12,Bronx Medical Center,BX,10451,5,24,25,NYC_COVID_REAL
2025-01-12,Brooklyn Health Center,BK,11201,6,27,50,NYC_COVID_REAL
2025-01-12,Manhattan Hospital,MN,10001,1,18,17,NYC_COVID_REAL
2025-01-12,Queens Medical Center,QN,11101,6,29,44,NYC_COVID_REAL
2025-01-12,Staten Island Hospital,SI,10301,4,28,18,NYC_COVID_REAL
2025-01-13,Bronx Medical Center,BX,10451,11,27,83,NYC_COVID_REAL
2025-01-13,Brooklyn Health Center,BK,11201,10,26,116,NYC_COVID_REAL
2025-01-13,Manhattan Hospital,MN,10001,9,21,45,NYC_COVID_REAL
2025-01-13,Queens Medical Center,QN,11101,13,30,101,NYC_COVID_REAL
2025-01-13,Staten Island Hospital,SI,10301,2,31,24,NYC_COVID_REAL
2025-01-14,Bronx Medical Center,BX,10451,7,29,73,NYC_COVID_REAL
2025-01-14,Brooklyn Health Center,BK,11201,9,34,100,NYC_COVID_REAL
2025-01-14,Manhattan Hospital,MN,10001,2,12,43,NYC_COVID_REAL
2025-01-14,Queens Medical Center,QN,11101,5,17,86,NYC_COVID_REAL
2025-01-14,Staten Island Hospital,SI,10301,1,21,28,NYC_COVID_REAL
2025-01-15,Bronx Medical Center,BX,10451,6,20,73,NYC_COVID_REAL
2025-01-15,Brooklyn Health Center,BK,11201,5,33,83,NYC_COVID_REAL
2025-01-15,Manhattan Hospital,MN,10001,3,31,39,NYC_COVID_REAL
2025-01-15,Queens Medical Center,QN,11101,9,21,69,NYC_COVID_REAL
2025-01-15,Staten Island Hospital,SI,10301,1,11,19,NYC_COVID_REAL
2025-01-16,Bronx Medical Center,BX,10451,8,21,63,NYC_COVID_REAL
2025-01-16,Brooklyn Health Center,BK,11201,17,36,79,NYC_COVID_REAL
2025-01-16,Manhattan Hospital,MN,10001,4,19,38,NYC_COVID_REAL
2025-01-16,Queens Medical Center,QN,11101,5,22,63,NYC_COVID_REAL
2025-01-16,Staten Island Hospital,SI,10301,5,19,24,NYC_COVID_REAL
2025-01-17,Bronx Medical Center,BX,10451,9,31,75,NYC_COVID_REAL
2025-01-17,Brooklyn Health Center,BK,11201,10,20,82,NYC_COVID_REAL
2025-01-17,Manhattan Hospital,MN,10001,3,23,25,NYC_COVID_REAL
2025-01-17,Queens Medical Center,QN,11101,9,27,64,NYC_COVID_REAL
2025-01-17,Staten Island Hospital,SI,10301,2,20,19,NYC_COVID_REAL
2025-01-18,Bronx Medical Center,BX,10451,5,17,37,NYC_COVID_REAL
2025-01-18,Brooklyn Health Center,BK,11201,9,37,52,NYC_COVID_REAL
2025-01-18,Manhattan Hospital,MN,10001,4,16,32,NYC_COVID_REAL
2025-01-18,Queens Medical Center,QN,11101,6,25,51,NYC_COVID_REAL
2025-01-18,Staten Island Hospital,SI,10301,2,18,17,NYC_COVID_REAL
2025-01-19,Bronx Medical Center,BX,10451,9,21,40,NYC_COVID_REAL
2025-01-19,Brooklyn Health Center,BK,11201,6,18,52,NYC_COVID_REAL
2025-01-19,Manhattan Hospital,MN,10001,5,20,33,NYC_COVID_REAL
2025-01-19,Queens Medical Center,QN,11101,5,20,58,NYC_COVID_REAL
2025-01-19,Staten Island Hospital,SI,10301,2,14,21,NYC_COVID_REAL
2025-01-20,Bronx Medical Center,BX,10451,5,26,45,NYC_COVID_REAL
2025-01-20,Brooklyn Health Center,BK,11201,6,19,57,NYC_COVID_REAL
2025-01-20,Manhattan Hospital,MN,10001,3,22,35,NYC_COVID_REAL
2025-01-20,Queens Medical Center,QN,11101,6,34,74,NYC_COVID_REAL
2025-01-20,Staten Island Hospital,SI,10301,2,13,26,NYC_COVID_REAL
2025-01-21,Bronx Medical Center,BX,10451,11,32,85,NYC_COVID_REAL
2025-01-21,Brooklyn Health Center,BK,11201,10,26,91,NYC_COVID_REAL
2025-01-21,Manhattan Hospital,MN,10001,9,19,52,NYC_COVID_REAL
2025-01-21,Queens Medical Center,QN,11101,7,19,79,NYC_COVID_REAL
2025-01-21,Staten Island Hospital,SI,10301,2,23,18,NYC_COVID_REAL
2025-01-22,Bronx Medical Center,BX,10451,14,35,75,NYC_COVID_REAL
2025-01-22,Brooklyn Health Center,BK,11201,8,25,74,NYC_COVID_REAL
2025-01-22,Manhattan Hospital,MN,10001,5,22,53,NYC_COVID_REAL
2025-01-22,Queens Medical Center,QN,11101,10,30,84,NYC_COVID_REAL
2025-01-22,Staten Island Hospital,SI,10301,3,21,26,NYC_COVID_REAL
2025-01-23,Bronx Medical Center,BX,10451,15,26,69,NYC_COVID_REAL
2025-01-23,Brooklyn Health Center,BK,11201,14,42,106,NYC_COVID_REAL
2025-01-23,Manhattan Hospital,MN,10001,3,27,32,NYC_COVID_REAL
2025-01-23,Queens Medical Center,QN,11101,5,33,87,NYC_COVID_REAL
2025-01-23,Staten Island Hospital,SI,10301,4,28,23,NYC_COVID_REAL
2025-01-24,Bronx Medical Center,BX,10451,4,28,55,NYC_COVID_REAL
2025-01-24,Brooklyn Health Center,BK,11201,8,26,85,NYC_COVID_REAL
2025-01-24,Manhattan Hospital,MN,10001,5,21,45,NYC_COVID_REAL
2025-01-24,Queens Medical Center,QN,11101,5,18,85,NYC_COVID_REAL
2025-01-24,Staten Island Hospital,SI,10301,1,23,17,NYC_COVID_REAL
2025-01-25,Bronx Medical Center,BX,10451,6,25,38,NYC_COVID_REAL
2025-01-25,Brooklyn Health Center,BK,11201,5,26,64,NYC_COVID_REAL
2025-01-25,Manhattan Hospital,MN,10001,6,32,29,NYC_COVID_REAL
2025-01-25,Queens Medical Center,QN,11101,7,20,50,NYC_COVID_REAL
2025-01-25,Staten Island Hospital,SI,10301,1,21,17,NYC_COVID_REAL
2025-01-26,Bronx Medical Center,BX,10451,7,19,39,NYC_COVID_REAL
2025-01-26,Brooklyn Health Center,BK,11201,8,27,55,NYC_COVID_REAL
2025-01-26,Manhattan Hospital,MN,10001,2,14,21,NYC_COVID_REAL
2025-01-26,Queens Medical Center,QN,11101,8,28,59,NYC_COVID_REAL
2025-01-26,Staten Island Hospital,SI,10301,2,31,15,NYC_COVID_REAL
2025-01-27,Bronx Medical Center,BX,10451,11,29,71,NYC_COVID_REAL
2025-01-27,Brooklyn Health Center,BK,11201,10,27,104,NYC_COVID_REAL
2025-01-27,Manhattan Hospital,MN,10001,9,22,60,NYC_COVID_REAL
2025-01-27,Queens Medical Center,QN,11101,7,30,112,NYC_COVID_REAL
2025-01-27,Staten Island Hospital,SI,10301,5,20,31,NYC_COVID_REAL
2025-01-28,Bronx Medical Center,BX,10451,8,27,87,NYC_COVID_REAL
2025-01-28,Brooklyn Health Center,BK,11201,9,25,93,NYC_COVID_REAL
2025-01-28,Manhattan Hospital,MN,10001,4,16,39,NYC_COVID_REAL
2025-01-28,Queens Medical Center,QN,11101,7,17,72,NYC_COVID_REAL
2025-01-28,Staten Island Hospital,SI,10301,3,32,30,NYC_COVID_REAL
2025-01-29,Bronx Medical Center,BX,10451,13,33,72,NYC_COVID_REAL
2025-01-29,Brooklyn Health Center,BK,11201,10,28,103,NYC_COVID_REAL
2025-01-29,Manhattan Hospital,MN,10001,6,23,42,NYC_COVID_REAL
2025-01-29,Queens Medical Center,QN,11101,6,30,88,NYC_COVID_REAL
2025-01-29,Staten Island Hospital,SI,10301,6,31,36,NYC_COVID_REAL
2025-01-30,Bronx Medical Center,BX,10451,6,30,68,NYC_COVID_REAL
2025-01-30,Brooklyn Health Center,BK,11201,6,30,112,NYC_COVID_REAL
2025-01-30,Manhattan Hospital,MN,10001,7,25,50,NYC_COVID_REAL
2025-01-30,Queens Medical Center,QN,11101,4,19,78,NYC_COVID_REAL
2025-01-30,Staten Island Hospital,SI,10301,3,30,28,NYC_COVID_REAL
2025-01-31,Bronx Medical Center,BX,10451,6,32,69,NYC_COVID_REAL
2025-01-31,Brooklyn Health Center,BK,11201,10,22,97,NYC_COVID_REAL
2025-01-31,Manhattan Hospital,MN,10001,8,18,48,NYC_COVID_REAL
2025-01-31,Queens Medical Center,QN,11101,5,28,79,NYC_COVID_REAL
2025-01-31,Staten Island Hospital,SI,10301,2,24,21,NYC_COVID_REAL
2025-02-01,Bronx Medical Center,BX,10451,8,21,42,NYC_COVID_REAL
2025-02-01,Brooklyn Health Center,BK,11201,12,31,60,NYC_COVID_REAL
2025-02-01,Manhattan Hospital,MN,10001,1,26,20,NYC_COVID_REAL
2025-02-01,Queens Medical Center,QN,11101,7,24,66,NYC_COVID_REAL
2025-02-01,Staten Island Hospital,SI,10301,2,26,18,NYC_COVID_REAL
2025-02-02,Bronx Medical Center,BX,10451,4,30,27,NYC_COVID_REAL
2025-02-02,Brooklyn Health Center,BK,11201,11,37,63,NYC_COVID_REAL
2025-02-02,Manhattan Hospital,MN,10001,5,30,22,NYC_COVID_REAL
2025-02-02,Queens Medical Center,QN,11101,1,13,47,NYC_COVID_REAL
2025-02-02,Staten Island Hospital,SI,10301,4,21,26,NYC_COVID_REAL
2025-02-03,Bronx Medical Center,BX,10451,9,29,71,NYC_COVID_REAL
2025-02-03,Brooklyn Health Center,BK,11201,11,24,137,NYC_COVID_REAL
2025-02-03,Manhattan Hospital,MN,10001,8,19,51,NYC_COVID_REAL
2025-02-03,Queens Medical Center,QN,11101,7,32,105,NYC_COVID_REAL
2025-02-03,Staten Island Hospital,SI,10301,5,21,46,NYC_COVID_REAL
2025-02-04,Bronx Medical Center,BX,10451,12,36,86,NYC_COVID_REAL
2025-02-04,Brooklyn Health Center,BK,11201,11,32,112,NYC_COVID_REAL
2025-02-04,Manhattan Hospital,MN,10001,1,17,56,NYC_COVID_REAL
2025-02-04,Queens Medical Center,QN,11101,8,37,98,NYC_COVID_REAL
2025-02-04,Staten Island Hospital,SI,10301,3,20,34,NYC_COVID_REAL
2025-02-05,Bronx Medical Center,BX,10451,11,30,96,NYC_COVID_REAL
2025-02-05,Brooklyn Health Center,BK,11201,7,33,105,NYC_COVID_REAL
2025-02-05,Manhattan Hospital,MN,10001,3,31,62,NYC_COVID_REAL
2025-02-05,Queens Medical Center,QN,11101,1,23,93,NYC_COVID_REAL
2025-02-05,Staten Island Hospital,SI,10301,5,21,36,NYC_COVID_REAL
2025-02-06,Bronx Medical Center,BX,10451,13,28,62,NYC_COVID_REAL
2025-02-06,Brooklyn Health Center,BK,11201,11,31,84,NYC_COVID_REAL
2025-02-06,Manhattan Hospital,MN,10001,5,33,43,NYC_COVID_REAL
2025-02-06,Queens Medical Center,QN,11101,5,30,96,NYC_COVID_REAL
2025-02-06,Staten Island Hospital,SI,10301,2,28,17,NYC_COVID_REAL
2025-02-07,Bronx Medical Center,BX,10451,5,19,64,NYC_COVID_REAL
2025-02-07,Brooklyn Health Center,BK,11201,12,27,87,NYC_COVID_REAL
2025-02-07,Manhattan Hospital,MN,10001,6,16,39,NYC_COVID_REAL
2025-02-07,Queens Medical Center,QN,11101,8,18,77,NYC_COVID_REAL
2025-02-07,Staten Island Hospital,SI,10301,2,28,42,NYC_COVID_REAL
2025-02-08,Bronx Medical Center,BX,10451,5,20,36,NYC_COVID_REAL
2025-02-08,Brooklyn Health Center,BK,11201,11,34,66,NYC_COVID_REAL
2025-02-08,Manhattan Hospital,MN,10001,7,32,31,NYC_COVID_REAL
2025-02-08,Queens Medical Center,QN,11101,7,29,78,NYC_COVID_REAL
2025-02-08,Staten Island Hospital,SI,10301,5,23,18,NYC_COVID_REAL
2025-02-09,Bronx Medical Center,BX,10451,4,31,21,NYC_COVID_REAL
2025-02-09,Brooklyn Health Center,BK,11201,3,13,50,NYC_COVID_REAL
2025-02-09,Manhattan Hospital,MN,10001,5,22,35,NYC_COVID_REAL
2025-02-09,Queens Medical Center,QN,11101,3,30,50,NYC_COVID_REAL
2025-02-09,Staten Island Hospital,SI,10301,4,16,25,NYC_COVID_REAL
2025-02-10,Bronx Medical Center,BX,10451,9,28,105,NYC_COVID_REAL
2025-02-10,Brooklyn Health Center,BK,11201,11,24,117,NYC_COVID_REAL
2025-02-10,Manhattan Hospital,MN,10001,9,29,60,NYC_COVID_REAL
2025-02-10,Queens Medical Center,QN,11101,8,36,104,NYC_COVID_REAL
2025-02-10,Staten Island Hospital,SI,10301,6,22,35,NYC_COVID_REAL
2025-02-11,Bronx Medical Center,BX,10451,8,20,73,NYC_COVID_REAL
2025-02-11,Brooklyn Health Center,BK,11201,14,27,92,NYC_COVID_REAL
2025-02-11,Manhattan Hospital,MN,10001,4,20,48,NYC_COVID_REAL
2025-02-11,Queens Medical Center,QN,11101,8,23,111,NYC_COVID_REAL
2025-02-11,Staten Island Hospital,SI,10301,4,26,46,NYC_COVID_REAL
2025-02-12,Bronx Medical Center,BX,10451,7,30,85,NYC_COVID_REAL
2025-02-12,Brooklyn Health Center,BK,11201,9,25,97,NYC_COVID_REAL
2025-02-12,Manhattan Hospital,MN,10001,5,18,54,NYC_COVID_REAL
2025-02-12,Queens Medical Center,QN,11101,8,22,89,NYC_COVID_REAL
2025-02-12,Staten Island Hospital,SI,10301,4,31,26,NYC_COVID_REAL
2025-02-13,Bronx Medical Center,BX,10451,16,30,69,NYC_COVID_REAL
2025-02-13,Brooklyn Health Center,BK,11201,6,21,94,NYC_COVID_REAL
2025-02-13,Manhattan Hospital,MN,10001,8,27,51,NYC_COVID_REAL
2025-02-13,Queens Medical Center,QN,11101,4,24,89,NYC_COVID_REAL
2025-02-13,Staten Island Hospital,SI,10301,1,17,25,NYC_COVID_REAL
2025-02-14,Bronx Medical Center,BX,10451,8,26,72,NYC_COVID_REAL
2025-02-14,Brooklyn Health Center,BK,11201,4,31,57,NYC_COVID_REAL
2025-02-14,Manhattan Hospital,MN,10001,1,20,36,NYC_COVID_REAL
2025-02-14,Queens Medical Center,QN,11101,7,32,72,NYC_COVID_REAL
2025-02-14,Staten Island Hospital,SI,10301,5,25,28,NYC_COVID_REAL
2025-02-15,Bronx Medical Center,BX,10451,8,33,29,NYC_COVID_REAL
2025-02-15,Brooklyn Health Center,BK,11201,4,30,37,NYC_COVID_REAL
2025-02-15,Manhattan Hospital,MN,10001,8,22,31,NYC_COVID_REAL
2025-02-15,Queens Medical Center,QN,11101,6,17,57,NYC_COVID_REAL
2025-02-15,Staten Island Hospital,SI,10301,1,14,10,NYC_COVID_REAL
2025-02-16,Bronx Medical Center,BX,10451,7,20,28,NYC_COVID_REAL
2025-02-16,Brooklyn Health Center,BK,11201,10,34,51,NYC_COVID_REAL
2025-02-16,Manhattan Hospital,MN,10001,4,29,27,NYC_COVID_REAL
2025-02-16,Queens Medical Center,QN,11101,7,28,51,NYC_COVID_REAL
2025-02-16,Staten Island Hospital,SI,10301,2,29,28,NYC_COVID_REAL
2025-02-17,Bronx Medical Center,BX,10451,5,24,41,NYC_COVID_REAL
2025-02-17,Brooklyn Health Center,BK,11201,8,28,62,NYC_COVID_REAL
2025-02-17,Manhattan Hospital,MN,10001,7,25,34,NYC_COVID_REAL
2025-02-17,Queens Medical Center,QN,11101,9,37,77,NYC_COVID_REAL
2025-02-17,Staten Island Hospital,SI,10301,3,15,30,NYC_COVID_REAL
2025-02-18,Bronx Medical Center,BX,10451,11,26,72,NYC_COVID_REAL
2025-02-18,Brooklyn Health Center,BK,11201,11,21,89,NYC_COVID_REAL
2025-02-18,Manhattan Hospital,MN,10001,5,33,55,NYC_COVID_REAL
2025-02-18,Queens Medical Center,QN,11101,4,21,84,NYC_COVID_REAL
2025-02-18,Staten Island Hospital,SI,10301,3,20,21,NYC_COVID_REAL
2025-02-19,Bronx Medical Center,BX,10451,7,33,72,NYC_COVID_REAL
2025-02-19,Brooklyn Health Center,BK,11201,8,31,91,NYC_COVID_REAL
2025-02-19,Manhattan Hospital,MN,10001,11,37,50,NYC_COVID_REAL
2025-02-19,Queens Medical Center,QN,11101,5,17,76,NYC_COVID_REAL
2025-02-19,Staten Island Hospital,SI,10301,2,29,32,NYC_COVID_REAL
2025-02-20,Bronx Medical Center,BX,10451,10,23,74,NYC_COVID_REAL
2025-02-20,Brooklyn Health Center,BK,11201,17,39,99,NYC_COVID_REAL
2025-02-20,Manhattan Hospital,MN,10001,10,34,47,NYC_COVID_REAL
2025-02-20,Queens Medical Center,QN,11101,9,28,97,NYC_COVID_REAL
2025-02-20,Staten Island Hospital,SI,10301,2,15,28,NYC_COVID_REAL
2025-02-21,Bronx Medical Center,BX,10451,9,36,63,NYC_COVID_REAL
2025-02-21,Brooklyn Health Center,BK,11201,12,34,67,NYC_COVID_REAL
2025-02-21,Manhattan Hospital,MN,10001,3,30,48,NYC_COVID_REAL
2025-02-21,Queens Medical Center,QN,11101,3,24,69,NYC_COVID_REAL
2025-02-21,Staten Island Hospital,SI,10301,5,19,22,NYC_COVID_REAL
2025-02-22,Bronx Medical Center,BX,10451,7,18,42,NYC_COVID_REAL
2025-02-22,Brooklyn Health Center,BK,11201,11,39,66,NYC_COVID_REAL
2025-02-22,Manhattan Hospital,MN,10001,3,25,22,NYC_COVID_REAL
2025-02-22,Queens Medical Center,QN,11101,8,34,48,NYC_COVID_REAL
2025-02-22,Staten Island Hospital,SI,10301,3,26,22,NYC_COVID_REAL
2025-02-23,Bronx Medical Center,BX,10451,8,35,38,NYC_COVID_REAL
2025-02-23,Brooklyn Health Center,BK,11201,12,31,70,NYC_COVID_REAL
2025-02-23,Manhattan Hospital,MN,10001,6,35,22,NYC_COVID_REAL
2025-02-23,Queens Medical Center,QN,11101,3,32,53,NYC_COVID_REAL
2025-02-23,Staten Island Hospital,SI,10301,3,26,21,NYC_COVID_REAL
2025-02-24,Bronx Medical Center,BX,10451,10,20,84,NYC_COVID_REAL
2025-02-24,Brooklyn Health Center,BK,11201,11,36,91,NYC_COVID_REAL
2025-02-24,Manhattan Hospital,MN,10001,7,18,56,NYC_COVID_REAL
2025-02-24,Queens Medical Center,QN,11101,8,20,106,NYC_COVID_REAL
2025-02-24,Staten Island Hospital,SI,10301,4,27,31,NYC_COVID_REAL
2025-02-25,Bronx Medical Center,BX,10451,9,32,67,NYC_COVID_REAL
2025-02-25,Brooklyn Health Center,BK,11201,16,42,98,NYC_COVID_REAL
2025-02-25,Manhattan Hospital,MN,10001,9,36,54,NYC_COVID_REAL
2025-02-25,Queens Medical Center,QN,11101,7,28,96,NYC_COVID_REAL
2025-02-25,Staten Island Hospital,SI,10301,5,29,32,NYC_COVID_REAL
2025-02-26,Bronx Medical Center,BX,10451,8,29,75,NYC_COVID_REAL
2025-02-26,Brooklyn Health Center,BK,11201,7,22,83,NYC_COVID_REAL
2025-02-26,Manhattan Hospital,MN,10001,7,26,59,NYC_COVID_REAL
2025-02-26,Queens Medical Center,QN,11101,10,26,72,NYC_COVID_REAL
2025-02-26,Staten Island Hospital,SI,10301,3,15,24,NYC_COVID_REAL
2025-02-27,Bronx Medical Center,BX,10451,9,23,75,NYC_COVID_REAL
2025-02-27,Brooklyn Health Center,BK,11201,6,22,95,NYC_COVID_REAL
2025-02-27,Manhattan Hospital,MN,10001,2,24,36,NYC_COVID_REAL
2025-02-27,Queens Medical Center,QN,11101,4,28,85,NYC_COVID_REAL
2025-02-27,Staten Island Hospital,SI,10301,2,21,32,NYC_COVID_REAL
2025-02-28,Bronx Medical Center,BX,10451,8,18,67,NYC_COVID_REAL
2025-02-28,Brooklyn Health Center,BK,11201,11,40,99,NYC_COVID_REAL
2025-02-28,Manhattan Hospital,MN,10001,6,19,51,NYC_COVID_REAL
2025-02-28,Queens Medical Center,QN,11101,8,32,87,NYC_COVID_REAL
2025-02-28,Staten Island Hospital,SI,10301,4,20,22,NYC_COVID_REAL
2025-03-01,Bronx Medical Center,BX,10451,6,23,37,NYC_COVID_REAL
2025-03-01,Brooklyn Health Center,BK,11201,10,29,56,NYC_COVID_REAL
2025-03-01,Manhattan Hospital,MN,10001,7,31,34,NYC_COVID_REAL
2025-03-01,Queens Medical Center,QN,11101,5,24,63,NYC_COVID_REAL
2025-03-01,Staten Island Hospital,SI,10301,1,22,15,NYC_COVID_REAL
2025-03-02,Bronx Medical Center,BX,10451,6,26,37,NYC_COVID_REAL
2025-03-02,Brooklyn Health Center,BK,11201,4,30,53,NYC_COVID_REAL
2025-03-02,Manhattan Hospital,MN,10001,2,14,19,NYC_COVID_REAL
2025-03-02,Queens Medical Center,QN,11101,4,16,45,NYC_COVID_REAL
2025-03-02,Staten Island Hospital,SI,10301,1,11,16,NYC_COVID_REAL
2025-03-03,Bronx Medical Center,BX,10451,14,33,96,NYC_COVID_REAL
2025-03-03,Brooklyn Health Center,BK,11201,11,31,94,NYC_COVID_REAL
2025-03-03,Manhattan Hospital,MN,10001,4,26,52,NYC_COVID_REAL
2025-03-03,Queens Medical Center,QN,11101,6,28,92,NYC_COVID_REAL
2025-03-03,Staten Island Hospital,SI,10301,1,24,22,NYC_COVID_REAL
2025-03-04,Bronx Medical Center,BX,10451,11,39,93,NYC_COVID_REAL
2025-03-04,Brooklyn Health Center,BK,11201,12,36,118,NYC_COVID_REAL
2025-03-04,Manhattan Hospital,MN,10001,6,21,47,NYC_COVID_REAL
2025-03-04,Queens Medical Center,QN,11101,5,23,98,NYC_COVID_REAL
2025-03-04,Staten Island Hospital,SI,10301,3,20,25,NYC_COVID_REAL
2025-03-05,Bronx Medical Center,BX,10451,9,34,75,NYC_COVID_REAL
2025-03-05,Brooklyn Health Center,BK,11201,10,30,98,NYC_COVID_REAL
2025-03-05,Manhattan Hospital,MN,10001,6,31,51,NYC_COVID_REAL
2025-03-05,Queens Medical Center,QN,11101,11,27,101,NYC_COVID_REAL
2025-03-05,Staten Island Hospital,SI,10301,3,16,16,NYC_COVID_REAL
2025-03-06,Bronx Medical Center,BX,10451,11,21,74,NYC_COVID_REAL
2025-03-06,Brooklyn Health Center,BK,11201,7,18,93,NYC_COVID_REAL
2025-03-06,Manhattan Hospital,MN,10001,7,19,47,NYC_COVID_REAL
2025-03-06,Queens Medical Center,QN,11101,9,27,99,NYC_COVID_REAL
2025-03-06,Staten Island Hospital,SI,10301,1,27,27,NYC_COVID_REAL
2025-03-07,Bronx Medical Center,BX,10451,12,31,72,NYC_COVID_REAL
2025-03-07,Brooklyn Health Center,BK,11201,13,29,102,NYC_COVID_REAL
2025-03-07,Manhattan Hospital,MN,10001,6,16,51,NYC_COVID_REAL
2025-03-07,Queens Medical Center,QN,11101,6,16,80,NYC_COVID_REAL
2025-03-07,Staten Island Hospital,SI,10301,2,13,17,NYC_COVID_REAL
2025-03-08,Bronx Medical Center,BX,10451,10,32,33,NYC_COVID_REAL
2025-03-08,Brooklyn Health Center,BK,11201,9,27,56,NYC_COVID_REAL
2025-03-08,Manhattan Hospital,MN,10001,2,31,41,NYC_COVID_REAL
2025-03-08,Queens Medical Center,QN,11101,3,16,48,NYC_COVID_REAL
2025-03-08,Staten Island Hospital,SI,10301,3,32,15,NYC_COVID_REAL
2025-03-09,Bronx Medical Center,BX,10451,8,19,39,NYC_COVID_REAL
2025-03-09,Brooklyn Health Center,BK,11201,11,34,69,NYC_COVID_REAL
2025-03-09,Manhattan Hospital,MN,10001,6,30,28,NYC_COVID_REAL
2025-03-09,Queens Medical Center,QN,11101,6,25,61,NYC_COVID_REAL
2025-03-09,Staten Island Hospital,SI,10301,1,23,11,NYC_COVID_REAL
2025-03-10,Bronx Medical Center,BX,10451,11,32,124,NYC_COVID_REAL
2025-03-10,Brooklyn Health Center,BK,11201,12,27,143,NYC_COVID_REAL
2025-03-10,Manhattan Hospital,MN,10001,6,24,66,NYC_COVID_REAL
2025-03-10,Queens Medical Center,QN,11101,9,22,105,NYC_COVID_REAL
2025-03-10,Staten Island Hospital,SI,10301,3,29,24,NYC_COVID_REAL
2025-03-11,Bronx Medical Center,BX,10451,7,27,104,NYC_COVID_REAL
2025-03-11,Brooklyn Health Center,BK,11201,6,17,139,NYC_COVID_REAL
2025-03-11,Manhattan Hospital,MN,10001,8,37,60,NYC_COVID_REAL
2025-03-11,Queens Medical Center,QN,11101,7,25,106,NYC_COVID_REAL
2025-03-11,Staten Island Hospital,SI,10301,4,30,24,NYC_COVID_REAL
2025-03-12,Bronx Medical Center,BX,10451,11,26,97,NYC_COVID_REAL
2025-03-12,Brooklyn Health Center,BK,11201,10,28,125,NYC_COVID_REAL
2025-03-12,Manhattan Hospital,MN,10001,6,24,74,NYC_COVID_REAL
2025-03-12,Queens Medical Center,QN,11101,15,35,105,NYC_COVID_REAL
2025-03-12,Staten Island Hospital,SI,10301,2,12,16,NYC_COVID_REAL
2025-03-13,Bronx Medical Center,BX,10451,14,43,102,NYC_COVID_REAL
2025-03-13,Brooklyn Health Center,BK,11201,10,23,120,NYC_COVID_REAL
2025-03-13,Manhattan Hospital,MN,10001,7,17,52,NYC_COVID_REAL
2025-03-13,Queens Medical Center,QN,11101,10,26,92,NYC_COVID_REAL
2025-03-13,Staten Island Hospital,SI,10301,1,16,30,NYC_COVID_REAL
2025-03-14,Bronx Medical Center,BX,10451,9,35,70,NYC_COVID_REAL
2025-03-14,Brooklyn Health Center,BK,11201,9,20,85,NYC_COVID_REAL
2025-03-14,Manhattan Hospital,MN,10001,5,32,62,NYC_COVID_REAL
2025-03-14,Queens Medical Center,QN,11101,9,31,109,NYC_COVID_REAL
2025-03-14,Staten Island Hospital,SI,10301,2,16,14,NYC_COVID_REAL
2025-03-15,Bronx Medical Center,BX,10451,11,35,60,NYC_COVID_REAL
2025-03-15,Brooklyn Health Center,BK,11201,8,22,64,NYC_COVID_REAL
2025-03-15,Manhattan Hospital,MN,10001,9,25,39,NYC_COVID_REAL
2025-03-15,Queens Medical Center,QN,11101,8,32,68,NYC_COVID_REAL
2025-03-15,Staten Island Hospital,SI,10301,1,18,9,NYC_COVID_REAL
2025-03-16,Bronx Medical Center,BX,10451,10,30,52,NYC_COVID_REAL
2025-03-16,Brooklyn Health Center,BK,11201,6,22,71,NYC_COVID_REAL
2025-03-16,Manhattan Hospital,MN,10001,6,33,42,NYC_COVID_REAL
2025-03-16,Queens Medical Center,QN,11101,5,26,81,NYC_COVID_REAL
2025-03-16,Staten Island Hospital,SI,10301,2,14,20,NYC_COVID_REAL
2025-03-17,Bronx Medical Center,BX,10451,14,25,137,NYC_COVID_REAL
2025-03-17,Brooklyn Health Center,BK,11201,16,43,152,NYC_COVID_REAL
2025-03-17,Manhattan Hospital,MN,10001,7,29,71,NYC_COVID_REAL
2025-03-17,Queens Medical Center,QN,11101,12,31,127,NYC_COVID_REAL
2025-03-17,Staten Island Hospital,SI,10301,5,26,22,NYC_COVID_REAL
2025-03-18,Bronx Medical Center,BX,10451,9,31,116,NYC_COVID_REAL
2025-03-18,Brooklyn Health Center,BK,11201,14,42,130,NYC_COVID_REAL
2025-03-18,Manhattan Hospital,MN,10001,11,36,56,NYC_COVID_REAL
2025-03-18,Queens Medical Center,QN,11101,11,40,90,NYC_COVID_REAL
2025-03-18,Staten Island Hospital,SI,10301,4,24,15,NYC_COVID_REAL
2025-03-19,Bronx Medical Center,BX,10451,13,24,120,NYC_COVID_REAL
2025-03-19,Brooklyn Health Center,BK,11201,17,36,132,NYC_COVID_REAL
2025-03-19,Manhattan Hospital,MN,10001,5,29,55,NYC_COVID_REAL
2025-03-19,Queens Medical Center,QN,11101,7,30,116,NYC_COVID_REAL
2025-03-19,Staten Island Hospital,SI,10301,3,15,18,NYC_COVID_REAL
2025-03-20,Bronx Medical Center,BX,10451,7,30,97,NYC_COVID_REAL
2025-03-20,Brooklyn Health Center,BK,11201,11,37,130,NYC_COVID_REAL
2025-03-20,Manhattan Hospital,MN,10001,6,22,55,NYC_COVID_REAL
2025-03-20,Queens Medical Center,QN,11101,7,27,117,NYC_COVID_REAL
2025-03-20,Staten Island Hospital,SI,10301,2,12,16,NYC_COVID_REAL
2025-03-21,Bronx Medical Center,BX,10451,8,26,83,NYC_COVID_REAL
2025-03-21,Brooklyn Health Center,BK,11201,16,45,84,NYC_COVID_REAL
2025-03-21,Manhattan Hospital,MN,10001,5,17,49,NYC_COVID_REAL
2025-03-21,Queens Medical Center,QN,11101,7,32,81,NYC_COVID_REAL
2025-03-21,Staten Island Hospital,SI,10301,1,18,17,NYC_COVID_REAL
2025-03-22,Bronx Medical Center,BX,10451,1,28,49,NYC_COVID_REAL
2025-03-22,Brooklyn Health Center,BK,11201,12,38,60,NYC_COVID_REAL
2025-03-22,Manhattan Hospital,MN,10001,8,30,44,NYC_COVID_REAL
2025-03-22,Queens Medical Center,QN,11101,8,35,67,NYC_COVID_REAL
2025-03-22,Staten Island Hospital,SI,10301,1,19,7,NYC_COVID_REAL
2025-03-23,Bronx Medical Center,BX,10451,9,33,46,NYC_COVID_REAL
2025-03-23,Brooklyn Health Center,BK,11201,9,20,64,NYC_COVID_REAL
2025-03-23,Manhattan Hospital,MN,10001,5,26,24,NYC_COVID_REAL
2025-03-23,Queens Medical Center,QN,11101,9,27,71,NYC_COVID_REAL
2025-03-23,Staten Island Hospital,SI,10301,4,22,20,NYC_COVID_REAL
2025-03-24,Bronx Medical Center,BX,10451,11,26,93,NYC_COVID_REAL
2025-03-24,Brooklyn Health Center,BK,11201,15,43,133,NYC_COVID_REAL
2025-03-24,Manhattan Hospital,MN,10001,7,27,72,NYC_COVID_REAL
2025-03-24,Queens Medical Center,QN,11101,9,29,109,NYC_COVID_REAL
2025-03-24,Staten Island Hospital,SI,10301,3,27,23,NYC_COVID_REAL
2025-03-25,Bronx Medical Center,BX,10451,16,34,104,NYC_COVID_REAL
2025-03-25,Brooklyn Health Center,BK,11201,11,25,111,NYC_COVID_REAL
2025-03-25,Manhattan Hospital,MN,10001,12,28,74,NYC_COVID_REAL
2025-03-25,Queens Medical Center,QN,11101,6,32,119,NYC_COVID_REAL
2025-03-25,Staten Island Hospital,SI,10301,2,21,28,NYC_COVID_REAL
2025-03-26,Bronx Medical Center,BX,10451,16,42,109,NYC_COVID_REAL
2025-03-26,Brooklyn Health Center,BK,11201,16,32,128,NYC_COVID_REAL
2025-03-26,Manhattan Hospital,MN,10001,5,20,60,NYC_COVID_REAL
2025-03-26,Queens Medical Center,QN,11101,10,34,142,NYC_COVID_REAL
2025-03-26,Staten Island Hospital,SI,10301,4,31,25,NYC_COVID_REAL
2025-03-27,Bronx Medical Center,BX,10451,14,24,86,NYC_COVID_REAL
2025-03-27,Brooklyn Health Center,BK,11201,14,35,107,NYC_COVID_REAL
2025-03-27,Manhattan Hospital,MN,10001,3,16,45,NYC_COVID_REAL
2025-03-27,Queens Medical Center,QN,11101,14,41,102,NYC_COVID_REAL
2025-03-27,Staten Island Hospital,SI,10301,4,19,21,NYC_COVID_REAL
2025-03-28,Bronx Medical Center,BX,10451,11,23,79,NYC_COVID_REAL
2025-03-28,Brooklyn Health Center,BK,11201,11,35,92,NYC_COVID_REAL
2025-03-28,Manhattan Hospital,MN,10001,10,30,66,NYC_COVID_REAL
2025-03-28,Queens Medical Center,QN,11101,6,29,80,NYC_COVID_REAL
2025-03-28,Staten Island Hospital,SI,10301,1,14,12,NYC_COVID_REAL
2025-03-29,Bronx Medical Center,BX,10451,13,24,58,NYC_COVID_REAL
2025-03-29,Brooklyn Health Center,BK,11201,13,23,55,NYC_COVID_REAL
2025-03-29,Manhattan Hospital,MN,10001,4,27,29,NYC_COVID_REAL
2025-03-29,Queens Medical Center,QN,11101,9,22,65,NYC_COVID_REAL
2025-03-29,Staten Island Hospital,SI,10301,4,29,14,NYC_COVID_REAL
2025-03-30,Bronx Medical Center,BX,10451,6,35,37,NYC_COVID_REAL
2025-03-30,Brooklyn Health Center,BK,11201,5,19,78,NYC_COVID_REAL
2025-03-30,Manhattan Hospital,MN,10001,5,26,34,NYC_COVID_REAL
2025-03-30,Queens Medical Center,QN,11101,6,24,68,NYC_COVID_REAL
2025-03-30,Staten Island Hospital,SI,10301,1,12,14,NYC_COVID_REAL
2025-03-31,Bronx Medical Center,BX,10451,11,25,115,NYC_COVID_REAL
2025-03-31,Brooklyn Health Center,BK,11201,12,30,118,NYC_COVID_REAL
2025-03-31,Manhattan Hospital,MN,10001,5,24,56,NYC_COVID_REAL
2025-03-31,Queens Medical Center,QN,11101,15,42,105,NYC_COVID_REAL
2025-03-31,Staten Island Hospital,SI,10301,5,17,23,NYC_COVID_REAL
2025-04-01,Bronx Medical Center,BX,10451,9,35,100,NYC_COVID_REAL
2025-04-01,Brooklyn Health Center,BK,11201,21,35,106,NYC_COVID_REAL
2025-04-01,Manhattan Hospital,MN,10001,11,25,59,NYC_COVID_REAL
2025-04-01,Queens Medical Center,QN,11101,13,36,116,NYC_COVID_REAL
2025-04-01,Staten Island Hospital,SI,10301,5,24,35,NYC_COVID_REAL
2025-04-02,Bronx Medical Center,BX,10451,15,41,93,NYC_COVID_REAL
2025-04-02,Brooklyn Health Center,BK,11201,22,41,114,NYC_COVID_REAL
2025-04-02,Manhattan Hospital,MN,10001,10,28,50,NYC_COVID_REAL
2025-04-02,Queens Medical Center,QN,11101,9,31,102,NYC_COVID_REAL
2025-04-02,Staten Island Hospital,SI,10301,1,28,19,NYC_COVID_REAL
2025-04-03,Bronx Medical Center,BX,10451,7,31,95,NYC_COVID_REAL
2025-04-03,Brooklyn Health Center,BK,11201,10,25,115,NYC_COVID_REAL
2025-04-03,Manhattan Hospital,MN,10001,7,24,60,NYC_COVID_REAL
2025-04-03,Queens Medical Center,QN,11101,6,27,99,NYC_COVID_REAL
2025-04-03,Staten Island Hospital,SI,10301,2,25,18,NYC_COVID_REAL
2025-04-04,Bronx Medical Center,BX,10451,14,31,64,NYC_COVID_REAL
2025-04-04,Brooklyn Health Center,BK,11201,12,39,82,NYC_COVID_REAL
2025-04-04,Manhattan Hospital,MN,10001,6,35,54,NYC_COVID_REAL
2025-04-04,Queens Medical Center,QN,11101,3,22,78,NYC_COVID_REAL
2025-04-04,Staten Island Hospital,SI,10301,2,26,20,NYC_COVID_REAL
2025-04-05,Bronx Medical Center,BX,10451,7,19,40,NYC_COVID_REAL
2025-04-05,Brooklyn Health Center,BK,11201,9,19,50,NYC_COVID_REAL
2025-04-05,Manhattan Hospital,MN,10001,8,35,35,NYC_COVID_REAL
2025-04-05,Queens Medical Center,QN,11101,8,36,54,NYC_COVID_REAL
2025-04-05,Staten Island Hospital,SI,10301,1,16,10,NYC_COVID_REAL
2025-04-06,Bronx Medical Center,BX,10451,12,22,41,NYC_COVID_REAL
2025-04-06,Brooklyn Health Center,BK,11201,8,21,71,NYC_COVID_REAL
2025-04-06,Manhattan Hospital,MN,10001,5,34,35,NYC_COVID_REAL
2025-04-06,Queens Medical Center,QN,11101,11,21,64,NYC_COVID_REAL
2025-04-06,Staten Island Hospital,SI,10301,3,25,12,NYC_COVID_REAL
2025-04-07,Bronx Medical Center,BX,10451,18,46,105,NYC_COVID_REAL
2025-04-07,Brooklyn Health Center,BK,11201,13,36,88,NYC_COVID_REAL
2025-04-07,Manhattan Hospital,MN,10001,4,28,41,NYC_COVID_REAL
2025-04-07,Queens Medical Center,QN,11101,8,21,119,NYC_COVID_REAL
2025-04-07,Staten Island Hospital,SI,10301,1,19,17,NYC_COVID_REAL
2025-04-08,Bronx Medical Center,BX,10451,6,16,82,NYC_COVID_REAL
2025-04-08,Brooklyn Health Center,BK,11201,6,29,105,NYC_COVID_REAL
2025-04-08,Manhattan Hospital,MN,10001,8,29,62,NYC_COVID_REAL
2025-04-08,Queens Medical Center,QN,11101,8,19,107,NYC_COVID_REAL
2025-04-08,Staten Island Hospital,SI,10301,3,30,17,NYC_COVID_REAL
2025-04-09,Bronx Medical Center,BX,10451,15,33,72,NYC_COVID_REAL
2025-04-09,Brooklyn Health Center,BK,11201,7,27,99,NYC_COVID_REAL
2025-04-09,Manhattan Hospital,MN,10001,3,16,53,NYC_COVID_REAL
2025-04-09,Queens Medical Center,QN,11101,4,16,82,NYC_COVID_REAL
2025-04-09,Staten Island Hospital,SI,10301,3,17,22,NYC_COVID_REAL
2025-04-10,Bronx Medical Center,BX,10451,11,29,62,NYC_COVID_REAL
2025-04-10,Brooklyn Health Center,BK,11201,8,28,85,NYC_COVID_REAL
2025-04-10,Manhattan Hospital,MN,10001,2,13,44,NYC_COVID_REAL
2025-04-10,Queens Medical Center,QN,11101,8,18,86,NYC_COVID_REAL
2025-04-10,Staten Island Hospital,SI,10301,1,30,13,NYC_COVID_REAL
2025-04-11,Bronx Medical Center,BX,10451,4,17,45,NYC_COVID_REAL
2025-04-11,Brooklyn Health Center,BK,11201,9,38,75,NYC_COVID_REAL
2025-04-11,Manhattan Hospital,MN,10001,6,20,42,NYC_COVID_REAL
2025-04-11,Queens Medical Center,QN,11101,6,27,76,NYC_COVID_REAL
2025-04-11,Staten Island Hospital,SI,10301,3,25,13,NYC_COVID_REAL
2025-04-12,Bronx Medical Center,BX,10451,9,31,45,NYC_COVID_REAL
2025-04-12,Brooklyn Health Center,BK,11201,14,37,59,NYC_COVID_REAL
2025-04-12,Manhattan Hospital,MN,10001,3,29,25,NYC_COVID_REAL
2025-04-12,Queens Medical Center,QN,11101,7,28,40,NYC_COVID_REAL
2025-04-12,Staten Island Hospital,SI,10301,3,30,10,NYC_COVID_REAL
2025-04-13,Bronx Medical Center,BX,10451,3,18,32,NYC_COVID_REAL
2025-04-13,Brooklyn Health Center,BK,11201,9,38,45,NYC_COVID_REAL
2025-04-13,Manhattan Hospital,MN,10001,3,21,25,NYC_COVID_REAL
2025-04-13,Queens Medical Center,QN,11101,7,36,44,NYC_COVID_REAL
2025-04-13,Staten Island Hospital,SI,10301,1,12,11,NYC_COVID_REAL
2025-04-14,Bronx Medical Center,BX,10451,8,34,67,NYC_COVID_REAL
2025-04-14,Brooklyn Health Center,BK,11201,17,32,81,NYC_COVID_REAL
2025-04-14,Manhattan Hospital,MN,10001,6,26,53,NYC_COVID_REAL
2025-04-14,Queens Medical Center,QN,11101,12,23,91,NYC_COVID_REAL
2025-04-14,Staten Island Hospital,SI,10301,1,24,18,NYC_COVID_REAL
2025-04-15,Bronx Medical Center,BX,10451,10,21,66,NYC_COVID_REAL
2025-04-15,Brooklyn Health Center,BK,11201,15,36,81,NYC_COVID_REAL
2025-04-15,Manhattan Hospital,MN,10001,8,36,63,NYC_COVID_REAL
2025-04-15,Queens Medical Center,QN,11101,7,34,71,NYC_COVID_REAL
2025-04-15,Staten Island Hospital,SI,10301,5,28,16,NYC_COVID_REAL
2025-04-16,Bronx Medical Center,BX,10451,8,30,66,NYC_COVID_REAL
2025-04-16,Brooklyn Health Center,BK,11201,7,32,70,NYC_COVID_REAL
2025-04-16,Manhattan Hospital,MN,10001,11,23,43,NYC_COVID_REAL
2025-04-16,Queens Medical Center,QN,11101,2,31,82,NYC_COVID_REAL
2025-04-16,Staten Island Hospital,SI,10301,2,26,19,NYC_COVID_REAL
2025-04-17,Bronx Medical Center,BX,10451,11,26,56,NYC_COVID_REAL
2025-04-17,Brooklyn Health Center,BK,11201,8,27,76,NYC_COVID_REAL
2025-04-17,Manhattan Hospital,MN,10001,6,24,51,NYC_COVID_REAL
2025-04-17,Queens Medical Center,QN,11101,9,35,87,NYC_COVID_REAL
2025-04-17,Staten Island Hospital,SI,10301,2,19,8,NYC_COVID_REAL
2025-04-18,Bronx Medical Center,BX,10451,8,35,51,NYC_COVID_REAL
2025-04-18,Brooklyn Health Center,BK,11201,8,35,61,NYC_COVID_REAL
2025-04-18,Manhattan Hospital,MN,10001,5,32,31,NYC_COVID_REAL
2025-04-18,Queens Medical Center,QN,11101,11,24,71,NYC_COVID_REAL
2025-04-18,Staten Island Hospital,SI,10301,1,24,9,NYC_COVID_REAL
2025-04-19,Bronx Medical Center,BX,10451,7,27,27,NYC_COVID_REAL
2025-04-19,Brooklyn Health Center,BK,11201,9,28,43,NYC_COVID_REAL
2025-04-19,Manhattan Hospital,MN,10001,6,24,37,NYC_COVID_REAL
2025-04-19,Queens Medical Center,QN,11101,10,38,57,NYC_COVID_REAL
2025-04-19,Staten Island Hospital,SI,10301,3,27,17,NYC_COVID_REAL
2025-04-20,Bronx Medical Center,BX,10451,9,34,26,NYC_COVID_REAL
2025-04-20,Brooklyn Health Center,BK,11201,3,19,40,NYC_COVID_REAL
2025-04-20,Manhattan Hospital,MN,10001,3,20,21,NYC_COVID_REAL
2025-04-20,Queens Medical Center,QN,11101,7,25,29,NYC_COVID_REAL
2025-04-20,Staten Island Hospital,SI,10301,1,17,11,NYC_COVID_REAL
2025-04-21,Bronx Medical Center,BX,10451,7,19,62,NYC_COVID_REAL
2025-04-21,Brooklyn Health Center,BK,11201,8,33,93,NYC_COVID_REAL
2025-04-21,Manhattan Hospital,MN,10001,4,27,41,NYC_COVID_REAL
2025-04-21,Queens Medical Center,QN,11101,7,33,100,NYC_COVID_REAL
2025-04-21,Staten Island Hospital,SI,10301,1,20,16,NYC_COVID_REAL
2025-04-22,Bronx Medical Center,BX,10451,10,27,56,NYC_COVID_REAL
2025-04-22,Brooklyn Health Center,BK,11201,9,22,81,NYC_COVID_REAL
2025-04-22,Manhattan Hospital,MN,10001,3,31,34,NYC_COVID_REAL
2025-04-22,Queens Medical Center,QN,11101,8,18,68,NYC_COVID_REAL
2025-04-22,Staten Island Hospital,SI,10301,1,27,15,NYC_COVID_REAL
2025-04-23,Bronx Medical Center,BX,10451,8,24,56,NYC_COVID_REAL
2025-04-23,Brooklyn Health Center,BK,11201,8,28,76,NYC_COVID_REAL
2025-04-23,Manhattan Hospital,MN,10001,5,19,48,NYC_COVID_REAL
2025-04-23,Queens Medical Center,QN,11101,4,16,63,NYC_COVID_REAL
2025-04-23,Staten Island Hospital,SI,10301,1,30,7,NYC_COVID_REAL
2025-04-24,Bronx Medical Center,BX,10451,7,19,47,NYC_COVID_REAL
2025-04-24,Brooklyn Health Center,BK,11201,8,24,67,NYC_COVID_REAL
2025-04-24,Manhattan Hospital,MN,10001,5,25,39,NYC_COVID_REAL
2025-04-24,Queens Medical Center,QN,11101,7,18,72,NYC_COVID_REAL
2025-04-24,Staten Island Hospital,SI,10301,1,25,13,NYC_COVID_REAL
2025-04-25,Bronx Medical Center,BX,10451,9,34,35,NYC_COVID_REAL
2025-04-25,Brooklyn Health Center,BK,11201,8,37,61,NYC_COVID_REAL
2025-04-25,Manhattan Hospital,MN,10001,1,30,26,NYC_COVID_REAL
2025-04-25,Queens Medical Center,QN,11101,9,37,62,NYC_COVID_REAL
2025-04-25,Staten Island Hospital,SI,10301,4,16,8,NYC_COVID_REAL
2025-04-26,Bronx Medical Center,BX,10451,4,21,15,NYC_COVID_REAL
2025-04-26,Brooklyn Health Center,BK,11201,7,32,38,NYC_COVID_REAL
2025-04-26,Manhattan Hospital,MN,10001,1,25,24,NYC_COVID_REAL
2025-04-26,Queens Medical Center,QN,11101,7,21,39,NYC_COVID_REAL
2025-04-26,Staten Island Hospital,SI,10301,3,15,9,NYC_COVID_REAL
2025-04-27,Bronx Medical Center,BX,10451,3,30,18,NYC_COVID_REAL
2025-04-27,Brooklyn Health Center,BK,11201,11,30,35,NYC_COVID_REAL
2025-04-27,Manhattan Hospital,MN,10001,7,24,18,NYC_COVID_REAL
2025-04-27,Queens Medical Center,QN,11101,4,20,38,NYC_COVID_REAL
2025-04-27,Staten Island Hospital,SI,10301,2,31,7,NYC_COVID_REAL
2025-04-28,Bronx Medical Center,BX,10451,8,30,43,NYC_COVID_REAL
2025-04-28,Brooklyn Health Center,BK,11201,16,41,55,NYC_COVID_REAL
2025-04-28,Manhattan Hospital,MN,10001,1,19,40,NYC_COVID_REAL
2025-04-28,Queens Medical Center,QN,11101,6,32,47,NYC_COVID_REAL
2025-04-28,Staten Island Hospital,SI,10301,6,16,15,NYC_COVID_REAL
2025-04-29,Bronx Medical Center,BX,10451,2,23,36,NYC_COVID_REAL
2025-04-29,Brooklyn Health Center,BK,11201,11,37,59,NYC_COVID_REAL
2025-04-29,Manhattan Hospital,MN,10001,5,19,33,NYC_COVID_REAL
2025-04-29,Queens Medical Center,QN,11101,8,30,58,NYC_COVID_REAL
2025-04-29,Staten Island Hospital,SI,10301,3,21,6,NYC_COVID_REAL
2025-04-30,Bronx Medical Center,BX,10451,6,30,40,NYC_COVID_REAL
2025-04-30,Brooklyn Health Center,BK,11201,7,19,48,NYC_COVID_REAL
2025-04-30,Manhattan Hospital,MN,10001,6,35,32,NYC_COVID_REAL
2025-04-30,Queens Medical Center,QN,11101,10,39,62,NYC_COVID_REAL
2025-04-30,Staten Island Hospital,SI,10301,2,13,10,NYC_COVID_REAL
2025-05-01,Bronx Medical Center,BX,10451,6,35,25,NYC_COVID_REAL
2025-05-01,Brooklyn Health Center,BK,11201,3,15,31,NYC_COVID_REAL
2025-05-01,Manhattan Hospital,MN,10001,7,32,23,NYC_COVID_REAL
2025-05-01,Queens Medical Center,QN,11101,6,32,51,NYC_COVID_REAL
2025-05-01,Staten Island Hospital,SI,10301,2,28,13,NYC_COVID_REAL
2025-05-02,Bronx Medical Center,BX,10451,3,30,39,NYC_COVID_REAL
2025-05-02,Brooklyn Health Center,BK,11201,4,19,35,NYC_COVID_REAL
2025-05-02,Manhattan Hospital,MN,10001,1,28,25,NYC_COVID_REAL
2025-05-02,Queens Medical Center,QN,11101,12,33,62,NYC_COVID_REAL
2025-05-02,Staten Island Hospital,SI,10301,4,25,12,NYC_COVID_REAL
2025-05-03,Bronx Medical Center,BX,10451,1,22,18,NYC_COVID_REAL
2025-05-03,Brooklyn Health Center,BK,11201,3,26,22,NYC_COVID_REAL
2025-05-03,Manhattan Hospital,MN,10001,4,14,15,NYC_COVID_REAL
2025-05-03,Queens Medical Center,QN,11101,4,29,35,NYC_COVID_REAL
2025-05-03,Staten Island Hospital,SI,10301,2,19,12,NYC_COVID_REAL
2025-05-04,Bronx Medical Center,BX,10451,4,28,19,NYC_COVID_REAL
2025-05-04,Brooklyn Health Center,BK,11201,1,29,23,NYC_COVID_REAL
2025-05-04,Manhattan Hospital,MN,10001,7,33,21,NYC_COVID_REAL
2025-05-04,Queens Medical Center,QN,11101,6,23,41,NYC_COVID_REAL
2025-05-04,Staten Island Hospital,SI,10301,1,16,6,NYC_COVID_REAL
2025-05-05,Bronx Medical Center,BX,10451,5,25,39,NYC_COVID_REAL
2025-05-05,Brooklyn Health Center,BK,11201,7,32,47,NYC_COVID_REAL
2025-05-05,Manhattan Hospital,MN,10001,4,18,27,NYC_COVID_REAL
2025-05-05,Queens Medical Center,QN,11101,7,31,63,NYC_COVID_REAL
2025-05-05,Staten Island Hospital,SI,10301,2,14,11,NYC_COVID_REAL
2025-05-06,Bronx Medical Center,BX,10451,6,31,31,NYC_COVID_REAL
2025-05-06,Brooklyn Health Center,BK,11201,5,34,42,NYC_COVID_REAL
2025-05-06,Manhattan Hospital,MN,10001,6,18,32,NYC_COVID_REAL
2025-05-06,Queens Medical Center,QN,11101,10,25,51,NYC_COVID_REAL
2025-05-06,Staten Island Hospital,SI,10301,1,18,6,NYC_COVID_REAL
2025-05-07,Bronx Medical Center,BX,10451,3,15,22,NYC_COVID_REAL
2025-05-07,Brooklyn Health Center,BK,11201,5,20,51,NYC_COVID_REAL
2025-05-07,Manhattan Hospital,MN,10001,1,13,18,NYC_COVID_REAL
2025-05-07,Queens Medical Center,QN,11101,5,20,49,NYC_COVID_REAL
2025-05-07,Staten Island Hospital,SI,10301,1,25,11,NYC_COVID_REAL
2025-05-08,Bronx Medical Center,BX,10451,2,28,20,NYC_COVID_REAL
2025-05-08,Brooklyn Health Center,BK,11201,3,17,41,NYC_COVID_REAL
2025-05-08,Manhattan Hospital,MN,10001,3,15,24,NYC_COVID_REAL
2025-05-08,Queens Medical Center,QN,11101,7,24,45,NYC_COVID_REAL
2025-05-08,Staten Island Hospital,SI,10301,1,27,12,NYC_COVID_REAL
2025-05-09,Bronx Medical Center,BX,10451,4,27,26,NYC_COVID_REAL
2025-05-09,Brooklyn Health Center,BK,11201,4,23,26,NYC_COVID_REAL
2025-05-09,Manhattan Hospital,MN,10001,2,27,24,NYC_COVID_REAL
2025-05-09,Queens Medical Center,QN,11101,6,29,51,NYC_COVID_REAL
2025-05-09,Staten Island Hospital,SI,10301,1,28,8,NYC_COVID_REAL
2025-05-10,Bronx Medical Center,BX,10451,4,23,18,NYC_COVID_REAL
2025-05-10,Brooklyn Health Center,BK,11201,6,20,33,NYC_COVID_REAL
2025-05-10,Manhattan Hospital,MN,10001,2,12,13,NYC_COVID_REAL
2025-05-10,Queens Medical Center,QN,11101,1,29,34,NYC_COVID_REAL
2025-05-10,Staten Island Hospital,SI,10301,1,14,5,NYC_COVID_REAL
2025-05-11,Bronx Medical Center,BX,10451,3,29,19,NYC_COVID_REAL
2025-05-11,Brooklyn Health Center,BK,11201,6,23,29,NYC_COVID_REAL
2025-05-11,Manhattan Hospital,MN,10001,2,12,16,NYC_COVID_REAL
2025-05-11,Queens Medical Center,QN,11101,4,22,28,NYC_COVID_REAL
2025-05-11,Staten Island Hospital,SI,10301,2,14,3,NYC_COVID_REAL
2025-05-12,Bronx Medical Center,BX,10451,9,19,38,NYC_COVID_REAL
2025-05-12,Brooklyn Health Center,BK,11201,7,20,45,NYC_COVID_REAL
2025-05-12,Manhattan Hospital,MN,10001,4,28,30,NYC_COVID_REAL
2025-05-12,Queens Medical Center,QN,11101,4,29,49,NYC_COVID_REAL
2025-05-12,Staten Island Hospital,SI,10301,1,12,10,NYC_COVID_REAL
2025-05-13,Bronx Medical Center,BX,10451,4,27,31,NYC_COVID_REAL
2025-05-13,Brooklyn Health Center,BK,11201,4,28,44,NYC_COVID_REAL
2025-05-13,Manhattan Hospital,MN,10001,1,15,19,NYC_COVID_REAL
2025-05-13,Queens Medical Center,QN,11101,4,20,61,NYC_COVID_REAL
2025-05-13,Staten Island Hospital,SI,10301,2,25,7,NYC_COVID_REAL
2025-05-14,Bronx Medical Center,BX,10451,7,28,27,NYC_COVID_REAL
2025-05-14,Brooklyn Health Center,BK,11201,5,31,35,NYC_COVID_REAL
2025-05-14,Manhattan Hospital,MN,10001,2,25,17,NYC_COVID_REAL
2025-05-14,Queens Medical Center,QN,11101,4,27,50,NYC_COVID_REAL
2025-05-14,Staten Island Hospital,SI,10301,5,28,13,NYC_COVID_REAL
2025-05-15,Bronx Medical Center,BX,10451,5,29,33,NYC_COVID_REAL
2025-05-15,Brooklyn Health Center,BK,11201,8,22,42,NYC_COVID_REAL
2025-05-15,Manhattan Hospital,MN,10001,1,15,28,NYC_COVID_REAL
2025-05-15,Queens Medical Center,QN,11101,3,14,56,NYC_COVID_REAL
2025-05-15,Staten Island Hospital,SI,10301,1,20,8,NYC_COVID_REAL
2025-05-16,Bronx Medical Center,BX,10451,4,23,19,NYC_COVID_REAL
2025-05-16,Brooklyn Health Center,BK,11201,2,12,39,NYC_COVID_REAL
2025-05-16,Manhattan Hospital,MN,10001,3,32,23,NYC_COVID_REAL
2025-05-16,Queens Medical Center,QN,11101,5,26,38,NYC_COVID_REAL
2025-05-16,Staten Island Hospital,SI,10301,1,11,6,NYC_COVID_REAL
2025-05-17,Bronx Medical Center,BX,10451,4,24,9,NYC_COVID_REAL
2025-05-17,Brooklyn Health Center,BK,11201,5,31,19,NYC_COVID_REAL
2025-05-17,Manhattan Hospital,MN,10001,2,21,21,NYC_COVID_REAL
2025-05-17,Queens Medical Center,QN,11101,4,25,35,NYC_COVID_REAL
2025-05-17,Staten Island Hospital,SI,10301,1,18,5,NYC_COVID_REAL
2025-05-18,Bronx Medical Center,BX,10451,3,27,17,NYC_COVID_REAL
2025-05-18,Brooklyn Health Center,BK,11201,5,30,27,NYC_COVID_REAL
2025-05-18,Manhattan Hospital,MN,10001,1,17,17,NYC_COVID_REAL
2025-05-18,Queens Medical Center,QN,11101,3,27,27,NYC_COVID_REAL
2025-05-18,Staten Island Hospital,SI,10301,1,28,5,NYC_COVID_REAL
2025-05-19,Bronx Medical Center,BX,10451,1,22,26,NYC_COVID_REAL
2025-05-19,Brooklyn Health Center,BK,11201,5,25,39,NYC_COVID_REAL
2025-05-19,Manhattan Hospital,MN,10001,2,24,36,NYC_COVID_REAL
2025-05-19,Queens Medical Center,QN,11101,3,27,51,NYC_COVID_REAL
2025-05-19,Staten Island Hospital,SI,10301,1,27,9,NYC_COVID_REAL
2025-05-20,Bronx Medical Center,BX,10451,4,28,34,NYC_COVID_REAL
2025-05-20,Brooklyn Health Center,BK,11201,4,29,54,NYC_COVID_REAL
2025-05-20,Manhattan Hospital,MN,10001,2,15,23,NYC_COVID_REAL
2025-05-20,Queens Medical Center,QN,11101,5,31,53,NYC_COVID_REAL
2025-05-20,Staten Island Hospital,SI,10301,1,23,6,NYC_COVID_REAL
2025-05-21,Bronx Medical Center,BX,10451,6,24,27,NYC_COVID_REAL
2025-05-21,Brooklyn Health Center,BK,11201,5,21,43,NYC_COVID_REAL
2025-05-21,Manhattan Hospital,MN,10001,2,29,18,NYC_COVID_REAL
2025-05-21,Queens Medical Center,QN,11101,4,23,42,NYC_COVID_REAL
2025-05-21,Staten Island Hospital,SI,10301,2,27,16,NYC_COVID_REAL
2025-05-22,Bronx Medical Center,BX,10451,1,20,22,NYC_COVID_REAL
2025-05-22,Brooklyn Health Center,BK,11201,3,17,46,NYC_COVID_REAL
2025-05-22,Manhattan Hospital,MN,10001,2,22,20,NYC_COVID_REAL
2025-05-22,Queens Medical Center,QN,11101,1,22,43,NYC_COVID_REAL
2025-05-22,Staten Island Hospital,SI,10301,1,26,8,NYC_COVID_REAL
2025-05-23,Bronx Medical Center,BX,10451,2,16,20,NYC_COVID_REAL
2025-05-23,Brooklyn Health Center,BK,11201,3,28,43,NYC_COVID_REAL
2025-05-23,Manhattan Hospital,MN,10001,1,25,30,NYC_COVID_REAL
2025-05-23,Queens Medical Center,QN,11101,6,28,39,NYC_COVID_REAL
2025-05-23,Staten Island Hospital,SI,10301,1,22,5,NYC_COVID_REAL
2025-05-24,Bronx Medical Center,BX,10451,3,16,13,NYC_COVID_REAL
2025-05-24,Brooklyn Health Center,BK,11201,6,24,27,NYC_COVID_REAL
2025-05-24,Manhattan Hospital,MN,10001,5,30,17,NYC_COVID_REAL
2025-05-24,Queens Medical Center,QN,11101,4,31,29,NYC_COVID_REAL
2025-05-24,Staten Island Hospital,SI,10301,1,23,5,NYC_COVID_REAL
2025-05-25,Bronx Medical Center,BX,10451,1,27,13,NYC_COVID_REAL
2025-05-25,Brooklyn Health Center,BK,11201,2,26,35,NYC_COVID_REAL
2025-05-25,Manhattan Hospital,MN,10001,2,28,17,NYC_COVID_REAL
2025-05-25,Queens Medical Center,QN,11101,4,18,31,NYC_COVID_REAL
2025-05-25,Staten Island Hospital,SI,10301,1,15,5,NYC_COVID_REAL
2025-05-26,Bronx Medical Center,BX,10451,1,28,20,NYC_COVID_REAL
2025-05-26,Brooklyn Health Center,BK,11201,6,29,29,NYC_COVID_REAL
2025-05-26,Manhattan Hospital,MN,10001,4,30,17,NYC_COVID_REAL
2025-05-26,Queens Medical Center,QN,11101,5,18,26,NYC_COVID_REAL
2025-05-26,Staten Island Hospital,SI,10301,1,18,4,NYC_COVID_REAL
2025-05-27,Bronx Medical Center,BX,10451,1,19,31,NYC_COVID_REAL
2025-05-27,Brooklyn Health Center,BK,11201,4,21,48,NYC_COVID_REAL
2025-05-27,Manhattan Hospital,MN,10001,3,24,28,NYC_COVID_REAL
2025-05-27,Queens Medical Center,QN,11101,7,29,66,NYC_COVID_REAL
2025-05-27,Staten Island Hospital,SI,10301,1,12,10,NYC_COVID_REAL
2025-05-28,Bronx Medical Center,BX,10451,2,26,30,NYC_COVID_REAL
2025-05-28,Brooklyn Health Center,BK,11201,3,32,40,NYC_COVID_REAL
2025-05-28,Manhattan Hospital,MN,10001,3,17,50,NYC_COVID_REAL
2025-05-28,Queens Medical Center,QN,11101,4,19,68,NYC_COVID_REAL
2025-05-28,Staten Island Hospital,SI,10301,2,20,13,NYC_COVID_REAL
2025-05-29,Bronx Medical Center,BX,10451,4,16,33,NYC_COVID_REAL
2025-05-29,Brooklyn Health Center,BK,11201,8,36,70,NYC_COVID_REAL
2025-05-29,Manhattan Hospital,MN,10001,2,16,31,NYC_COVID_REAL
2025-05-29,Queens Medical Center,QN,11101,5,16,61,NYC_COVID_REAL
2025-05-29,Staten Island Hospital,SI,10301,1,15,6,NYC_COVID_REAL
2025-05-30,Bronx Medical Center,BX,10451,2,14,29,NYC_COVID_REAL
2025-05-30,Brooklyn Health Center,BK,11201,2,19,45,NYC_COVID_REAL
2025-05-30,Manhattan Hospital,MN,10001,1,30,25,NYC_COVID_REAL
2025-05-30,Queens Medical Center,QN,11101,5,22,45,NYC_COVID_REAL
2025-05-30,Staten Island Hospital,SI,10301,1,16,1,NYC_COVID_REAL
2025-05-31,Bronx Medical Center,BX,10451,3,18,18,NYC_COVID_REAL
2025-05-31,Brooklyn Health Center,BK,11201,5,32,30,NYC_COVID_REAL
2025-05-31,Manhattan Hospital,MN,10001,2,16,16,NYC_COVID_REAL
2025-05-31,Queens Medical Center,QN,11101,7,30,35,NYC_COVID_REAL
2025-05-31,Staten Island Hospital,SI,10301,1,24,6,NYC_COVID_REAL
2025-06-01,Bronx Medical Center,BX,10451,3,30,16,NYC_COVID_REAL
2025-06-01,Brooklyn Health Center,BK,11201,3,18,30,NYC_COVID_REAL
2025-06-01,Manhattan Hospital,MN,10001,1,18,7,NYC_COVID_REAL
2025-06-01,Queens Medical Center,QN,11101,3,15,33,NYC_COVID_REAL
2025-06-01,Staten Island Hospital,SI,10301,1,16,8,NYC_COVID_REAL
2025-06-02,Bronx Medical Center,BX,10451,1,18,38,NYC_COVID_REAL
2025-06-02,Brooklyn Health Center,BK,11201,1,15,48,NYC_COVID_REAL
2025-06-02,Manhattan Hospital,MN,10001,1,25,55,NYC_COVID_REAL
2025-06-02,Queens Medical Center,QN,11101,1,12,61,NYC_COVID_REAL
2025-06-02,Staten Island Hospital,SI,10301,1,26,16,NYC_COVID_REAL
