post_id,text,category,borough,location,post_date,likes,shares,comments,engagement_score,sentiment_polarity,sentiment_subjectivity,sentiment_label
post_000000,Asthma attacks increasing in our neighborhood. Something needs to be done about Queens air quality.,health_concern,queens,Queens,2025-05-26T10:59:15.430485,246,83,2,499,0.0,0.0,neutral
post_000001,Asthma attacks increasing in our neighborhood. Something needs to be done about Elmhurst air quality.,health_concern,queens,Elmhurst,2025-04-20T10:59:15.487479,458,52,2,618,0.0,0.0,neutral
post_000002,Heat wave hitting Lowereastside hard. Elderly neighbors struggling without AC. #ClimateChange,environmental_concern,manhattan,Lowereastside,2025-04-25T10:59:15.487479,479,58,28,709,-0.292,0.542,negative
post_000003,Basement flooded AGAIN in Southbronx. City needs better drainage infrastructure! #FloodDamage,flood_concern,bronx,Southbronx,2025-08-22T10:59:15.487479,447,42,21,615,0.625,0.5,positive
post_000004,Chemical smell in Chinatown - anyone else notice this? Worried about health impacts. #Environmental,environmental_concern,manhattan,Chinatown,2025-05-13T10:59:15.487479,333,35,6,450,0.0,0.0,neutral
post_000005,Chemical smell in Flushing - anyone else notice this? Worried about health impacts. #Environmental,environmental_concern,queens,Flushing,2025-08-15T10:59:15.487479,39,26,0,117,0.0,0.0,neutral
post_000006,Subway station at Crownheights completely flooded. How are we supposed to get to work? #MTAFlooding,flood_concern,brooklyn,Crownheights,2025-06-07T10:59:15.487479,341,71,11,576,0.1,0.4,neutral
post_000007,Construction dust in Harlem is making everyone sick. Where's the oversight? #Pollution,environmental_concern,manhattan,Harlem,2025-10-06T10:59:15.488716,240,26,50,418,-0.714,0.857,negative
post_000008,Construction dust in Fordham is making everyone sick. Where's the oversight? #Pollution,environmental_concern,bronx,Fordham,2025-07-30T10:59:15.488716,261,91,21,576,-0.714,0.857,negative
post_000009,Heat wave hitting Midtown hard. Elderly neighbors struggling without AC. #ClimateChange,environmental_concern,manhattan,Midtown,2025-06-27T10:59:15.488716,93,14,32,199,-0.292,0.542,negative
post_000010,Chemical smell in Statenisland - anyone else notice this? Worried about health impacts. #Environmental,environmental_concern,staten_island,Statenisland,2025-06-25T10:59:15.488716,177,97,35,538,0.0,0.0,neutral
post_000011,Construction dust in New Dorp is making everyone sick. Where's the oversight? #Pollution,environmental_concern,staten_island,New Dorp,2025-08-23T10:59:15.488716,338,16,15,416,-0.289,0.656,negative
post_000012,Subway station at Williamsburg completely flooded. How are we supposed to get to work? #MTAFlooding,flood_concern,brooklyn,Williamsburg,2025-09-26T10:59:15.488716,498,60,20,718,0.1,0.4,neutral
post_000013,Storm surge warnings for Mott Haven. Time to move everything upstairs again. #StormSurge,flood_concern,bronx,Mott Haven,2025-05-07T10:59:15.489757,312,74,8,550,0.0,0.0,neutral
post_000014,Basement flooded AGAIN in Statenisland. City needs better drainage infrastructure! #FloodDamage,flood_concern,staten_island,Statenisland,2025-06-08T10:59:15.489757,121,100,26,473,0.625,0.5,positive
post_000015,Chemical smell in Longislandcity - anyone else notice this? Worried about health impacts. #Environmental,environmental_concern,queens,Longislandcity,2025-08-06T10:59:15.489757,272,33,15,401,0.0,0.0,neutral
post_000016,Asthma attacks increasing in our neighborhood. Something needs to be done about Manhattan air quality.,health_concern,manhattan,Manhattan,2025-05-28T10:59:15.489757,193,42,7,333,0.0,0.0,neutral
post_000017,Another trip to the ER because of cough. When will Bedstuy address the air pollution? #PublicHealth,health_concern,brooklyn,Bedstuy,2025-05-15T10:59:15.489757,393,39,24,558,0.0,0.0,neutral
post_000018,Hospital wait times are crazy in Longislandcity. So many people with respiratory issues today.,health_concern,queens,Longislandcity,2025-06-13T10:59:15.489757,282,11,14,343,-0.05,0.7,neutral
post_000019,Asthma attacks increasing in our neighborhood. Something needs to be done about Uppereastside air quality.,health_concern,manhattan,Uppereastside,2025-08-06T10:59:15.489757,74,65,20,309,0.0,0.0,neutral
post_000020,Storm surge warnings for Uppereastside. Time to move everything upstairs again. #StormSurge,flood_concern,manhattan,Uppereastside,2025-07-30T10:59:15.491193,406,30,23,542,0.0,0.0,neutral
post_000021,Hospital wait times are crazy in St George. So many people with respiratory issues today.,health_concern,staten_island,St George,2025-10-04T10:59:15.491193,140,79,41,459,-0.05,0.7,neutral
post_000022,Hospital wait times are crazy in Astoria. So many people with respiratory issues today.,health_concern,queens,Astoria,2025-09-09T10:59:15.491193,23,95,3,314,-0.05,0.7,neutral
post_000023,Subway station at Mott Haven completely flooded. How are we supposed to get to work? #MTAFlooding,flood_concern,bronx,Mott Haven,2025-04-27T10:59:15.491193,305,48,29,507,0.1,0.4,neutral
post_000024,Air quality alert for New Dorp - staying indoors today. #AirPollution #EnvironmentalHealth,environmental_concern,staten_island,New Dorp,2025-08-01T10:59:15.491193,436,46,0,574,0.136,0.455,positive
post_000025,Hospital wait times are crazy in Longislandcity. So many people with respiratory issues today.,health_concern,queens,Longislandcity,2025-09-19T10:59:15.491193,33,51,20,226,-0.05,0.7,neutral
post_000026,Asthma attacks increasing in our neighborhood. Something needs to be done about Parkslope air quality.,health_concern,brooklyn,Parkslope,2025-05-27T10:59:15.492452,71,44,16,235,0.0,0.0,neutral
post_000027,Kids can't play outside in Southbronx - air quality index is through the roof! #HealthAlert,health_concern,bronx,Southbronx,2025-06-04T10:59:15.492452,206,34,43,394,0.0,0.05,neutral
post_000028,Third time this month - Dumbo streets are underwater after heavy rain. #UrbanFlooding,flood_concern,brooklyn,Dumbo,2025-09-17T10:59:15.492452,178,31,48,367,-0.1,0.25,neutral
post_000029,Storm surge warnings for Jackson Heights. Time to move everything upstairs again. #StormSurge,flood_concern,queens,Jackson Heights,2025-05-01T10:59:15.492452,203,86,42,545,0.0,0.0,neutral
post_000030,Basement flooded AGAIN in Bronx. City needs better drainage infrastructure! #FloodDamage,flood_concern,bronx,Bronx,2025-05-19T10:59:15.492452,130,56,18,334,0.625,0.5,positive
post_000031,Air quality is terrible in Astoria today. My asthma is acting up again. #NYC #AirQuality,health_concern,queens,Astoria,2025-08-16T10:59:15.493455,122,28,23,252,-0.5,0.5,negative
post_000032,Chemical smell in Astoria - anyone else notice this? Worried about health impacts. #Environmental,environmental_concern,queens,Astoria,2025-08-06T10:59:15.493455,92,20,42,236,0.0,0.0,neutral
post_000033,Construction dust in Bronx is making everyone sick. Where's the oversight? #Pollution,environmental_concern,bronx,Bronx,2025-07-09T10:59:15.493455,96,28,48,276,-0.714,0.857,negative
post_000034,Construction dust in New Dorp is making everyone sick. Where's the oversight? #Pollution,environmental_concern,staten_island,New Dorp,2025-05-18T10:59:15.493455,489,41,14,640,-0.289,0.656,negative
post_000035,Air quality alert for Harlem - staying indoors today. #AirPollution #EnvironmentalHealth,environmental_concern,manhattan,Harlem,2025-10-09T10:59:15.493455,9,49,1,158,0.0,0.0,neutral
post_000036,Hospital wait times are crazy in Statenisland. So many people with respiratory issues today.,health_concern,staten_island,Statenisland,2025-05-11T10:59:15.494452,100,26,47,272,-0.05,0.7,neutral
post_000037,Hospital wait times are crazy in Tottenville. So many people with respiratory issues today.,health_concern,staten_island,Tottenville,2025-06-26T10:59:15.494452,400,46,36,610,-0.05,0.7,neutral
post_000038,Another trip to the ER because of allergies. When will Bronx address the air pollution? #PublicHealth,health_concern,bronx,Bronx,2025-08-25T10:59:15.494452,184,99,47,575,0.0,0.0,neutral
post_000039,Asthma attacks increasing in our neighborhood. Something needs to be done about Fordham air quality.,health_concern,bronx,Fordham,2025-07-13T10:59:15.494996,365,64,44,645,0.0,0.0,neutral
post_000040,Basement flooded AGAIN in Jackson Heights. City needs better drainage infrastructure! #FloodDamage,flood_concern,queens,Jackson Heights,2025-05-16T10:59:15.494996,70,84,26,374,0.625,0.5,positive
post_000041,Hospital wait times are crazy in New Dorp. So many people with respiratory issues today.,health_concern,staten_island,New Dorp,2025-06-24T10:59:15.494996,9,23,26,130,0.012,0.618,neutral
post_000042,Subway station at Bronx completely flooded. How are we supposed to get to work? #MTAFlooding,flood_concern,bronx,Bronx,2025-07-12T10:59:15.494996,143,91,6,428,0.1,0.4,neutral
post_000043,Kids can't play outside in Bronx - air quality index is through the roof! #HealthAlert,health_concern,bronx,Bronx,2025-08-01T10:59:15.494996,122,42,22,292,0.0,0.05,neutral
post_000044,Basement flooded AGAIN in Fordham. City needs better drainage infrastructure! #FloodDamage,flood_concern,bronx,Fordham,2025-05-22T10:59:15.494996,57,19,19,152,0.625,0.5,positive
post_000045,Subway station at Jackson Heights completely flooded. How are we supposed to get to work? #MTAFlooding,flood_concern,queens,Jackson Heights,2025-06-12T10:59:15.496100,29,30,48,215,0.1,0.4,neutral
post_000046,Another trip to the ER because of breathing problems. When will Jackson Heights address the air pollution? #PublicHealth,health_concern,queens,Jackson Heights,2025-09-20T10:59:15.496100,57,67,32,322,0.0,0.0,neutral
post_000047,Street flooding again in Brooklyn! This happens every time it rains. #Flooding #NYC,flood_concern,brooklyn,Brooklyn,2025-09-17T10:59:15.496100,225,38,23,385,0.0,0.0,neutral
post_000048,Storm surge warnings for Longislandcity. Time to move everything upstairs again. #StormSurge,flood_concern,queens,Longislandcity,2025-04-28T10:59:15.496100,180,48,26,376,0.0,0.0,neutral
post_000049,Air quality alert for Midtown - staying indoors today. #AirPollution #EnvironmentalHealth,environmental_concern,manhattan,Midtown,2025-05-11T10:59:15.496100,47,100,32,411,0.0,0.0,neutral
post_000050,Chemical smell in Harlem - anyone else notice this? Worried about health impacts. #Environmental,environmental_concern,manhattan,Harlem,2025-05-05T10:59:15.496100,112,41,4,243,0.0,0.0,neutral
post_000051,Street flooding again in Crownheights! This happens every time it rains. #Flooding #NYC,flood_concern,brooklyn,Crownheights,2025-06-02T10:59:15.497138,474,15,26,571,0.0,0.0,neutral
post_000052,Storm surge warnings for Bedstuy. Time to move everything upstairs again. #StormSurge,flood_concern,brooklyn,Bedstuy,2025-06-07T10:59:15.497138,83,47,27,278,0.0,0.0,neutral
post_000053,Hospital wait times are crazy in Huntspoint. So many people with respiratory issues today.,health_concern,bronx,Huntspoint,2025-09-16T10:59:15.497138,77,33,41,258,-0.05,0.7,neutral
post_000054,Hospital wait times are crazy in Longislandcity. So many people with respiratory issues today.,health_concern,queens,Longislandcity,2025-06-20T10:59:15.497138,416,75,26,693,-0.05,0.7,neutral
post_000055,Hospital wait times are crazy in Fordham. So many people with respiratory issues today.,health_concern,bronx,Fordham,2025-04-25T10:59:15.497138,238,58,25,462,-0.05,0.7,neutral
post_000056,Chemical smell in Southbronx - anyone else notice this? Worried about health impacts. #Environmental,environmental_concern,bronx,Southbronx,2025-07-11T10:59:15.498113,268,95,36,625,0.0,0.0,neutral
post_000057,Street flooding again in Crownheights! This happens every time it rains. #Flooding #NYC,flood_concern,brooklyn,Crownheights,2025-08-31T10:59:15.498113,366,1,41,451,0.0,0.0,neutral
post_000058,Subway station at Midtown completely flooded. How are we supposed to get to work? #MTAFlooding,flood_concern,manhattan,Midtown,2025-08-23T10:59:15.498113,57,95,50,442,0.1,0.4,neutral
post_000059,Kids can't play outside in Queens - air quality index is through the roof! #HealthAlert,health_concern,queens,Queens,2025-06-02T10:59:15.499223,169,43,19,336,0.0,0.05,neutral
post_000060,"Green space in Harlem being destroyed for development. We need more trees, not less! #Environment",environmental_concern,manhattan,Harlem,2025-09-27T10:59:15.499223,392,92,49,766,0.135,0.289,positive
post_000061,Basement flooded AGAIN in Tottenville. City needs better drainage infrastructure! #FloodDamage,flood_concern,staten_island,Tottenville,2025-08-28T10:59:15.499223,310,26,46,480,0.625,0.5,positive
post_000062,Asthma attacks increasing in our neighborhood. Something needs to be done about Brooklyn air quality.,health_concern,brooklyn,Brooklyn,2025-09-12T10:59:15.499223,97,48,12,265,0.0,0.0,neutral
post_000063,Hospital wait times are crazy in Harlem. So many people with respiratory issues today.,health_concern,manhattan,Harlem,2025-10-06T10:59:15.500490,154,75,45,469,-0.05,0.7,neutral
post_000064,Heat wave hitting Elmhurst hard. Elderly neighbors struggling without AC. #ClimateChange,environmental_concern,queens,Elmhurst,2025-05-30T10:59:15.500490,77,90,18,383,-0.292,0.542,negative
post_000065,Air quality alert for Queens - staying indoors today. #AirPollution #EnvironmentalHealth,environmental_concern,queens,Queens,2025-08-26T10:59:15.500490,18,56,32,250,0.0,0.0,neutral
post_000066,Third time this month - Queens streets are underwater after heavy rain. #UrbanFlooding,flood_concern,queens,Queens,2025-10-06T10:59:15.500490,139,20,44,287,-0.1,0.25,neutral
post_000067,Kids can't play outside in Dumbo - air quality index is through the roof! #HealthAlert,health_concern,brooklyn,Dumbo,2025-07-12T10:59:15.500490,492,92,16,800,0.0,0.05,neutral
post_000068,Air quality alert for Uppereastside - staying indoors today. #AirPollution #EnvironmentalHealth,environmental_concern,manhattan,Uppereastside,2025-06-12T10:59:15.500490,21,83,14,298,0.0,0.0,neutral
post_000069,Kids can't play outside in Crownheights - air quality index is through the roof! #HealthAlert,health_concern,brooklyn,Crownheights,2025-06-27T10:59:15.501487,462,59,9,657,0.0,0.05,neutral
post_000070,Heat wave hitting Jackson Heights hard. Elderly neighbors struggling without AC. #ClimateChange,environmental_concern,queens,Jackson Heights,2025-08-02T10:59:15.501487,177,97,40,548,-0.292,0.542,negative
post_000071,"Green space in Crownheights being destroyed for development. We need more trees, not less! #Environment",environmental_concern,brooklyn,Crownheights,2025-04-28T10:59:15.501487,217,12,9,271,0.135,0.289,positive
post_000072,Asthma attacks increasing in our neighborhood. Something needs to be done about Lowereastside air quality.,health_concern,manhattan,Lowereastside,2025-08-17T10:59:15.501487,377,75,14,630,0.0,0.0,neutral
post_000073,Asthma attacks increasing in our neighborhood. Something needs to be done about Harlem air quality.,health_concern,manhattan,Harlem,2025-06-25T10:59:15.502462,500,29,12,611,0.0,0.0,neutral
post_000074,Hospital wait times are crazy in Statenisland. So many people with respiratory issues today.,health_concern,staten_island,Statenisland,2025-05-22T10:59:15.502462,83,27,41,246,-0.05,0.7,neutral
post_000075,Hospital wait times are crazy in Manhattan. So many people with respiratory issues today.,health_concern,manhattan,Manhattan,2025-08-26T10:59:15.502462,114,27,20,235,-0.05,0.7,neutral
post_000076,Air quality alert for Brooklyn - staying indoors today. #AirPollution #EnvironmentalHealth,environmental_concern,brooklyn,Brooklyn,2025-04-16T10:59:15.502462,470,5,0,485,0.0,0.0,neutral
post_000077,Storm surge warnings for Midtown. Time to move everything upstairs again. #StormSurge,flood_concern,manhattan,Midtown,2025-08-03T10:59:15.502462,146,75,44,459,0.0,0.0,neutral
post_000078,Another trip to the ER because of cough. When will Longislandcity address the air pollution? #PublicHealth,health_concern,queens,Longislandcity,2025-05-08T10:59:15.502462,227,5,12,266,0.0,0.0,neutral
post_000079,Third time this month - Midtown streets are underwater after heavy rain. #UrbanFlooding,flood_concern,manhattan,Midtown,2025-09-15T10:59:15.503765,201,68,3,411,-0.1,0.25,neutral
post_000080,"Green space in Flushing being destroyed for development. We need more trees, not less! #Environment",environmental_concern,queens,Flushing,2025-07-24T10:59:15.503765,245,55,22,454,0.135,0.289,positive
post_000081,Basement flooded AGAIN in Uppereastside. City needs better drainage infrastructure! #FloodDamage,flood_concern,manhattan,Uppereastside,2025-09-06T10:59:15.503765,416,21,0,479,0.625,0.5,positive
post_000082,Storm surge warnings for Brooklyn. Time to move everything upstairs again. #StormSurge,flood_concern,brooklyn,Brooklyn,2025-06-08T10:59:15.503765,350,54,18,548,0.0,0.0,neutral
post_000083,Storm surge warnings for Chinatown. Time to move everything upstairs again. #StormSurge,flood_concern,manhattan,Chinatown,2025-05-14T10:59:15.503765,13,55,25,228,0.0,0.0,neutral
post_000084,Storm surge warnings for Manhattan. Time to move everything upstairs again. #StormSurge,flood_concern,manhattan,Manhattan,2025-07-21T10:59:15.503765,400,16,33,514,0.0,0.0,neutral
post_000085,Kids can't play outside in Astoria - air quality index is through the roof! #HealthAlert,health_concern,queens,Astoria,2025-04-14T10:59:15.504805,352,57,19,561,0.0,0.05,neutral
post_000086,Construction dust in Uppereastside is making everyone sick. Where's the oversight? #Pollution,environmental_concern,manhattan,Uppereastside,2025-04-19T10:59:15.504805,262,31,4,363,-0.714,0.857,negative
post_000087,Another trip to the ER because of cough. When will Astoria address the air pollution? #PublicHealth,health_concern,queens,Astoria,2025-05-16T10:59:15.504805,324,10,8,370,0.0,0.0,neutral
post_000088,Hospital wait times are crazy in Southbronx. So many people with respiratory issues today.,health_concern,bronx,Southbronx,2025-07-24T10:59:15.504805,372,14,19,452,-0.05,0.7,neutral
post_000089,Asthma attacks increasing in our neighborhood. Something needs to be done about New Dorp air quality.,health_concern,staten_island,New Dorp,2025-07-09T10:59:15.504805,235,56,33,469,0.136,0.455,positive
post_000090,Subway station at Brooklyn completely flooded. How are we supposed to get to work? #MTAFlooding,flood_concern,brooklyn,Brooklyn,2025-09-21T10:59:15.504805,27,65,48,318,0.1,0.4,neutral
post_000091,Hospital wait times are crazy in New Dorp. So many people with respiratory issues today.,health_concern,staten_island,New Dorp,2025-08-09T10:59:15.505808,496,44,33,694,0.012,0.618,neutral
post_000092,Air quality is terrible in Queens today. My allergies is acting up again. #NYC #AirQuality,health_concern,queens,Queens,2025-05-04T10:59:15.505808,80,58,33,320,-0.5,0.5,negative
post_000093,Another trip to the ER because of allergies. When will New Dorp address the air pollution? #PublicHealth,health_concern,staten_island,New Dorp,2025-10-05T10:59:15.505808,58,34,38,236,0.136,0.455,positive
post_000094,Air quality is terrible in St George today. My allergies is acting up again. #NYC #AirQuality,health_concern,staten_island,St George,2025-05-30T10:59:15.505808,50,18,39,182,-0.5,0.5,negative
post_000095,Third time this month - Statenisland streets are underwater after heavy rain. #UrbanFlooding,flood_concern,staten_island,Statenisland,2025-04-25T10:59:15.505808,297,46,6,447,-0.1,0.25,neutral
post_000096,Another trip to the ER because of cough. When will New Dorp address the air pollution? #PublicHealth,health_concern,staten_island,New Dorp,2025-05-20T10:59:15.505808,22,66,34,288,0.136,0.455,positive
post_000097,Basement flooded AGAIN in New Dorp. City needs better drainage infrastructure! #FloodDamage,flood_concern,staten_island,New Dorp,2025-07-16T10:59:15.507172,394,9,12,445,0.381,0.477,positive
post_000098,Storm surge warnings for Crownheights. Time to move everything upstairs again. #StormSurge,flood_concern,brooklyn,Crownheights,2025-04-26T10:59:15.507172,372,73,39,669,0.0,0.0,neutral
post_000099,Chemical smell in Uppereastside - anyone else notice this? Worried about health impacts. #Environmental,environmental_concern,manhattan,Uppereastside,2025-08-26T10:59:15.507172,248,18,4,310,0.0,0.0,neutral
post_000100,Subway station at Uppereastside completely flooded. How are we supposed to get to work? #MTAFlooding,flood_concern,manhattan,Uppereastside,2025-10-02T10:59:15.507172,427,90,16,729,0.1,0.4,neutral
post_000101,Street flooding again in Bronx! This happens every time it rains. #Flooding #NYC,flood_concern,bronx,Bronx,2025-08-10T10:59:15.507172,336,70,38,622,0.0,0.0,neutral
post_000102,Air quality alert for Jackson Heights - staying indoors today. #AirPollution #EnvironmentalHealth,environmental_concern,queens,Jackson Heights,2025-06-12T10:59:15.508209,450,0,40,530,0.0,0.0,neutral
post_000103,Third time this month - Bronx streets are underwater after heavy rain. #UrbanFlooding,flood_concern,bronx,Bronx,2025-04-23T10:59:15.508209,56,55,49,319,-0.1,0.25,neutral
post_000104,Kids can't play outside in Midtown - air quality index is through the roof! #HealthAlert,health_concern,manhattan,Midtown,2025-05-15T10:59:15.508209,443,36,43,637,0.0,0.05,neutral
post_000105,Air quality is terrible in Southbronx today. My breathing problems is acting up again. #NYC #AirQuality,health_concern,bronx,Southbronx,2025-07-14T10:59:15.508209,80,11,3,119,-0.5,0.5,negative
post_000106,Air quality alert for Huntspoint - staying indoors today. #AirPollution #EnvironmentalHealth,environmental_concern,bronx,Huntspoint,2025-06-26T10:59:15.508209,223,88,20,527,0.0,0.0,neutral
post_000107,Construction dust in Bedstuy is making everyone sick. Where's the oversight? #Pollution,environmental_concern,brooklyn,Bedstuy,2025-07-18T10:59:15.508209,326,66,40,604,-0.714,0.857,negative
post_000108,Chemical smell in Southbronx - anyone else notice this? Worried about health impacts. #Environmental,environmental_concern,bronx,Southbronx,2025-07-25T10:59:15.509213,351,49,15,528,0.0,0.0,neutral
post_000109,Heat wave hitting Mott Haven hard. Elderly neighbors struggling without AC. #ClimateChange,environmental_concern,bronx,Mott Haven,2025-08-11T10:59:15.509213,409,36,14,545,-0.292,0.542,negative
post_000110,Construction dust in St George is making everyone sick. Where's the oversight? #Pollution,environmental_concern,staten_island,St George,2025-06-09T10:59:15.509213,193,90,7,477,-0.714,0.857,negative
post_000111,Street flooding again in Chinatown! This happens every time it rains. #Flooding #NYC,flood_concern,manhattan,Chinatown,2025-07-05T10:59:15.509213,6,4,47,112,0.0,0.0,neutral
post_000112,Subway station at Lowereastside completely flooded. How are we supposed to get to work? #MTAFlooding,flood_concern,manhattan,Lowereastside,2025-09-21T10:59:15.509213,29,76,7,271,0.1,0.4,neutral
post_000113,Third time this month - Midtown streets are underwater after heavy rain. #UrbanFlooding,flood_concern,manhattan,Midtown,2025-09-10T10:59:15.510180,95,12,43,217,-0.1,0.25,neutral
post_000114,Chemical smell in St George - anyone else notice this? Worried about health impacts. #Environmental,environmental_concern,staten_island,St George,2025-05-11T10:59:15.510180,416,81,0,659,0.0,0.0,neutral
post_000115,"Green space in Tottenville being destroyed for development. We need more trees, not less! #Environment",environmental_concern,staten_island,Tottenville,2025-05-27T10:59:15.510180,481,7,26,554,0.135,0.289,positive
post_000116,Kids can't play outside in Uppereastside - air quality index is through the roof! #HealthAlert,health_concern,manhattan,Uppereastside,2025-09-06T10:59:15.510180,150,5,10,185,0.0,0.05,neutral
post_000117,"Green space in Crownheights being destroyed for development. We need more trees, not less! #Environment",environmental_concern,brooklyn,Crownheights,2025-06-11T10:59:15.510180,21,8,5,55,0.135,0.289,positive
post_000118,Another trip to the ER because of allergies. When will Southbronx address the air pollution? #PublicHealth,health_concern,bronx,Southbronx,2025-04-29T10:59:15.510180,37,86,44,383,0.0,0.0,neutral
post_000119,Subway station at Bronx completely flooded. How are we supposed to get to work? #MTAFlooding,flood_concern,bronx,Bronx,2025-07-20T10:59:15.511356,461,20,38,597,0.1,0.4,neutral
post_000120,Chemical smell in Lowereastside - anyone else notice this? Worried about health impacts. #Environmental,environmental_concern,manhattan,Lowereastside,2025-09-24T10:59:15.511356,463,97,41,836,0.0,0.0,neutral
post_000121,Construction dust in St George is making everyone sick. Where's the oversight? #Pollution,environmental_concern,staten_island,St George,2025-08-10T10:59:15.511356,115,6,7,147,-0.714,0.857,negative
post_000122,Subway station at Uppereastside completely flooded. How are we supposed to get to work? #MTAFlooding,flood_concern,manhattan,Uppereastside,2025-04-30T10:59:15.511356,390,7,44,499,0.1,0.4,neutral
post_000123,Another trip to the ER because of allergies. When will Manhattan address the air pollution? #PublicHealth,health_concern,manhattan,Manhattan,2025-07-27T10:59:15.511356,361,29,13,474,0.0,0.0,neutral
post_000124,Air quality is terrible in Longislandcity today. My cough is acting up again. #NYC #AirQuality,health_concern,queens,Longislandcity,2025-07-06T10:59:15.512395,274,1,36,349,-0.5,0.5,negative
post_000125,Street flooding again in Parkslope! This happens every time it rains. #Flooding #NYC,flood_concern,brooklyn,Parkslope,2025-08-02T10:59:15.512395,246,28,22,374,0.0,0.0,neutral
post_000126,Another trip to the ER because of breathing problems. When will Chinatown address the air pollution? #PublicHealth,health_concern,manhattan,Chinatown,2025-05-14T10:59:15.512395,58,89,16,357,0.0,0.0,neutral
post_000127,Third time this month - Statenisland streets are underwater after heavy rain. #UrbanFlooding,flood_concern,staten_island,Statenisland,2025-09-11T10:59:15.512395,287,20,47,441,-0.1,0.25,neutral
post_000128,Third time this month - St George streets are underwater after heavy rain. #UrbanFlooding,flood_concern,staten_island,St George,2025-05-05T10:59:15.512395,147,35,50,352,-0.1,0.25,neutral
post_000129,Asthma attacks increasing in our neighborhood. Something needs to be done about Mott Haven air quality.,health_concern,bronx,Mott Haven,2025-06-28T10:59:15.512395,400,23,11,491,0.0,0.0,neutral
post_000130,Storm surge warnings for Southbronx. Time to move everything upstairs again. #StormSurge,flood_concern,bronx,Southbronx,2025-08-01T10:59:15.513394,61,70,11,293,0.0,0.0,neutral
post_000131,Construction dust in Mott Haven is making everyone sick. Where's the oversight? #Pollution,environmental_concern,bronx,Mott Haven,2025-05-17T10:59:15.513394,401,48,26,597,-0.714,0.857,negative
post_000132,Kids can't play outside in Bronx - air quality index is through the roof! #HealthAlert,health_concern,bronx,Bronx,2025-06-14T10:59:15.513394,76,41,1,201,0.0,0.05,neutral
post_000133,Kids can't play outside in Elmhurst - air quality index is through the roof! #HealthAlert,health_concern,queens,Elmhurst,2025-07-16T10:59:15.513394,386,18,41,522,0.0,0.05,neutral
post_000134,Basement flooded AGAIN in Parkslope. City needs better drainage infrastructure! #FloodDamage,flood_concern,brooklyn,Parkslope,2025-05-20T10:59:15.513394,97,9,39,202,0.625,0.5,positive
post_000135,Heat wave hitting Fordham hard. Elderly neighbors struggling without AC. #ClimateChange,environmental_concern,bronx,Fordham,2025-04-30T10:59:15.514365,484,36,2,596,-0.292,0.542,negative
post_000136,Kids can't play outside in Mott Haven - air quality index is through the roof! #HealthAlert,health_concern,bronx,Mott Haven,2025-05-02T10:59:15.514365,117,100,44,505,0.0,0.05,neutral
post_000137,Third time this month - Williamsburg streets are underwater after heavy rain. #UrbanFlooding,flood_concern,brooklyn,Williamsburg,2025-08-15T10:59:15.514365,148,94,45,520,-0.1,0.25,neutral
post_000138,Basement flooded AGAIN in Manhattan. City needs better drainage infrastructure! #FloodDamage,flood_concern,manhattan,Manhattan,2025-05-17T10:59:15.514365,445,29,34,600,0.625,0.5,positive
post_000139,Asthma attacks increasing in our neighborhood. Something needs to be done about Flushing air quality.,health_concern,queens,Flushing,2025-08-11T10:59:15.515818,36,44,15,198,0.0,0.0,neutral
post_000140,Air quality is terrible in Manhattan today. My breathing problems is acting up again. #NYC #AirQuality,health_concern,manhattan,Manhattan,2025-04-15T10:59:15.516144,46,80,21,328,-0.5,0.5,negative
post_000141,Another trip to the ER because of cough. When will Crownheights address the air pollution? #PublicHealth,health_concern,brooklyn,Crownheights,2025-05-21T10:59:15.516144,123,26,0,201,0.0,0.0,neutral
post_000142,Hospital wait times are crazy in Fordham. So many people with respiratory issues today.,health_concern,bronx,Fordham,2025-09-30T10:59:15.516144,301,73,37,594,-0.05,0.7,neutral
post_000143,Third time this month - St George streets are underwater after heavy rain. #UrbanFlooding,flood_concern,staten_island,St George,2025-10-10T10:59:15.516144,220,47,39,439,-0.1,0.25,neutral
post_000144,Hospital wait times are crazy in New Dorp. So many people with respiratory issues today.,health_concern,staten_island,New Dorp,2025-06-22T10:59:15.517194,61,3,22,114,0.012,0.618,neutral
post_000145,Heat wave hitting Chinatown hard. Elderly neighbors struggling without AC. #ClimateChange,environmental_concern,manhattan,Chinatown,2025-06-08T10:59:15.517194,65,82,50,411,-0.292,0.542,negative
post_000146,Air quality is terrible in Elmhurst today. My asthma is acting up again. #NYC #AirQuality,health_concern,queens,Elmhurst,2025-04-26T10:59:15.517194,165,61,17,382,-0.5,0.5,negative
post_000147,"Green space in New Dorp being destroyed for development. We need more trees, not less! #Environment",environmental_concern,staten_island,New Dorp,2025-05-22T10:59:15.517194,374,86,34,700,0.135,0.33,positive
post_000148,Storm surge warnings for Flushing. Time to move everything upstairs again. #StormSurge,flood_concern,queens,Flushing,2025-08-14T10:59:15.518207,418,60,37,672,0.0,0.0,neutral
post_000149,Construction dust in Dumbo is making everyone sick. Where's the oversight? #Pollution,environmental_concern,brooklyn,Dumbo,2025-07-13T10:59:15.518207,121,8,25,195,-0.714,0.857,negative
post_000150,Air quality is terrible in Harlem today. My asthma is acting up again. #NYC #AirQuality,health_concern,manhattan,Harlem,2025-07-05T10:59:15.518207,99,74,17,355,-0.5,0.5,negative
post_000151,Hospital wait times are crazy in Brooklyn. So many people with respiratory issues today.,health_concern,brooklyn,Brooklyn,2025-10-03T10:59:15.518207,150,19,3,213,-0.05,0.7,neutral
post_000152,Storm surge warnings for Bronx. Time to move everything upstairs again. #StormSurge,flood_concern,bronx,Bronx,2025-08-08T10:59:15.518207,333,39,43,536,0.0,0.0,neutral
post_000153,Heat wave hitting Chinatown hard. Elderly neighbors struggling without AC. #ClimateChange,environmental_concern,manhattan,Chinatown,2025-09-28T10:59:15.518207,358,72,3,580,-0.292,0.542,negative
post_000154,Storm surge warnings for St George. Time to move everything upstairs again. #StormSurge,flood_concern,staten_island,St George,2025-07-25T10:59:15.519244,24,87,33,351,0.0,0.0,neutral
post_000155,Air quality is terrible in Harlem today. My cough is acting up again. #NYC #AirQuality,health_concern,manhattan,Harlem,2025-04-26T10:59:15.519244,60,97,20,391,-0.5,0.5,negative
post_000156,Asthma attacks increasing in our neighborhood. Something needs to be done about Queens air quality.,health_concern,queens,Queens,2025-08-03T10:59:15.519244,67,54,12,253,0.0,0.0,neutral
post_000157,Heat wave hitting Parkslope hard. Elderly neighbors struggling without AC. #ClimateChange,environmental_concern,brooklyn,Parkslope,2025-08-21T10:59:15.519244,202,22,4,276,-0.292,0.542,negative
post_000158,Hospital wait times are crazy in Harlem. So many people with respiratory issues today.,health_concern,manhattan,Harlem,2025-05-08T10:59:15.519244,467,33,49,664,-0.05,0.7,neutral
post_000159,Asthma attacks increasing in our neighborhood. Something needs to be done about Queens air quality.,health_concern,queens,Queens,2025-05-18T10:59:15.519244,243,89,23,556,0.0,0.0,neutral
post_000160,Storm surge warnings for Lowereastside. Time to move everything upstairs again. #StormSurge,flood_concern,manhattan,Lowereastside,2025-05-17T10:59:15.520248,442,22,2,512,0.0,0.0,neutral
post_000161,Another trip to the ER because of allergies. When will Lowereastside address the air pollution? #PublicHealth,health_concern,manhattan,Lowereastside,2025-06-23T10:59:15.520248,488,28,33,638,0.0,0.0,neutral
post_000162,Kids can't play outside in Southbronx - air quality index is through the roof! #HealthAlert,health_concern,bronx,Southbronx,2025-06-23T10:59:15.520248,263,47,14,432,0.0,0.05,neutral
post_000163,Chemical smell in Queens - anyone else notice this? Worried about health impacts. #Environmental,environmental_concern,queens,Queens,2025-10-08T10:59:15.520248,291,47,16,464,0.0,0.0,neutral
post_000164,Hospital wait times are crazy in Mott Haven. So many people with respiratory issues today.,health_concern,bronx,Mott Haven,2025-04-30T10:59:15.520248,458,38,43,658,-0.05,0.7,neutral
post_000165,Another trip to the ER because of breathing problems. When will Astoria address the air pollution? #PublicHealth,health_concern,queens,Astoria,2025-09-17T10:59:15.521245,29,80,35,339,0.0,0.0,neutral
post_000166,Another trip to the ER because of breathing problems. When will Southbronx address the air pollution? #PublicHealth,health_concern,bronx,Southbronx,2025-07-27T10:59:15.521245,149,87,37,484,0.0,0.0,neutral
post_000167,Asthma attacks increasing in our neighborhood. Something needs to be done about Harlem air quality.,health_concern,manhattan,Harlem,2025-05-11T10:59:15.521245,259,97,33,616,0.0,0.0,neutral
post_000168,Street flooding again in Harlem! This happens every time it rains. #Flooding #NYC,flood_concern,manhattan,Harlem,2025-07-11T10:59:15.521245,474,90,49,842,0.0,0.0,neutral
post_000169,Heat wave hitting Midtown hard. Elderly neighbors struggling without AC. #ClimateChange,environmental_concern,manhattan,Midtown,2025-08-14T10:59:15.521245,201,68,32,469,-0.292,0.542,negative
post_000170,Another trip to the ER because of cough. When will Longislandcity address the air pollution? #PublicHealth,health_concern,queens,Longislandcity,2025-06-06T10:59:15.521245,67,12,4,111,0.0,0.0,neutral
post_000171,Storm surge warnings for Southbronx. Time to move everything upstairs again. #StormSurge,flood_concern,bronx,Southbronx,2025-09-23T10:59:15.522206,160,57,5,341,0.0,0.0,neutral
post_000172,Third time this month - Tottenville streets are underwater after heavy rain. #UrbanFlooding,flood_concern,staten_island,Tottenville,2025-06-23T10:59:15.522206,40,75,13,291,-0.1,0.25,neutral
post_000173,Construction dust in Dumbo is making everyone sick. Where's the oversight? #Pollution,environmental_concern,brooklyn,Dumbo,2025-07-05T10:59:15.522206,458,2,40,544,-0.714,0.857,negative
post_000174,Another trip to the ER because of asthma. When will Huntspoint address the air pollution? #PublicHealth,health_concern,bronx,Huntspoint,2025-08-26T10:59:15.522206,316,10,42,430,0.0,0.0,neutral
post_000175,Heat wave hitting Bedstuy hard. Elderly neighbors struggling without AC. #ClimateChange,environmental_concern,brooklyn,Bedstuy,2025-05-04T10:59:15.522206,446,30,50,636,-0.292,0.542,negative
post_000176,Street flooding again in Astoria! This happens every time it rains. #Flooding #NYC,flood_concern,queens,Astoria,2025-09-28T10:59:15.523206,146,21,25,259,0.0,0.0,neutral
post_000177,"Green space in Uppereastside being destroyed for development. We need more trees, not less! #Environment",environmental_concern,manhattan,Uppereastside,2025-10-06T10:59:15.523519,236,78,40,550,0.135,0.289,positive
post_000178,Hospital wait times are crazy in Tottenville. So many people with respiratory issues today.,health_concern,staten_island,Tottenville,2025-07-04T10:59:15.523519,24,97,21,357,-0.05,0.7,neutral
post_000179,Kids can't play outside in Southbronx - air quality index is through the roof! #HealthAlert,health_concern,bronx,Southbronx,2025-08-08T10:59:15.523519,129,8,16,185,0.0,0.05,neutral
post_000180,Basement flooded AGAIN in Midtown. City needs better drainage infrastructure! #FloodDamage,flood_concern,manhattan,Midtown,2025-08-17T10:59:15.523519,468,69,9,693,0.625,0.5,positive
post_000181,"Green space in Fordham being destroyed for development. We need more trees, not less! #Environment",environmental_concern,bronx,Fordham,2025-04-15T10:59:15.523519,26,74,36,320,0.135,0.289,positive
post_000182,Chemical smell in Bronx - anyone else notice this? Worried about health impacts. #Environmental,environmental_concern,bronx,Bronx,2025-08-25T10:59:15.523519,500,54,5,672,0.0,0.0,neutral
post_000183,Chemical smell in Brooklyn - anyone else notice this? Worried about health impacts. #Environmental,environmental_concern,brooklyn,Brooklyn,2025-04-19T10:59:15.524635,134,72,4,358,0.0,0.0,neutral
post_000184,Chemical smell in Crownheights - anyone else notice this? Worried about health impacts. #Environmental,environmental_concern,brooklyn,Crownheights,2025-08-10T10:59:15.524635,435,27,3,522,0.0,0.0,neutral
post_000185,Basement flooded AGAIN in Jackson Heights. City needs better drainage infrastructure! #FloodDamage,flood_concern,queens,Jackson Heights,2025-05-18T10:59:15.524635,167,51,47,414,0.625,0.5,positive
post_000186,Street flooding again in Jackson Heights! This happens every time it rains. #Flooding #NYC,flood_concern,queens,Jackson Heights,2025-09-03T10:59:15.524635,32,63,7,235,0.0,0.0,neutral
post_000187,Heat wave hitting Astoria hard. Elderly neighbors struggling without AC. #ClimateChange,environmental_concern,queens,Astoria,2025-05-13T10:59:15.524635,369,40,24,537,-0.292,0.542,negative
post_000188,"Green space in Midtown being destroyed for development. We need more trees, not less! #Environment",environmental_concern,manhattan,Midtown,2025-05-29T10:59:15.524635,111,24,0,183,0.135,0.289,positive
post_000189,Another trip to the ER because of asthma. When will Midtown address the air pollution? #PublicHealth,health_concern,manhattan,Midtown,2025-06-13T10:59:15.525685,283,63,48,568,0.0,0.0,neutral
post_000190,Kids can't play outside in Manhattan - air quality index is through the roof! #HealthAlert,health_concern,manhattan,Manhattan,2025-09-03T10:59:15.525685,144,92,13,446,0.0,0.05,neutral
post_000191,Heat wave hitting Flushing hard. Elderly neighbors struggling without AC. #ClimateChange,environmental_concern,queens,Flushing,2025-07-26T10:59:15.525685,272,34,36,446,-0.292,0.542,negative
post_000192,Storm surge warnings for Tottenville. Time to move everything upstairs again. #StormSurge,flood_concern,staten_island,Tottenville,2025-05-13T10:59:15.525685,237,42,43,449,0.0,0.0,neutral
post_000193,Hospital wait times are crazy in Williamsburg. So many people with respiratory issues today.,health_concern,brooklyn,Williamsburg,2025-07-28T10:59:15.525685,109,77,34,408,-0.05,0.7,neutral
post_000194,Kids can't play outside in St George - air quality index is through the roof! #HealthAlert,health_concern,staten_island,St George,2025-09-18T10:59:15.526644,406,5,16,453,0.0,0.05,neutral
post_000195,Another trip to the ER because of asthma. When will Dumbo address the air pollution? #PublicHealth,health_concern,brooklyn,Dumbo,2025-07-24T10:59:15.526644,454,100,16,786,0.0,0.0,neutral
post_000196,Third time this month - Mott Haven streets are underwater after heavy rain. #UrbanFlooding,flood_concern,bronx,Mott Haven,2025-08-16T10:59:15.526644,102,58,2,280,-0.1,0.25,neutral
post_000197,Chemical smell in Southbronx - anyone else notice this? Worried about health impacts. #Environmental,environmental_concern,bronx,Southbronx,2025-09-05T10:59:15.526644,365,15,43,496,0.0,0.0,neutral
post_000198,Construction dust in Flushing is making everyone sick. Where's the oversight? #Pollution,environmental_concern,queens,Flushing,2025-07-02T10:59:15.526644,227,7,47,342,-0.714,0.857,negative
post_000199,"Green space in Statenisland being destroyed for development. We need more trees, not less! #Environment",environmental_concern,staten_island,Statenisland,2025-05-31T10:59:15.526644,167,10,47,291,0.135,0.289,positive
post_000200,Street flooding again in Harlem! This happens every time it rains. #Flooding #NYC,flood_concern,manhattan,Harlem,2025-08-15T10:59:15.526644,271,77,45,592,0.0,0.0,neutral
post_000201,Chemical smell in Flushing - anyone else notice this? Worried about health impacts. #Environmental,environmental_concern,queens,Flushing,2025-08-10T10:59:15.527975,302,67,16,535,0.0,0.0,neutral
post_000202,Air quality alert for Jackson Heights - staying indoors today. #AirPollution #EnvironmentalHealth,environmental_concern,queens,Jackson Heights,2025-10-01T10:59:15.527975,469,43,5,608,0.0,0.0,neutral
post_000203,Storm surge warnings for Tottenville. Time to move everything upstairs again. #StormSurge,flood_concern,staten_island,Tottenville,2025-06-22T10:59:15.527975,232,1,2,239,0.0,0.0,neutral
post_000204,Another trip to the ER because of asthma. When will Statenisland address the air pollution? #PublicHealth,health_concern,staten_island,Statenisland,2025-07-19T10:59:15.527975,339,22,47,499,0.0,0.0,neutral
post_000205,"Green space in Lowereastside being destroyed for development. We need more trees, not less! #Environment",environmental_concern,manhattan,Lowereastside,2025-07-25T10:59:15.527975,20,85,39,353,0.135,0.289,positive
post_000206,Storm surge warnings for Tottenville. Time to move everything upstairs again. #StormSurge,flood_concern,staten_island,Tottenville,2025-06-16T10:59:15.527975,28,55,11,215,0.0,0.0,neutral
post_000207,Storm surge warnings for Southbronx. Time to move everything upstairs again. #StormSurge,flood_concern,bronx,Southbronx,2025-04-27T10:59:15.529022,457,52,26,665,0.0,0.0,neutral
post_000208,Chemical smell in Huntspoint - anyone else notice this? Worried about health impacts. #Environmental,environmental_concern,bronx,Huntspoint,2025-06-10T10:59:15.529022,109,28,13,219,0.0,0.0,neutral
post_000209,Subway station at Parkslope completely flooded. How are we supposed to get to work? #MTAFlooding,flood_concern,brooklyn,Parkslope,2025-08-12T10:59:15.529022,422,61,43,691,0.1,0.4,neutral
post_000210,Air quality is terrible in Southbronx today. My breathing problems is acting up again. #NYC #AirQuality,health_concern,bronx,Southbronx,2025-06-19T10:59:15.529022,148,100,35,518,-0.5,0.5,negative
post_000211,Another trip to the ER because of breathing problems. When will Uppereastside address the air pollution? #PublicHealth,health_concern,manhattan,Uppereastside,2025-08-01T10:59:15.529022,81,23,8,166,0.0,0.0,neutral
post_000212,Asthma attacks increasing in our neighborhood. Something needs to be done about Williamsburg air quality.,health_concern,brooklyn,Williamsburg,2025-04-20T10:59:15.530025,234,29,21,363,0.0,0.0,neutral
post_000213,Street flooding again in St George! This happens every time it rains. #Flooding #NYC,flood_concern,staten_island,St George,2025-07-24T10:59:15.530025,381,57,22,596,0.0,0.0,neutral
post_000214,Asthma attacks increasing in our neighborhood. Something needs to be done about Queens air quality.,health_concern,queens,Queens,2025-07-16T10:59:15.530025,445,1,45,538,0.0,0.0,neutral
post_000215,Air quality alert for Tottenville - staying indoors today. #AirPollution #EnvironmentalHealth,environmental_concern,staten_island,Tottenville,2025-09-19T10:59:15.530025,389,8,44,501,0.0,0.0,neutral
post_000216,Kids can't play outside in Elmhurst - air quality index is through the roof! #HealthAlert,health_concern,queens,Elmhurst,2025-07-13T10:59:15.530025,172,96,18,496,0.0,0.05,neutral
post_000217,"Green space in Flushing being destroyed for development. We need more trees, not less! #Environment",environmental_concern,queens,Flushing,2025-08-25T10:59:15.530025,65,56,23,279,0.135,0.289,positive
post_000218,Heat wave hitting Dumbo hard. Elderly neighbors struggling without AC. #ClimateChange,environmental_concern,brooklyn,Dumbo,2025-10-05T10:59:15.531025,74,8,22,142,-0.292,0.542,negative
post_000219,Heat wave hitting Dumbo hard. Elderly neighbors struggling without AC. #ClimateChange,environmental_concern,brooklyn,Dumbo,2025-08-08T10:59:15.531391,450,31,34,611,-0.292,0.542,negative
post_000220,Hospital wait times are crazy in Statenisland. So many people with respiratory issues today.,health_concern,staten_island,Statenisland,2025-09-14T10:59:15.531391,25,74,22,291,-0.05,0.7,neutral
post_000221,Street flooding again in Tottenville! This happens every time it rains. #Flooding #NYC,flood_concern,staten_island,Tottenville,2025-05-02T10:59:15.531391,431,97,9,740,0.0,0.0,neutral
post_000222,Air quality alert for Dumbo - staying indoors today. #AirPollution #EnvironmentalHealth,environmental_concern,brooklyn,Dumbo,2025-08-10T10:59:15.532352,53,23,12,146,0.0,0.0,neutral
post_000223,Heat wave hitting Astoria hard. Elderly neighbors struggling without AC. #ClimateChange,environmental_concern,queens,Astoria,2025-09-30T10:59:15.532693,499,39,15,646,-0.292,0.542,negative
post_000224,Another trip to the ER because of breathing problems. When will Longislandcity address the air pollution? #PublicHealth,health_concern,queens,Longislandcity,2025-10-04T10:59:15.533849,402,87,1,665,0.0,0.0,neutral
post_000225,Storm surge warnings for Bedstuy. Time to move everything upstairs again. #StormSurge,flood_concern,brooklyn,Bedstuy,2025-08-16T10:59:15.533849,477,20,24,585,0.0,0.0,neutral
post_000226,Another trip to the ER because of cough. When will Manhattan address the air pollution? #PublicHealth,health_concern,manhattan,Manhattan,2025-09-20T10:59:15.533849,63,96,0,351,0.0,0.0,neutral
post_000227,Street flooding again in Bronx! This happens every time it rains. #Flooding #NYC,flood_concern,bronx,Bronx,2025-05-26T10:59:15.533849,214,85,10,489,0.0,0.0,neutral
post_000228,Basement flooded AGAIN in Bronx. City needs better drainage infrastructure! #FloodDamage,flood_concern,bronx,Bronx,2025-04-14T10:59:15.533849,399,93,33,744,0.625,0.5,positive
post_000229,Hospital wait times are crazy in Longislandcity. So many people with respiratory issues today.,health_concern,queens,Longislandcity,2025-07-06T10:59:15.533849,458,23,45,617,-0.05,0.7,neutral
post_000230,Heat wave hitting Bedstuy hard. Elderly neighbors struggling without AC. #ClimateChange,environmental_concern,brooklyn,Bedstuy,2025-09-20T10:59:15.534900,126,36,16,266,-0.292,0.542,negative
post_000231,Basement flooded AGAIN in Parkslope. City needs better drainage infrastructure! #FloodDamage,flood_concern,brooklyn,Parkslope,2025-06-26T10:59:15.534900,335,62,2,525,0.625,0.5,positive
post_000232,Hospital wait times are crazy in Astoria. So many people with respiratory issues today.,health_concern,queens,Astoria,2025-06-14T10:59:15.534900,373,97,35,734,-0.05,0.7,neutral
post_000233,Subway station at Southbronx completely flooded. How are we supposed to get to work? #MTAFlooding,flood_concern,bronx,Southbronx,2025-09-03T10:59:15.534900,237,63,17,460,0.1,0.4,neutral
post_000234,Asthma attacks increasing in our neighborhood. Something needs to be done about Harlem air quality.,health_concern,manhattan,Harlem,2025-04-21T10:59:15.534900,305,57,19,514,0.0,0.0,neutral
post_000235,Hospital wait times are crazy in Longislandcity. So many people with respiratory issues today.,health_concern,queens,Longislandcity,2025-08-04T10:59:15.535900,278,85,8,549,-0.05,0.7,neutral
post_000236,Another trip to the ER because of allergies. When will Huntspoint address the air pollution? #PublicHealth,health_concern,bronx,Huntspoint,2025-07-10T10:59:15.535900,411,39,26,580,0.0,0.0,neutral
post_000237,Storm surge warnings for Astoria. Time to move everything upstairs again. #StormSurge,flood_concern,queens,Astoria,2025-08-12T10:59:15.535900,220,49,7,381,0.0,0.0,neutral
post_000238,Another trip to the ER because of breathing problems. When will Harlem address the air pollution? #PublicHealth,health_concern,manhattan,Harlem,2025-09-01T10:59:15.535900,23,61,40,286,0.0,0.0,neutral
post_000239,Basement flooded AGAIN in Parkslope. City needs better drainage infrastructure! #FloodDamage,flood_concern,brooklyn,Parkslope,2025-09-17T10:59:15.535900,120,78,11,376,0.625,0.5,positive
post_000240,Heat wave hitting Southbronx hard. Elderly neighbors struggling without AC. #ClimateChange,environmental_concern,bronx,Southbronx,2025-08-10T10:59:15.535900,79,39,9,214,-0.292,0.542,negative
post_000241,Third time this month - Crownheights streets are underwater after heavy rain. #UrbanFlooding,flood_concern,brooklyn,Crownheights,2025-07-29T10:59:15.536900,35,38,8,165,-0.1,0.25,neutral
post_000242,Air quality is terrible in New Dorp today. My allergies is acting up again. #NYC #AirQuality,health_concern,staten_island,New Dorp,2025-06-08T10:59:15.536900,409,15,26,506,-0.288,0.485,negative
post_000243,Another trip to the ER because of allergies. When will Williamsburg address the air pollution? #PublicHealth,health_concern,brooklyn,Williamsburg,2025-09-19T10:59:15.536900,127,9,11,176,0.0,0.0,neutral
post_000244,Street flooding again in New Dorp! This happens every time it rains. #Flooding #NYC,flood_concern,staten_island,New Dorp,2025-06-18T10:59:15.536900,446,22,31,574,0.17,0.455,positive
post_000245,Street flooding again in Crownheights! This happens every time it rains. #Flooding #NYC,flood_concern,brooklyn,Crownheights,2025-05-28T10:59:15.536900,491,58,41,747,0.0,0.0,neutral
post_000246,Air quality alert for Bedstuy - staying indoors today. #AirPollution #EnvironmentalHealth,environmental_concern,brooklyn,Bedstuy,2025-07-07T10:59:15.536900,247,79,31,546,0.0,0.0,neutral
post_000247,Kids can't play outside in New Dorp - air quality index is through the roof! #HealthAlert,health_concern,staten_island,New Dorp,2025-05-10T10:59:15.537904,169,95,36,526,0.085,0.252,neutral
post_000248,Street flooding again in Huntspoint! This happens every time it rains. #Flooding #NYC,flood_concern,bronx,Huntspoint,2025-09-22T10:59:15.537904,383,58,30,617,0.0,0.0,neutral
post_000249,Basement flooded AGAIN in Longislandcity. City needs better drainage infrastructure! #FloodDamage,flood_concern,queens,Longislandcity,2025-09-27T10:59:15.537904,47,81,24,338,0.625,0.5,positive
post_000250,Air quality is terrible in Harlem today. My asthma is acting up again. #NYC #AirQuality,health_concern,manhattan,Harlem,2025-04-19T10:59:15.537904,448,49,38,671,-0.5,0.5,negative
post_000251,Basement flooded AGAIN in Midtown. City needs better drainage infrastructure! #FloodDamage,flood_concern,manhattan,Midtown,2025-10-04T10:59:15.538859,213,80,6,465,0.625,0.5,positive
post_000252,"Green space in Brooklyn being destroyed for development. We need more trees, not less! #Environment",environmental_concern,brooklyn,Brooklyn,2025-06-02T10:59:15.538859,388,41,50,611,0.135,0.289,positive
post_000253,Construction dust in Midtown is making everyone sick. Where's the oversight? #Pollution,environmental_concern,manhattan,Midtown,2025-07-17T10:59:15.538859,224,78,33,524,-0.714,0.857,negative
post_000254,Street flooding again in Bedstuy! This happens every time it rains. #Flooding #NYC,flood_concern,brooklyn,Bedstuy,2025-09-03T10:59:15.538859,117,8,41,223,0.0,0.0,neutral
post_000255,Air quality alert for Southbronx - staying indoors today. #AirPollution #EnvironmentalHealth,environmental_concern,bronx,Southbronx,2025-04-18T10:59:15.539538,381,34,49,581,0.0,0.0,neutral
post_000256,Chemical smell in Parkslope - anyone else notice this? Worried about health impacts. #Environmental,environmental_concern,brooklyn,Parkslope,2025-04-28T10:59:15.539538,152,76,39,458,0.0,0.0,neutral
post_000257,Subway station at Williamsburg completely flooded. How are we supposed to get to work? #MTAFlooding,flood_concern,brooklyn,Williamsburg,2025-10-02T10:59:15.539538,377,87,3,644,0.1,0.4,neutral
post_000258,Heat wave hitting Statenisland hard. Elderly neighbors struggling without AC. #ClimateChange,environmental_concern,staten_island,Statenisland,2025-06-06T10:59:15.539538,420,35,33,591,-0.292,0.542,negative
post_000259,Construction dust in Bronx is making everyone sick. Where's the oversight? #Pollution,environmental_concern,bronx,Bronx,2025-09-10T10:59:15.539538,289,54,11,473,-0.714,0.857,negative
post_000260,Construction dust in Manhattan is making everyone sick. Where's the oversight? #Pollution,environmental_concern,manhattan,Manhattan,2025-05-23T10:59:15.539538,207,61,32,454,-0.714,0.857,negative
post_000261,Street flooding again in Chinatown! This happens every time it rains. #Flooding #NYC,flood_concern,manhattan,Chinatown,2025-08-30T10:59:15.539538,397,27,25,528,0.0,0.0,neutral
post_000262,Another trip to the ER because of asthma. When will Chinatown address the air pollution? #PublicHealth,health_concern,manhattan,Chinatown,2025-09-08T10:59:15.540734,198,61,11,403,0.0,0.0,neutral
post_000263,Another trip to the ER because of cough. When will Mott Haven address the air pollution? #PublicHealth,health_concern,bronx,Mott Haven,2025-08-08T10:59:15.540734,117,61,24,348,0.0,0.0,neutral
post_000264,Asthma attacks increasing in our neighborhood. Something needs to be done about Statenisland air quality.,health_concern,staten_island,Statenisland,2025-09-24T10:59:15.540734,198,38,0,312,0.0,0.0,neutral
post_000265,Basement flooded AGAIN in Manhattan. City needs better drainage infrastructure! #FloodDamage,flood_concern,manhattan,Manhattan,2025-10-03T10:59:15.540734,191,82,20,477,0.625,0.5,positive
post_000266,Heat wave hitting Manhattan hard. Elderly neighbors struggling without AC. #ClimateChange,environmental_concern,manhattan,Manhattan,2025-10-05T10:59:15.540734,272,10,25,352,-0.292,0.542,negative
post_000267,"Green space in Brooklyn being destroyed for development. We need more trees, not less! #Environment",environmental_concern,brooklyn,Brooklyn,2025-09-19T10:59:15.540734,354,22,49,518,0.135,0.289,positive
post_000268,Basement flooded AGAIN in Midtown. City needs better drainage infrastructure! #FloodDamage,flood_concern,manhattan,Midtown,2025-07-16T10:59:15.541785,490,31,32,647,0.625,0.5,positive
post_000269,Air quality alert for Parkslope - staying indoors today. #AirPollution #EnvironmentalHealth,environmental_concern,brooklyn,Parkslope,2025-09-18T10:59:15.541785,291,82,10,557,0.0,0.0,neutral
post_000270,Third time this month - Dumbo streets are underwater after heavy rain. #UrbanFlooding,flood_concern,brooklyn,Dumbo,2025-09-25T10:59:15.541785,194,62,41,462,-0.1,0.25,neutral
post_000271,Storm surge warnings for Queens. Time to move everything upstairs again. #StormSurge,flood_concern,queens,Queens,2025-07-08T10:59:15.541785,492,12,30,588,0.0,0.0,neutral
post_000272,Street flooding again in Flushing! This happens every time it rains. #Flooding #NYC,flood_concern,queens,Flushing,2025-07-15T10:59:15.541785,90,40,47,304,0.0,0.0,neutral
post_000273,Heat wave hitting Southbronx hard. Elderly neighbors struggling without AC. #ClimateChange,environmental_concern,bronx,Southbronx,2025-06-17T10:59:15.541785,482,59,39,737,-0.292,0.542,negative
post_000274,Another trip to the ER because of allergies. When will Southbronx address the air pollution? #PublicHealth,health_concern,bronx,Southbronx,2025-04-16T10:59:15.541785,242,86,8,516,0.0,0.0,neutral
post_000275,Heat wave hitting Elmhurst hard. Elderly neighbors struggling without AC. #ClimateChange,environmental_concern,queens,Elmhurst,2025-05-01T10:59:15.541785,375,7,20,436,-0.292,0.542,negative
post_000276,Another trip to the ER because of asthma. When will Uppereastside address the air pollution? #PublicHealth,health_concern,manhattan,Uppereastside,2025-04-29T10:59:15.543313,236,85,18,527,0.0,0.0,neutral
post_000277,Air quality alert for Williamsburg - staying indoors today. #AirPollution #EnvironmentalHealth,environmental_concern,brooklyn,Williamsburg,2025-05-07T10:59:15.543313,299,33,38,474,0.0,0.0,neutral
post_000278,Construction dust in Uppereastside is making everyone sick. Where's the oversight? #Pollution,environmental_concern,manhattan,Uppereastside,2025-05-22T10:59:15.543313,31,40,19,189,-0.714,0.857,negative
post_000279,Hospital wait times are crazy in Flushing. So many people with respiratory issues today.,health_concern,queens,Flushing,2025-07-06T10:59:15.543313,280,34,10,402,-0.05,0.7,neutral
post_000280,Kids can't play outside in Brooklyn - air quality index is through the roof! #HealthAlert,health_concern,brooklyn,Brooklyn,2025-06-07T10:59:15.543313,294,71,4,515,0.0,0.05,neutral
post_000281,Hospital wait times are crazy in Chinatown. So many people with respiratory issues today.,health_concern,manhattan,Chinatown,2025-06-01T10:59:15.543313,282,18,26,388,-0.05,0.7,neutral
post_000282,Subway station at New Dorp completely flooded. How are we supposed to get to work? #MTAFlooding,flood_concern,staten_island,New Dorp,2025-09-10T10:59:15.544363,394,65,22,633,0.118,0.427,positive
post_000283,Storm surge warnings for Southbronx. Time to move everything upstairs again. #StormSurge,flood_concern,bronx,Southbronx,2025-09-07T10:59:15.544363,143,1,20,186,0.0,0.0,neutral
post_000284,Hospital wait times are crazy in Elmhurst. So many people with respiratory issues today.,health_concern,queens,Elmhurst,2025-05-14T10:59:15.544363,172,21,47,329,-0.05,0.7,neutral
post_000285,Kids can't play outside in Tottenville - air quality index is through the roof! #HealthAlert,health_concern,staten_island,Tottenville,2025-04-20T10:59:15.544363,183,26,20,301,0.0,0.05,neutral
post_000286,Air quality is terrible in Dumbo today. My cough is acting up again. #NYC #AirQuality,health_concern,brooklyn,Dumbo,2025-05-23T10:59:15.544363,299,43,36,500,-0.5,0.5,negative
post_000287,Third time this month - Parkslope streets are underwater after heavy rain. #UrbanFlooding,flood_concern,brooklyn,Parkslope,2025-07-13T10:59:15.545369,59,17,1,112,-0.1,0.25,neutral
post_000288,Kids can't play outside in Elmhurst - air quality index is through the roof! #HealthAlert,health_concern,queens,Elmhurst,2025-10-11T10:59:15.545369,252,59,27,483,0.0,0.05,neutral
post_000289,Construction dust in Flushing is making everyone sick. Where's the oversight? #Pollution,environmental_concern,queens,Flushing,2025-05-06T10:59:15.545369,18,73,15,267,-0.714,0.857,negative
post_000290,Basement flooded AGAIN in Mott Haven. City needs better drainage infrastructure! #FloodDamage,flood_concern,bronx,Mott Haven,2025-05-30T10:59:15.545369,233,91,6,518,0.625,0.5,positive
post_000291,Street flooding again in Fordham! This happens every time it rains. #Flooding #NYC,flood_concern,bronx,Fordham,2025-06-25T10:59:15.545369,66,76,45,384,0.0,0.0,neutral
post_000292,Third time this month - Queens streets are underwater after heavy rain. #UrbanFlooding,flood_concern,queens,Queens,2025-10-01T10:59:15.545369,8,30,50,198,-0.1,0.25,neutral
post_000293,Construction dust in Astoria is making everyone sick. Where's the oversight? #Pollution,environmental_concern,queens,Astoria,2025-07-19T10:59:15.546363,288,67,1,491,-0.714,0.857,negative
post_000294,Another trip to the ER because of breathing problems. When will Chinatown address the air pollution? #PublicHealth,health_concern,manhattan,Chinatown,2025-08-16T10:59:15.546363,258,19,44,403,0.0,0.0,neutral
post_000295,Air quality alert for Astoria - staying indoors today. #AirPollution #EnvironmentalHealth,environmental_concern,queens,Astoria,2025-09-15T10:59:15.546363,194,56,23,408,0.0,0.0,neutral
post_000296,Hospital wait times are crazy in Queens. So many people with respiratory issues today.,health_concern,queens,Queens,2025-08-16T10:59:15.546363,393,59,30,630,-0.05,0.7,neutral
post_000297,Subway station at Statenisland completely flooded. How are we supposed to get to work? #MTAFlooding,flood_concern,staten_island,Statenisland,2025-05-01T10:59:15.546363,465,52,25,671,0.1,0.4,neutral
post_000298,Construction dust in Fordham is making everyone sick. Where's the oversight? #Pollution,environmental_concern,bronx,Fordham,2025-06-28T10:59:15.547362,390,94,5,682,-0.714,0.857,negative
post_000299,Asthma attacks increasing in our neighborhood. Something needs to be done about Mott Haven air quality.,health_concern,bronx,Mott Haven,2025-08-11T10:59:15.547362,460,79,10,717,0.0,0.0,neutral
post_000300,"Green space in Tottenville being destroyed for development. We need more trees, not less! #Environment",environmental_concern,staten_island,Tottenville,2025-06-14T10:59:15.547362,83,36,9,209,0.135,0.289,positive
post_000301,Air quality is terrible in Lowereastside today. My breathing problems is acting up again. #NYC #AirQuality,health_concern,manhattan,Lowereastside,2025-07-29T10:59:15.547362,113,97,23,450,-0.5,0.5,negative
post_000302,Street flooding again in St George! This happens every time it rains. #Flooding #NYC,flood_concern,staten_island,St George,2025-09-26T10:59:15.548328,292,98,39,664,0.0,0.0,neutral
post_000303,Heat wave hitting Parkslope hard. Elderly neighbors struggling without AC. #ClimateChange,environmental_concern,brooklyn,Parkslope,2025-07-13T10:59:15.548328,350,66,11,570,-0.292,0.542,negative
post_000304,Another trip to the ER because of allergies. When will Chinatown address the air pollution? #PublicHealth,health_concern,manhattan,Chinatown,2025-07-15T10:59:15.548729,58,64,34,318,0.0,0.0,neutral
post_000305,Air quality is terrible in Uppereastside today. My breathing problems is acting up again. #NYC #AirQuality,health_concern,manhattan,Uppereastside,2025-05-12T10:59:15.548729,161,72,17,411,-0.5,0.5,negative
post_000306,Asthma attacks increasing in our neighborhood. Something needs to be done about Manhattan air quality.,health_concern,manhattan,Manhattan,2025-05-16T10:59:15.548729,281,42,15,437,0.0,0.0,neutral
post_000307,Construction dust in Jackson Heights is making everyone sick. Where's the oversight? #Pollution,environmental_concern,queens,Jackson Heights,2025-07-22T10:59:15.548729,354,52,23,556,-0.714,0.857,negative
post_000308,Asthma attacks increasing in our neighborhood. Something needs to be done about Uppereastside air quality.,health_concern,manhattan,Uppereastside,2025-06-11T10:59:15.548729,44,9,32,135,0.0,0.0,neutral
post_000309,Basement flooded AGAIN in New Dorp. City needs better drainage infrastructure! #FloodDamage,flood_concern,staten_island,New Dorp,2025-06-02T10:59:15.550061,262,34,29,422,0.381,0.477,positive
post_000310,Hospital wait times are crazy in Queens. So many people with respiratory issues today.,health_concern,queens,Queens,2025-05-14T10:59:15.550061,94,5,42,193,-0.05,0.7,neutral
post_000311,Heat wave hitting Tottenville hard. Elderly neighbors struggling without AC. #ClimateChange,environmental_concern,staten_island,Tottenville,2025-06-10T10:59:15.550061,177,31,28,326,-0.292,0.542,negative
post_000312,Another trip to the ER because of allergies. When will Manhattan address the air pollution? #PublicHealth,health_concern,manhattan,Manhattan,2025-04-20T10:59:15.550061,339,54,11,523,0.0,0.0,neutral
post_000313,"Green space in Fordham being destroyed for development. We need more trees, not less! #Environment",environmental_concern,bronx,Fordham,2025-09-09T10:59:15.551355,298,46,31,498,0.135,0.289,positive
post_000314,Another trip to the ER because of asthma. When will Manhattan address the air pollution? #PublicHealth,health_concern,manhattan,Manhattan,2025-07-12T10:59:15.551355,196,63,16,417,0.0,0.0,neutral
post_000315,Hospital wait times are crazy in Flushing. So many people with respiratory issues today.,health_concern,queens,Flushing,2025-08-31T10:59:15.551758,492,55,45,747,-0.05,0.7,neutral
post_000316,Street flooding again in Huntspoint! This happens every time it rains. #Flooding #NYC,flood_concern,bronx,Huntspoint,2025-05-11T10:59:15.551758,17,80,28,313,0.0,0.0,neutral
post_000317,Storm surge warnings for St George. Time to move everything upstairs again. #StormSurge,flood_concern,staten_island,St George,2025-09-25T10:59:15.551758,299,22,37,439,0.0,0.0,neutral
post_000318,Another trip to the ER because of cough. When will Southbronx address the air pollution? #PublicHealth,health_concern,bronx,Southbronx,2025-06-20T10:59:15.551758,438,49,17,619,0.0,0.0,neutral
post_000319,Asthma attacks increasing in our neighborhood. Something needs to be done about Bronx air quality.,health_concern,bronx,Bronx,2025-09-21T10:59:15.551758,290,7,17,345,0.0,0.0,neutral
post_000320,Hospital wait times are crazy in St George. So many people with respiratory issues today.,health_concern,staten_island,St George,2025-09-22T10:59:15.551758,468,4,20,520,-0.05,0.7,neutral
post_000321,Hospital wait times are crazy in Brooklyn. So many people with respiratory issues today.,health_concern,brooklyn,Brooklyn,2025-06-14T10:59:15.552940,1,51,26,206,-0.05,0.7,neutral
post_000322,Hospital wait times are crazy in Manhattan. So many people with respiratory issues today.,health_concern,manhattan,Manhattan,2025-06-14T10:59:15.552940,123,75,33,414,-0.05,0.7,neutral
post_000323,Basement flooded AGAIN in Harlem. City needs better drainage infrastructure! #FloodDamage,flood_concern,manhattan,Harlem,2025-05-17T10:59:15.552940,29,85,3,290,0.625,0.5,positive
post_000324,Basement flooded AGAIN in Midtown. City needs better drainage infrastructure! #FloodDamage,flood_concern,manhattan,Midtown,2025-05-01T10:59:15.552940,299,89,23,612,0.625,0.5,positive
post_000325,Chemical smell in Crownheights - anyone else notice this? Worried about health impacts. #Environmental,environmental_concern,brooklyn,Crownheights,2025-08-12T10:59:15.552940,357,4,24,417,0.0,0.0,neutral
post_000326,Hospital wait times are crazy in Statenisland. So many people with respiratory issues today.,health_concern,staten_island,Statenisland,2025-08-08T10:59:15.553990,234,19,45,381,-0.05,0.7,neutral
post_000327,Chemical smell in Jackson Heights - anyone else notice this? Worried about health impacts. #Environmental,environmental_concern,queens,Jackson Heights,2025-07-01T10:59:15.553990,350,65,7,559,0.0,0.0,neutral
post_000328,Air quality alert for Lowereastside - staying indoors today. #AirPollution #EnvironmentalHealth,environmental_concern,manhattan,Lowereastside,2025-05-24T10:59:15.553990,334,27,29,473,0.0,0.0,neutral
post_000329,Subway station at New Dorp completely flooded. How are we supposed to get to work? #MTAFlooding,flood_concern,staten_island,New Dorp,2025-09-09T10:59:15.553990,419,95,39,782,0.118,0.427,positive
post_000330,Asthma attacks increasing in our neighborhood. Something needs to be done about New Dorp air quality.,health_concern,staten_island,New Dorp,2025-09-28T10:59:15.553990,352,18,17,440,0.136,0.455,positive
post_000331,Storm surge warnings for Lowereastside. Time to move everything upstairs again. #StormSurge,flood_concern,manhattan,Lowereastside,2025-08-06T10:59:15.553990,229,19,27,340,0.0,0.0,neutral
post_000332,Hospital wait times are crazy in St George. So many people with respiratory issues today.,health_concern,staten_island,St George,2025-09-17T10:59:15.554991,392,84,38,720,-0.05,0.7,neutral
post_000333,Subway station at New Dorp completely flooded. How are we supposed to get to work? #MTAFlooding,flood_concern,staten_island,New Dorp,2025-07-22T10:59:15.554991,437,76,29,723,0.118,0.427,positive
post_000334,Basement flooded AGAIN in Uppereastside. City needs better drainage infrastructure! #FloodDamage,flood_concern,manhattan,Uppereastside,2025-08-26T10:59:15.554991,230,25,26,357,0.625,0.5,positive
post_000335,Storm surge warnings for Manhattan. Time to move everything upstairs again. #StormSurge,flood_concern,manhattan,Manhattan,2025-08-16T10:59:15.554991,287,13,36,398,0.0,0.0,neutral
post_000336,Third time this month - Uppereastside streets are underwater after heavy rain. #UrbanFlooding,flood_concern,manhattan,Uppereastside,2025-10-05T10:59:15.554991,233,88,12,521,-0.1,0.25,neutral
post_000337,Air quality is terrible in Manhattan today. My asthma is acting up again. #NYC #AirQuality,health_concern,manhattan,Manhattan,2025-07-23T10:59:15.554991,76,48,50,320,-0.5,0.5,negative
post_000338,Basement flooded AGAIN in Lowereastside. City needs better drainage infrastructure! #FloodDamage,flood_concern,manhattan,Lowereastside,2025-09-22T10:59:15.555992,466,92,49,840,0.625,0.5,positive
post_000339,Storm surge warnings for Uppereastside. Time to move everything upstairs again. #StormSurge,flood_concern,manhattan,Uppereastside,2025-05-30T10:59:15.555992,227,3,31,298,0.0,0.0,neutral
post_000340,Air quality alert for Brooklyn - staying indoors today. #AirPollution #EnvironmentalHealth,environmental_concern,brooklyn,Brooklyn,2025-07-01T10:59:15.555992,61,99,30,418,0.0,0.0,neutral
post_000341,Asthma attacks increasing in our neighborhood. Something needs to be done about Queens air quality.,health_concern,queens,Queens,2025-06-27T10:59:15.555992,90,99,12,411,0.0,0.0,neutral
post_000342,Asthma attacks increasing in our neighborhood. Something needs to be done about Mott Haven air quality.,health_concern,bronx,Mott Haven,2025-08-20T10:59:15.555992,401,13,18,476,0.0,0.0,neutral
post_000343,Air quality is terrible in New Dorp today. My asthma is acting up again. #NYC #AirQuality,health_concern,staten_island,New Dorp,2025-08-31T10:59:15.555992,186,96,21,516,-0.288,0.485,negative
post_000344,Air quality alert for Elmhurst - staying indoors today. #AirPollution #EnvironmentalHealth,environmental_concern,queens,Elmhurst,2025-09-04T10:59:15.556990,220,42,28,402,0.0,0.0,neutral
post_000345,Heat wave hitting Bedstuy hard. Elderly neighbors struggling without AC. #ClimateChange,environmental_concern,brooklyn,Bedstuy,2025-09-13T10:59:15.556990,497,38,42,695,-0.292,0.542,negative
post_000346,"Green space in Astoria being destroyed for development. We need more trees, not less! #Environment",environmental_concern,queens,Astoria,2025-04-24T10:59:15.556990,338,83,11,609,0.135,0.289,positive
post_000347,Air quality alert for Lowereastside - staying indoors today. #AirPollution #EnvironmentalHealth,environmental_concern,manhattan,Lowereastside,2025-05-17T10:59:15.556990,403,80,13,669,0.0,0.0,neutral
post_000348,Asthma attacks increasing in our neighborhood. Something needs to be done about Flushing air quality.,health_concern,queens,Flushing,2025-08-13T10:59:15.556990,324,81,12,591,0.0,0.0,neutral
post_000349,Asthma attacks increasing in our neighborhood. Something needs to be done about St George air quality.,health_concern,staten_island,St George,2025-08-09T10:59:15.557991,89,57,35,330,0.0,0.0,neutral
post_000350,"Green space in Southbronx being destroyed for development. We need more trees, not less! #Environment",environmental_concern,bronx,Southbronx,2025-06-09T10:59:15.557991,152,61,12,359,0.135,0.289,positive
post_000351,Kids can't play outside in Queens - air quality index is through the roof! #HealthAlert,health_concern,queens,Queens,2025-05-26T10:59:15.557991,244,89,19,549,0.0,0.05,neutral
post_000352,Subway station at Jackson Heights completely flooded. How are we supposed to get to work? #MTAFlooding,flood_concern,queens,Jackson Heights,2025-08-17T10:59:15.557991,34,42,43,246,0.1,0.4,neutral
post_000353,Subway station at Williamsburg completely flooded. How are we supposed to get to work? #MTAFlooding,flood_concern,brooklyn,Williamsburg,2025-06-06T10:59:15.557991,24,80,1,266,0.1,0.4,neutral
post_000354,"Green space in Tottenville being destroyed for development. We need more trees, not less! #Environment",environmental_concern,staten_island,Tottenville,2025-09-10T10:59:15.558993,167,13,4,214,0.135,0.289,positive
post_000355,Another trip to the ER because of breathing problems. When will Harlem address the air pollution? #PublicHealth,health_concern,manhattan,Harlem,2025-07-29T10:59:15.558993,314,33,32,477,0.0,0.0,neutral
post_000356,Subway station at Elmhurst completely flooded. How are we supposed to get to work? #MTAFlooding,flood_concern,queens,Elmhurst,2025-06-11T10:59:15.558993,185,5,14,228,0.1,0.4,neutral
post_000357,Asthma attacks increasing in our neighborhood. Something needs to be done about Chinatown air quality.,health_concern,manhattan,Chinatown,2025-10-02T10:59:15.558993,314,83,15,593,0.0,0.0,neutral
post_000358,Hospital wait times are crazy in Manhattan. So many people with respiratory issues today.,health_concern,manhattan,Manhattan,2025-06-01T10:59:15.558993,75,95,38,436,-0.05,0.7,neutral
post_000359,Subway station at Southbronx completely flooded. How are we supposed to get to work? #MTAFlooding,flood_concern,bronx,Southbronx,2025-07-12T10:59:15.559990,476,84,44,816,0.1,0.4,neutral
post_000360,Street flooding again in Mott Haven! This happens every time it rains. #Flooding #NYC,flood_concern,bronx,Mott Haven,2025-08-16T10:59:15.559990,166,87,35,497,0.0,0.0,neutral
post_000361,Air quality alert for Parkslope - staying indoors today. #AirPollution #EnvironmentalHealth,environmental_concern,brooklyn,Parkslope,2025-04-17T10:59:15.559990,378,46,50,616,0.0,0.0,neutral
post_000362,Basement flooded AGAIN in Elmhurst. City needs better drainage infrastructure! #FloodDamage,flood_concern,queens,Elmhurst,2025-05-03T10:59:15.559990,357,28,7,455,0.625,0.5,positive
post_000363,Heat wave hitting New Dorp hard. Elderly neighbors struggling without AC. #ClimateChange,environmental_concern,staten_island,New Dorp,2025-07-16T10:59:15.559990,272,18,40,406,-0.078,0.498,neutral
post_000364,Basement flooded AGAIN in Manhattan. City needs better drainage infrastructure! #FloodDamage,flood_concern,manhattan,Manhattan,2025-08-15T10:59:15.559990,355,14,0,397,0.625,0.5,positive
post_000365,Asthma attacks increasing in our neighborhood. Something needs to be done about St George air quality.,health_concern,staten_island,St George,2025-07-10T10:59:15.560994,431,22,32,561,0.0,0.0,neutral
post_000366,Third time this month - Jackson Heights streets are underwater after heavy rain. #UrbanFlooding,flood_concern,queens,Jackson Heights,2025-07-19T10:59:15.560994,359,50,2,513,-0.1,0.25,neutral
post_000367,Street flooding again in Tottenville! This happens every time it rains. #Flooding #NYC,flood_concern,staten_island,Tottenville,2025-04-28T10:59:15.560994,325,42,16,483,0.0,0.0,neutral
post_000368,Basement flooded AGAIN in Tottenville. City needs better drainage infrastructure! #FloodDamage,flood_concern,staten_island,Tottenville,2025-07-03T10:59:15.560994,457,14,15,529,0.625,0.5,positive
post_000369,Third time this month - Williamsburg streets are underwater after heavy rain. #UrbanFlooding,flood_concern,brooklyn,Williamsburg,2025-04-24T10:59:15.560994,295,43,44,512,-0.1,0.25,neutral
post_000370,Kids can't play outside in Midtown - air quality index is through the roof! #HealthAlert,health_concern,manhattan,Midtown,2025-04-22T10:59:15.560994,394,26,25,522,0.0,0.05,neutral
post_000371,Chemical smell in Bronx - anyone else notice this? Worried about health impacts. #Environmental,environmental_concern,bronx,Bronx,2025-05-11T10:59:15.561991,489,95,24,822,0.0,0.0,neutral
post_000372,Chemical smell in Huntspoint - anyone else notice this? Worried about health impacts. #Environmental,environmental_concern,bronx,Huntspoint,2025-04-14T10:59:15.561991,87,36,13,221,0.0,0.0,neutral
post_000373,Asthma attacks increasing in our neighborhood. Something needs to be done about Chinatown air quality.,health_concern,manhattan,Chinatown,2025-05-17T10:59:15.561991,326,57,7,511,0.0,0.0,neutral
post_000374,Street flooding again in Tottenville! This happens every time it rains. #Flooding #NYC,flood_concern,staten_island,Tottenville,2025-06-22T10:59:15.561991,138,66,14,364,0.0,0.0,neutral
post_000375,Storm surge warnings for Bronx. Time to move everything upstairs again. #StormSurge,flood_concern,bronx,Bronx,2025-06-23T10:59:15.561991,34,100,45,424,0.0,0.0,neutral
post_000376,Basement flooded AGAIN in Queens. City needs better drainage infrastructure! #FloodDamage,flood_concern,queens,Queens,2025-09-11T10:59:15.562988,238,8,18,298,0.625,0.5,positive
post_000377,Street flooding again in St George! This happens every time it rains. #Flooding #NYC,flood_concern,staten_island,St George,2025-05-09T10:59:15.562988,213,41,7,350,0.0,0.0,neutral
post_000378,Heat wave hitting Tottenville hard. Elderly neighbors struggling without AC. #ClimateChange,environmental_concern,staten_island,Tottenville,2025-04-26T10:59:15.562988,247,33,41,428,-0.292,0.542,negative
post_000379,"Green space in St George being destroyed for development. We need more trees, not less! #Environment",environmental_concern,staten_island,St George,2025-05-17T10:59:15.562988,53,79,2,294,0.135,0.289,positive
post_000380,Air quality alert for Longislandcity - staying indoors today. #AirPollution #EnvironmentalHealth,environmental_concern,queens,Longislandcity,2025-04-22T10:59:15.562988,288,93,20,607,0.0,0.0,neutral
post_000381,Storm surge warnings for Midtown. Time to move everything upstairs again. #StormSurge,flood_concern,manhattan,Midtown,2025-09-13T10:59:15.562988,257,61,50,540,0.0,0.0,neutral
post_000382,Third time this month - Elmhurst streets are underwater after heavy rain. #UrbanFlooding,flood_concern,queens,Elmhurst,2025-05-21T10:59:15.563988,25,47,3,172,-0.1,0.25,neutral
post_000383,Chemical smell in Statenisland - anyone else notice this? Worried about health impacts. #Environmental,environmental_concern,staten_island,Statenisland,2025-08-02T10:59:15.563988,365,48,5,519,0.0,0.0,neutral
post_000384,Air quality is terrible in Crownheights today. My asthma is acting up again. #NYC #AirQuality,health_concern,brooklyn,Crownheights,2025-09-20T10:59:15.563988,484,61,31,729,-0.5,0.5,negative
post_000385,"Green space in Flushing being destroyed for development. We need more trees, not less! #Environment",environmental_concern,queens,Flushing,2025-08-29T10:59:15.563988,128,96,12,440,0.135,0.289,positive
post_000386,Heat wave hitting Lowereastside hard. Elderly neighbors struggling without AC. #ClimateChange,environmental_concern,manhattan,Lowereastside,2025-08-23T10:59:15.563988,462,62,35,718,-0.292,0.542,negative
post_000387,Air quality is terrible in St George today. My breathing problems is acting up again. #NYC #AirQuality,health_concern,staten_island,St George,2025-05-16T10:59:15.564951,111,87,23,418,-0.5,0.5,negative
post_000388,Street flooding again in Mott Haven! This happens every time it rains. #Flooding #NYC,flood_concern,bronx,Mott Haven,2025-09-13T10:59:15.564951,5,17,1,58,0.0,0.0,neutral
post_000389,Street flooding again in New Dorp! This happens every time it rains. #Flooding #NYC,flood_concern,staten_island,New Dorp,2025-05-06T10:59:15.565398,424,49,49,669,0.17,0.455,positive
post_000390,Air quality is terrible in St George today. My asthma is acting up again. #NYC #AirQuality,health_concern,staten_island,St George,2025-07-28T10:59:15.565720,73,14,17,149,-0.5,0.5,negative
post_000391,Hospital wait times are crazy in Flushing. So many people with respiratory issues today.,health_concern,queens,Flushing,2025-09-24T10:59:15.565720,357,52,7,527,-0.05,0.7,neutral
post_000392,Chemical smell in Jackson Heights - anyone else notice this? Worried about health impacts. #Environmental,environmental_concern,queens,Jackson Heights,2025-08-05T10:59:15.565720,406,52,33,628,0.0,0.0,neutral
post_000393,Subway station at Elmhurst completely flooded. How are we supposed to get to work? #MTAFlooding,flood_concern,queens,Elmhurst,2025-04-27T10:59:15.565720,221,29,35,378,0.1,0.4,neutral
post_000394,Subway station at Midtown completely flooded. How are we supposed to get to work? #MTAFlooding,flood_concern,manhattan,Midtown,2025-04-20T10:59:15.566956,198,80,25,488,0.1,0.4,neutral
post_000395,Third time this month - Parkslope streets are underwater after heavy rain. #UrbanFlooding,flood_concern,brooklyn,Parkslope,2025-07-15T10:59:15.566956,320,83,43,655,-0.1,0.25,neutral
post_000396,Storm surge warnings for New Dorp. Time to move everything upstairs again. #StormSurge,flood_concern,staten_island,New Dorp,2025-08-13T10:59:15.566956,26,72,46,334,0.136,0.455,positive
post_000397,Air quality is terrible in Astoria today. My allergies is acting up again. #NYC #AirQuality,health_concern,queens,Astoria,2025-05-04T10:59:15.566956,456,91,4,737,-0.5,0.5,negative
post_000398,"Green space in Dumbo being destroyed for development. We need more trees, not less! #Environment",environmental_concern,brooklyn,Dumbo,2025-04-15T10:59:15.566956,241,99,50,638,0.135,0.289,positive
post_000399,Chemical smell in Lowereastside - anyone else notice this? Worried about health impacts. #Environmental,environmental_concern,manhattan,Lowereastside,2025-06-13T10:59:15.566956,276,67,45,567,0.0,0.0,neutral
post_000400,Asthma attacks increasing in our neighborhood. Something needs to be done about Elmhurst air quality.,health_concern,queens,Elmhurst,2025-09-09T10:59:15.567995,45,37,44,244,0.0,0.0,neutral
post_000401,Basement flooded AGAIN in Bedstuy. City needs better drainage infrastructure! #FloodDamage,flood_concern,brooklyn,Bedstuy,2025-04-28T10:59:15.567995,431,77,7,676,0.625,0.5,positive
post_000402,Chemical smell in Fordham - anyone else notice this? Worried about health impacts. #Environmental,environmental_concern,bronx,Fordham,2025-07-25T10:59:15.567995,22,26,11,122,0.0,0.0,neutral
post_000403,Street flooding again in Mott Haven! This happens every time it rains. #Flooding #NYC,flood_concern,bronx,Mott Haven,2025-09-24T10:59:15.567995,4,85,8,275,0.0,0.0,neutral
post_000404,"Green space in Brooklyn being destroyed for development. We need more trees, not less! #Environment",environmental_concern,brooklyn,Brooklyn,2025-06-07T10:59:15.569004,338,19,37,469,0.135,0.289,positive
post_000405,Hospital wait times are crazy in Flushing. So many people with respiratory issues today.,health_concern,queens,Flushing,2025-10-02T10:59:15.569004,89,17,20,180,-0.05,0.7,neutral
post_000406,"Green space in Fordham being destroyed for development. We need more trees, not less! #Environment",environmental_concern,bronx,Fordham,2025-07-19T10:59:15.569004,153,34,48,351,0.135,0.289,positive
post_000407,Kids can't play outside in Huntspoint - air quality index is through the roof! #HealthAlert,health_concern,bronx,Huntspoint,2025-07-17T10:59:15.569004,422,91,6,707,0.0,0.05,neutral
post_000408,Chemical smell in Fordham - anyone else notice this? Worried about health impacts. #Environmental,environmental_concern,bronx,Fordham,2025-04-15T10:59:15.569004,408,16,10,476,0.0,0.0,neutral
post_000409,Air quality is terrible in Manhattan today. My allergies is acting up again. #NYC #AirQuality,health_concern,manhattan,Manhattan,2025-04-18T10:59:15.570004,464,21,35,597,-0.5,0.5,negative
post_000410,"Green space in Elmhurst being destroyed for development. We need more trees, not less! #Environment",environmental_concern,queens,Elmhurst,2025-07-28T10:59:15.570004,419,76,11,669,0.135,0.289,positive
post_000411,Construction dust in Uppereastside is making everyone sick. Where's the oversight? #Pollution,environmental_concern,manhattan,Uppereastside,2025-09-05T10:59:15.570004,393,12,25,479,-0.714,0.857,negative
post_000412,Subway station at Statenisland completely flooded. How are we supposed to get to work? #MTAFlooding,flood_concern,staten_island,Statenisland,2025-05-03T10:59:15.570004,316,47,46,549,0.1,0.4,neutral
post_000413,Air quality alert for Huntspoint - staying indoors today. #AirPollution #EnvironmentalHealth,environmental_concern,bronx,Huntspoint,2025-05-04T10:59:15.570004,120,52,2,280,0.0,0.0,neutral
post_000414,Asthma attacks increasing in our neighborhood. Something needs to be done about Statenisland air quality.,health_concern,staten_island,Statenisland,2025-06-12T10:59:15.570004,172,79,0,409,0.0,0.0,neutral
post_000415,"Green space in Bronx being destroyed for development. We need more trees, not less! #Environment",environmental_concern,bronx,Bronx,2025-09-09T10:59:15.571010,426,25,23,547,0.135,0.289,positive
post_000416,Chemical smell in Elmhurst - anyone else notice this? Worried about health impacts. #Environmental,environmental_concern,queens,Elmhurst,2025-04-30T10:59:15.571010,348,65,35,613,0.0,0.0,neutral
post_000417,Kids can't play outside in Elmhurst - air quality index is through the roof! #HealthAlert,health_concern,queens,Elmhurst,2025-09-12T10:59:15.571010,485,8,21,551,0.0,0.05,neutral
post_000418,Storm surge warnings for New Dorp. Time to move everything upstairs again. #StormSurge,flood_concern,staten_island,New Dorp,2025-04-29T10:59:15.571010,449,68,34,721,0.136,0.455,positive
post_000419,Heat wave hitting Flushing hard. Elderly neighbors struggling without AC. #ClimateChange,environmental_concern,queens,Flushing,2025-08-17T10:59:15.571010,239,95,30,584,-0.292,0.542,negative
post_000420,Air quality alert for Astoria - staying indoors today. #AirPollution #EnvironmentalHealth,environmental_concern,queens,Astoria,2025-07-22T10:59:15.572005,258,58,37,506,0.0,0.0,neutral
post_000421,Heat wave hitting Harlem hard. Elderly neighbors struggling without AC. #ClimateChange,environmental_concern,manhattan,Harlem,2025-08-16T10:59:15.572005,112,7,18,169,-0.292,0.542,negative
post_000422,Air quality alert for Huntspoint - staying indoors today. #AirPollution #EnvironmentalHealth,environmental_concern,bronx,Huntspoint,2025-04-18T10:59:15.572005,71,12,49,205,0.0,0.0,neutral
post_000423,Chemical smell in Mott Haven - anyone else notice this? Worried about health impacts. #Environmental,environmental_concern,bronx,Mott Haven,2025-05-29T10:59:15.572005,169,12,32,269,0.0,0.0,neutral
post_000424,Asthma attacks increasing in our neighborhood. Something needs to be done about Mott Haven air quality.,health_concern,bronx,Mott Haven,2025-06-08T10:59:15.572005,328,65,38,599,0.0,0.0,neutral
post_000425,Hospital wait times are crazy in Southbronx. So many people with respiratory issues today.,health_concern,bronx,Southbronx,2025-08-07T10:59:15.572005,94,94,45,466,-0.05,0.7,neutral
post_000426,Basement flooded AGAIN in Williamsburg. City needs better drainage infrastructure! #FloodDamage,flood_concern,brooklyn,Williamsburg,2025-06-05T10:59:15.573009,156,16,26,256,0.625,0.5,positive
post_000427,Air quality alert for Southbronx - staying indoors today. #AirPollution #EnvironmentalHealth,environmental_concern,bronx,Southbronx,2025-06-09T10:59:15.573009,307,10,28,393,0.0,0.0,neutral
post_000428,Air quality is terrible in Crownheights today. My cough is acting up again. #NYC #AirQuality,health_concern,brooklyn,Crownheights,2025-08-03T10:59:15.573009,154,35,21,301,-0.5,0.5,negative
post_000429,Air quality is terrible in Queens today. My asthma is acting up again. #NYC #AirQuality,health_concern,queens,Queens,2025-09-11T10:59:15.573009,288,85,36,615,-0.5,0.5,negative
post_000430,Heat wave hitting Flushing hard. Elderly neighbors struggling without AC. #ClimateChange,environmental_concern,queens,Flushing,2025-04-20T10:59:15.573009,475,17,0,526,-0.292,0.542,negative
post_000431,Another trip to the ER because of allergies. When will Huntspoint address the air pollution? #PublicHealth,health_concern,bronx,Huntspoint,2025-09-09T10:59:15.574008,183,65,28,434,0.0,0.0,neutral
post_000432,"Green space in Williamsburg being destroyed for development. We need more trees, not less! #Environment",environmental_concern,brooklyn,Williamsburg,2025-05-16T10:59:15.574008,272,42,40,478,0.135,0.289,positive
post_000433,Construction dust in St George is making everyone sick. Where's the oversight? #Pollution,environmental_concern,staten_island,St George,2025-06-04T10:59:15.574008,404,22,5,480,-0.714,0.857,negative
post_000434,Another trip to the ER because of allergies. When will Dumbo address the air pollution? #PublicHealth,health_concern,brooklyn,Dumbo,2025-04-14T10:59:15.574008,363,20,35,493,0.0,0.0,neutral
post_000435,Basement flooded AGAIN in Statenisland. City needs better drainage infrastructure! #FloodDamage,flood_concern,staten_island,Statenisland,2025-09-22T10:59:15.574008,370,100,42,754,0.625,0.5,positive
post_000436,Subway station at Uppereastside completely flooded. How are we supposed to get to work? #MTAFlooding,flood_concern,manhattan,Uppereastside,2025-04-26T10:59:15.574008,104,97,42,479,0.1,0.4,neutral
post_000437,Hospital wait times are crazy in Bedstuy. So many people with respiratory issues today.,health_concern,brooklyn,Bedstuy,2025-06-27T10:59:15.575007,163,75,27,442,-0.05,0.7,neutral
post_000438,Construction dust in Statenisland is making everyone sick. Where's the oversight? #Pollution,environmental_concern,staten_island,Statenisland,2025-05-16T10:59:15.575007,302,70,13,538,-0.714,0.857,negative
post_000439,Heat wave hitting Tottenville hard. Elderly neighbors struggling without AC. #ClimateChange,environmental_concern,staten_island,Tottenville,2025-08-24T10:59:15.575007,213,82,33,525,-0.292,0.542,negative
post_000440,Air quality is terrible in St George today. My cough is acting up again. #NYC #AirQuality,health_concern,staten_island,St George,2025-07-20T10:59:15.575007,161,82,24,455,-0.5,0.5,negative
post_000441,Air quality is terrible in Williamsburg today. My asthma is acting up again. #NYC #AirQuality,health_concern,brooklyn,Williamsburg,2025-08-30T10:59:15.575007,431,57,17,636,-0.5,0.5,negative
post_000442,Air quality alert for Statenisland - staying indoors today. #AirPollution #EnvironmentalHealth,environmental_concern,staten_island,Statenisland,2025-09-30T10:59:15.576006,202,83,15,481,0.0,0.0,neutral
post_000443,Kids can't play outside in Tottenville - air quality index is through the roof! #HealthAlert,health_concern,staten_island,Tottenville,2025-06-05T10:59:15.576006,227,33,47,420,0.0,0.05,neutral
post_000444,Storm surge warnings for Lowereastside. Time to move everything upstairs again. #StormSurge,flood_concern,manhattan,Lowereastside,2025-06-24T10:59:15.576006,497,31,3,596,0.0,0.0,neutral
post_000445,Kids can't play outside in Lowereastside - air quality index is through the roof! #HealthAlert,health_concern,manhattan,Lowereastside,2025-10-07T10:59:15.576006,304,85,1,561,0.0,0.05,neutral
post_000446,Subway station at Statenisland completely flooded. How are we supposed to get to work? #MTAFlooding,flood_concern,staten_island,Statenisland,2025-05-24T10:59:15.576006,203,1,12,230,0.1,0.4,neutral
post_000447,Hospital wait times are crazy in Manhattan. So many people with respiratory issues today.,health_concern,manhattan,Manhattan,2025-08-12T10:59:15.576006,61,29,18,184,-0.05,0.7,neutral
post_000448,Subway station at Bronx completely flooded. How are we supposed to get to work? #MTAFlooding,flood_concern,bronx,Bronx,2025-08-23T10:59:15.577006,202,100,36,574,0.1,0.4,neutral
post_000449,Third time this month - Flushing streets are underwater after heavy rain. #UrbanFlooding,flood_concern,queens,Flushing,2025-04-30T10:59:15.577006,458,7,25,529,-0.1,0.25,neutral
post_000450,Chemical smell in Midtown - anyone else notice this? Worried about health impacts. #Environmental,environmental_concern,manhattan,Midtown,2025-10-04T10:59:15.577006,428,54,43,676,0.0,0.0,neutral
post_000451,Heat wave hitting Queens hard. Elderly neighbors struggling without AC. #ClimateChange,environmental_concern,queens,Queens,2025-06-26T10:59:15.577006,461,79,30,758,-0.292,0.542,negative
post_000452,Storm surge warnings for Bronx. Time to move everything upstairs again. #StormSurge,flood_concern,bronx,Bronx,2025-07-28T10:59:15.577006,272,30,26,414,0.0,0.0,neutral
post_000453,Air quality alert for Longislandcity - staying indoors today. #AirPollution #EnvironmentalHealth,environmental_concern,queens,Longislandcity,2025-04-17T10:59:15.578009,245,34,50,447,0.0,0.0,neutral
post_000454,Air quality alert for Williamsburg - staying indoors today. #AirPollution #EnvironmentalHealth,environmental_concern,brooklyn,Williamsburg,2025-07-15T10:59:15.578009,439,43,47,662,0.0,0.0,neutral
post_000455,Basement flooded AGAIN in Longislandcity. City needs better drainage infrastructure! #FloodDamage,flood_concern,queens,Longislandcity,2025-09-09T10:59:15.578009,434,93,48,809,0.625,0.5,positive
post_000456,Asthma attacks increasing in our neighborhood. Something needs to be done about Brooklyn air quality.,health_concern,brooklyn,Brooklyn,2025-08-02T10:59:15.578009,48,73,13,293,0.0,0.0,neutral
post_000457,Asthma attacks increasing in our neighborhood. Something needs to be done about Uppereastside air quality.,health_concern,manhattan,Uppereastside,2025-07-31T10:59:15.578009,437,56,5,615,0.0,0.0,neutral
post_000458,Asthma attacks increasing in our neighborhood. Something needs to be done about Jackson Heights air quality.,health_concern,queens,Jackson Heights,2025-08-25T10:59:15.578009,261,56,6,441,0.0,0.0,neutral
post_000459,Street flooding again in Bedstuy! This happens every time it rains. #Flooding #NYC,flood_concern,brooklyn,Bedstuy,2025-09-23T10:59:15.579005,62,6,35,150,0.0,0.0,neutral
post_000460,Third time this month - Parkslope streets are underwater after heavy rain. #UrbanFlooding,flood_concern,brooklyn,Parkslope,2025-05-17T10:59:15.579005,252,61,17,469,-0.1,0.25,neutral
post_000461,Chemical smell in Manhattan - anyone else notice this? Worried about health impacts. #Environmental,environmental_concern,manhattan,Manhattan,2025-06-09T10:59:15.579005,156,56,23,370,0.0,0.0,neutral
post_000462,Construction dust in Fordham is making everyone sick. Where's the oversight? #Pollution,environmental_concern,bronx,Fordham,2025-07-31T10:59:15.579005,84,20,0,144,-0.714,0.857,negative
post_000463,Construction dust in Astoria is making everyone sick. Where's the oversight? #Pollution,environmental_concern,queens,Astoria,2025-08-22T10:59:15.579005,293,36,34,469,-0.714,0.857,negative
post_000464,"Green space in Flushing being destroyed for development. We need more trees, not less! #Environment",environmental_concern,queens,Flushing,2025-06-21T10:59:15.579005,290,80,29,588,0.135,0.289,positive
post_000465,Construction dust in Harlem is making everyone sick. Where's the oversight? #Pollution,environmental_concern,manhattan,Harlem,2025-07-16T10:59:15.580015,32,45,3,173,-0.714,0.857,negative
post_000466,Kids can't play outside in Longislandcity - air quality index is through the roof! #HealthAlert,health_concern,queens,Longislandcity,2025-06-13T10:59:15.580015,285,92,35,631,0.0,0.05,neutral
post_000467,Air quality is terrible in Uppereastside today. My allergies is acting up again. #NYC #AirQuality,health_concern,manhattan,Uppereastside,2025-09-10T10:59:15.580015,399,22,45,555,-0.5,0.5,negative
post_000468,Storm surge warnings for Crownheights. Time to move everything upstairs again. #StormSurge,flood_concern,brooklyn,Crownheights,2025-09-14T10:59:15.580015,81,5,32,160,0.0,0.0,neutral
post_000469,Chemical smell in Midtown - anyone else notice this? Worried about health impacts. #Environmental,environmental_concern,manhattan,Midtown,2025-05-29T10:59:15.580015,14,88,16,310,0.0,0.0,neutral
post_000470,Chemical smell in Mott Haven - anyone else notice this? Worried about health impacts. #Environmental,environmental_concern,bronx,Mott Haven,2025-04-25T10:59:15.580015,344,75,9,587,0.0,0.0,neutral
post_000471,Another trip to the ER because of asthma. When will Crownheights address the air pollution? #PublicHealth,health_concern,brooklyn,Crownheights,2025-08-25T10:59:15.581006,369,53,37,602,0.0,0.0,neutral
post_000472,Chemical smell in Williamsburg - anyone else notice this? Worried about health impacts. #Environmental,environmental_concern,brooklyn,Williamsburg,2025-10-11T10:59:15.581006,369,0,50,469,0.0,0.0,neutral
post_000473,Construction dust in Statenisland is making everyone sick. Where's the oversight? #Pollution,environmental_concern,staten_island,Statenisland,2025-09-28T10:59:15.581006,1,99,20,338,-0.714,0.857,negative
post_000474,Another trip to the ER because of allergies. When will Midtown address the air pollution? #PublicHealth,health_concern,manhattan,Midtown,2025-06-26T10:59:15.581006,220,88,17,518,0.0,0.0,neutral
post_000475,Hospital wait times are crazy in New Dorp. So many people with respiratory issues today.,health_concern,staten_island,New Dorp,2025-05-26T10:59:15.581006,71,64,36,335,0.012,0.618,neutral
post_000476,Heat wave hitting Dumbo hard. Elderly neighbors struggling without AC. #ClimateChange,environmental_concern,brooklyn,Dumbo,2025-08-07T10:59:15.582282,92,23,39,239,-0.292,0.542,negative
post_000477,Asthma attacks increasing in our neighborhood. Something needs to be done about Mott Haven air quality.,health_concern,bronx,Mott Haven,2025-05-12T10:59:15.582282,431,42,26,609,0.0,0.0,neutral
post_000478,Storm surge warnings for Flushing. Time to move everything upstairs again. #StormSurge,flood_concern,queens,Flushing,2025-07-05T10:59:15.582282,458,38,15,602,0.0,0.0,neutral
post_000479,Air quality alert for Parkslope - staying indoors today. #AirPollution #EnvironmentalHealth,environmental_concern,brooklyn,Parkslope,2025-07-29T10:59:15.582282,354,34,36,528,0.0,0.0,neutral
post_000480,Kids can't play outside in Jackson Heights - air quality index is through the roof! #HealthAlert,health_concern,queens,Jackson Heights,2025-06-02T10:59:15.583340,461,71,3,680,0.0,0.05,neutral
post_000481,Basement flooded AGAIN in Tottenville. City needs better drainage infrastructure! #FloodDamage,flood_concern,staten_island,Tottenville,2025-06-17T10:59:15.583340,194,16,37,316,0.625,0.5,positive
post_000482,Heat wave hitting Statenisland hard. Elderly neighbors struggling without AC. #ClimateChange,environmental_concern,staten_island,Statenisland,2025-07-28T10:59:15.583340,423,0,32,487,-0.292,0.542,negative
post_000483,Construction dust in Longislandcity is making everyone sick. Where's the oversight? #Pollution,environmental_concern,queens,Longislandcity,2025-06-29T10:59:15.583340,207,52,19,401,-0.714,0.857,negative
post_000484,Basement flooded AGAIN in Bronx. City needs better drainage infrastructure! #FloodDamage,flood_concern,bronx,Bronx,2025-07-08T10:59:15.583340,256,71,40,549,0.625,0.5,positive
post_000485,Subway station at St George completely flooded. How are we supposed to get to work? #MTAFlooding,flood_concern,staten_island,St George,2025-09-28T10:59:15.583340,311,90,41,663,0.1,0.4,neutral
post_000486,Chemical smell in Uppereastside - anyone else notice this? Worried about health impacts. #Environmental,environmental_concern,manhattan,Uppereastside,2025-06-04T10:59:15.584335,399,14,9,459,0.0,0.0,neutral
post_000487,Storm surge warnings for Fordham. Time to move everything upstairs again. #StormSurge,flood_concern,bronx,Fordham,2025-07-10T10:59:15.584335,155,40,29,333,0.0,0.0,neutral
post_000488,Third time this month - Harlem streets are underwater after heavy rain. #UrbanFlooding,flood_concern,manhattan,Harlem,2025-09-10T10:59:15.584335,156,68,23,406,-0.1,0.25,neutral
post_000489,Hospital wait times are crazy in Mott Haven. So many people with respiratory issues today.,health_concern,bronx,Mott Haven,2025-06-16T10:59:15.584335,366,16,6,426,-0.05,0.7,neutral
post_000490,Basement flooded AGAIN in Williamsburg. City needs better drainage infrastructure! #FloodDamage,flood_concern,brooklyn,Williamsburg,2025-06-18T10:59:15.584335,191,22,14,285,0.625,0.5,positive
post_000491,Street flooding again in New Dorp! This happens every time it rains. #Flooding #NYC,flood_concern,staten_island,New Dorp,2025-05-02T10:59:15.585334,159,23,14,256,0.17,0.455,positive
post_000492,Asthma attacks increasing in our neighborhood. Something needs to be done about Chinatown air quality.,health_concern,manhattan,Chinatown,2025-09-03T10:59:15.585334,205,96,21,535,0.0,0.0,neutral
post_000493,Kids can't play outside in Lowereastside - air quality index is through the roof! #HealthAlert,health_concern,manhattan,Lowereastside,2025-04-28T10:59:15.585334,222,62,4,416,0.0,0.05,neutral
post_000494,Street flooding again in Elmhurst! This happens every time it rains. #Flooding #NYC,flood_concern,queens,Elmhurst,2025-08-28T10:59:15.585334,456,61,43,725,0.0,0.0,neutral
post_000495,Air quality is terrible in Parkslope today. My cough is acting up again. #NYC #AirQuality,health_concern,brooklyn,Parkslope,2025-07-02T10:59:15.585334,92,97,28,439,-0.5,0.5,negative
post_000496,Subway station at Uppereastside completely flooded. How are we supposed to get to work? #MTAFlooding,flood_concern,manhattan,Uppereastside,2025-09-05T10:59:15.585334,155,37,25,316,0.1,0.4,neutral
post_000497,Storm surge warnings for Crownheights. Time to move everything upstairs again. #StormSurge,flood_concern,brooklyn,Crownheights,2025-04-15T10:59:15.586338,411,52,43,653,0.0,0.0,neutral
post_000498,Subway station at St George completely flooded. How are we supposed to get to work? #MTAFlooding,flood_concern,staten_island,St George,2025-07-31T10:59:15.586338,404,14,11,468,0.1,0.4,neutral
post_000499,Construction dust in Huntspoint is making everyone sick. Where's the oversight? #Pollution,environmental_concern,bronx,Huntspoint,2025-08-24T10:59:15.586338,365,17,9,434,-0.714,0.857,negative
post_000500,Construction dust in Tottenville is making everyone sick. Where's the oversight? #Pollution,environmental_concern,staten_island,Tottenville,2025-08-17T10:59:15.586338,386,29,10,493,-0.714,0.857,negative
post_000501,Asthma attacks increasing in our neighborhood. Something needs to be done about Chinatown air quality.,health_concern,manhattan,Chinatown,2025-07-01T10:59:15.586338,465,45,0,600,0.0,0.0,neutral
post_000502,Street flooding again in Jackson Heights! This happens every time it rains. #Flooding #NYC,flood_concern,queens,Jackson Heights,2025-04-30T10:59:15.586338,186,74,6,420,0.0,0.0,neutral
post_000503,Another trip to the ER because of breathing problems. When will Elmhurst address the air pollution? #PublicHealth,health_concern,queens,Elmhurst,2025-08-04T10:59:15.587334,49,37,9,178,0.0,0.0,neutral
post_000504,Asthma attacks increasing in our neighborhood. Something needs to be done about Bronx air quality.,health_concern,bronx,Bronx,2025-09-19T10:59:15.587334,80,24,2,156,0.0,0.0,neutral
post_000505,Chemical smell in Lowereastside - anyone else notice this? Worried about health impacts. #Environmental,environmental_concern,manhattan,Lowereastside,2025-06-19T10:59:15.587334,86,6,17,138,0.0,0.0,neutral
post_000506,Storm surge warnings for St George. Time to move everything upstairs again. #StormSurge,flood_concern,staten_island,St George,2025-10-03T10:59:15.587334,444,11,21,519,0.0,0.0,neutral
post_000507,Subway station at Williamsburg completely flooded. How are we supposed to get to work? #MTAFlooding,flood_concern,brooklyn,Williamsburg,2025-09-24T10:59:15.587334,405,59,14,610,0.1,0.4,neutral
post_000508,Hospital wait times are crazy in Statenisland. So many people with respiratory issues today.,health_concern,staten_island,Statenisland,2025-07-14T10:59:15.588335,185,62,43,457,-0.05,0.7,neutral
post_000509,Hospital wait times are crazy in Dumbo. So many people with respiratory issues today.,health_concern,brooklyn,Dumbo,2025-06-02T10:59:15.588335,108,36,7,230,-0.05,0.7,neutral
post_000510,Asthma attacks increasing in our neighborhood. Something needs to be done about Midtown air quality.,health_concern,manhattan,Midtown,2025-07-28T10:59:15.588335,93,93,23,418,0.0,0.0,neutral
post_000511,Heat wave hitting Bronx hard. Elderly neighbors struggling without AC. #ClimateChange,environmental_concern,bronx,Bronx,2025-07-05T10:59:15.588335,292,47,3,439,-0.292,0.542,negative
post_000512,Another trip to the ER because of asthma. When will Harlem address the air pollution? #PublicHealth,health_concern,manhattan,Harlem,2025-06-11T10:59:15.588335,189,50,10,359,0.0,0.0,neutral
post_000513,"Green space in Dumbo being destroyed for development. We need more trees, not less! #Environment",environmental_concern,brooklyn,Dumbo,2025-06-06T10:59:15.588335,272,8,15,326,0.135,0.289,positive
post_000514,Air quality is terrible in Mott Haven today. My allergies is acting up again. #NYC #AirQuality,health_concern,bronx,Mott Haven,2025-04-18T10:59:15.589335,97,48,6,253,-0.5,0.5,negative
post_000515,Asthma attacks increasing in our neighborhood. Something needs to be done about Elmhurst air quality.,health_concern,queens,Elmhurst,2025-05-05T10:59:15.589335,286,40,24,454,0.0,0.0,neutral
post_000516,Construction dust in Tottenville is making everyone sick. Where's the oversight? #Pollution,environmental_concern,staten_island,Tottenville,2025-04-22T10:59:15.589335,161,14,26,255,-0.714,0.857,negative
post_000517,Chemical smell in St George - anyone else notice this? Worried about health impacts. #Environmental,environmental_concern,staten_island,St George,2025-07-02T10:59:15.589335,489,25,38,640,0.0,0.0,neutral
post_000518,Heat wave hitting Jackson Heights hard. Elderly neighbors struggling without AC. #ClimateChange,environmental_concern,queens,Jackson Heights,2025-04-14T10:59:15.589335,361,39,26,530,-0.292,0.542,negative
post_000519,Subway station at Longislandcity completely flooded. How are we supposed to get to work? #MTAFlooding,flood_concern,queens,Longislandcity,2025-07-29T10:59:15.590338,381,63,32,634,0.1,0.4,neutral
post_000520,Storm surge warnings for Chinatown. Time to move everything upstairs again. #StormSurge,flood_concern,manhattan,Chinatown,2025-06-19T10:59:15.590338,320,39,34,505,0.0,0.0,neutral
post_000521,Air quality is terrible in New Dorp today. My asthma is acting up again. #NYC #AirQuality,health_concern,staten_island,New Dorp,2025-06-16T10:59:15.590338,290,79,8,543,-0.288,0.485,negative
post_000522,Asthma attacks increasing in our neighborhood. Something needs to be done about Bedstuy air quality.,health_concern,brooklyn,Bedstuy,2025-05-02T10:59:15.590338,32,66,12,254,0.0,0.0,neutral
post_000523,Another trip to the ER because of breathing problems. When will Queens address the air pollution? #PublicHealth,health_concern,queens,Queens,2025-06-28T10:59:15.590338,436,26,11,536,0.0,0.0,neutral
post_000524,Chemical smell in Crownheights - anyone else notice this? Worried about health impacts. #Environmental,environmental_concern,brooklyn,Crownheights,2025-07-11T10:59:15.590338,271,1,50,374,0.0,0.0,neutral
post_000525,Storm surge warnings for Lowereastside. Time to move everything upstairs again. #StormSurge,flood_concern,manhattan,Lowereastside,2025-07-03T10:59:15.591336,146,70,16,388,0.0,0.0,neutral
post_000526,Kids can't play outside in Southbronx - air quality index is through the roof! #HealthAlert,health_concern,bronx,Southbronx,2025-07-15T10:59:15.591336,480,57,3,657,0.0,0.05,neutral
post_000527,Hospital wait times are crazy in Crownheights. So many people with respiratory issues today.,health_concern,brooklyn,Crownheights,2025-09-29T10:59:15.591336,474,27,3,561,-0.05,0.7,neutral
post_000528,Construction dust in New Dorp is making everyone sick. Where's the oversight? #Pollution,environmental_concern,staten_island,New Dorp,2025-09-30T10:59:15.591336,426,59,49,701,-0.289,0.656,negative
post_000529,Air quality is terrible in Harlem today. My cough is acting up again. #NYC #AirQuality,health_concern,manhattan,Harlem,2025-10-03T10:59:15.591336,444,3,42,537,-0.5,0.5,negative
post_000530,Street flooding again in St George! This happens every time it rains. #Flooding #NYC,flood_concern,staten_island,St George,2025-09-06T10:59:15.592337,400,40,41,602,0.0,0.0,neutral
post_000531,Air quality is terrible in New Dorp today. My allergies is acting up again. #NYC #AirQuality,health_concern,staten_island,New Dorp,2025-04-18T10:59:15.592337,58,45,26,245,-0.288,0.485,negative
post_000532,Kids can't play outside in Flushing - air quality index is through the roof! #HealthAlert,health_concern,queens,Flushing,2025-07-28T10:59:15.592337,354,38,33,534,0.0,0.05,neutral
post_000533,Third time this month - New Dorp streets are underwater after heavy rain. #UrbanFlooding,flood_concern,staten_island,New Dorp,2025-07-25T10:59:15.592337,179,19,42,320,-0.021,0.318,neutral
post_000534,Third time this month - Uppereastside streets are underwater after heavy rain. #UrbanFlooding,flood_concern,manhattan,Uppereastside,2025-05-12T10:59:15.593337,34,58,11,230,-0.1,0.25,neutral
post_000535,Basement flooded AGAIN in Chinatown. City needs better drainage infrastructure! #FloodDamage,flood_concern,manhattan,Chinatown,2025-09-15T10:59:15.593337,83,37,38,270,0.625,0.5,positive
post_000536,Storm surge warnings for New Dorp. Time to move everything upstairs again. #StormSurge,flood_concern,staten_island,New Dorp,2025-07-05T10:59:15.593337,451,27,28,588,0.136,0.455,positive
post_000537,Third time this month - Brooklyn streets are underwater after heavy rain. #UrbanFlooding,flood_concern,brooklyn,Brooklyn,2025-06-03T10:59:15.593337,359,19,29,474,-0.1,0.25,neutral
post_000538,Kids can't play outside in Harlem - air quality index is through the roof! #HealthAlert,health_concern,manhattan,Harlem,2025-06-16T10:59:15.593337,257,63,31,508,0.0,0.05,neutral
post_000539,Heat wave hitting Southbronx hard. Elderly neighbors struggling without AC. #ClimateChange,environmental_concern,bronx,Southbronx,2025-07-30T10:59:15.593337,230,93,26,561,-0.292,0.542,negative
post_000540,Heat wave hitting Longislandcity hard. Elderly neighbors struggling without AC. #ClimateChange,environmental_concern,queens,Longislandcity,2025-06-12T10:59:15.594296,301,59,16,510,-0.292,0.542,negative
post_000541,Chemical smell in Williamsburg - anyone else notice this? Worried about health impacts. #Environmental,environmental_concern,brooklyn,Williamsburg,2025-06-27T10:59:15.594296,357,23,10,446,0.0,0.0,neutral
post_000542,Construction dust in New Dorp is making everyone sick. Where's the oversight? #Pollution,environmental_concern,staten_island,New Dorp,2025-10-11T10:59:15.594296,73,2,11,101,-0.289,0.656,negative
post_000543,"Green space in Jackson Heights being destroyed for development. We need more trees, not less! #Environment",environmental_concern,queens,Jackson Heights,2025-07-14T10:59:15.594296,366,10,21,438,0.135,0.289,positive
post_000544,Asthma attacks increasing in our neighborhood. Something needs to be done about Elmhurst air quality.,health_concern,queens,Elmhurst,2025-05-03T10:59:15.594296,13,42,5,149,0.0,0.0,neutral
post_000545,Storm surge warnings for St George. Time to move everything upstairs again. #StormSurge,flood_concern,staten_island,St George,2025-07-05T10:59:15.594296,228,21,22,335,0.0,0.0,neutral
post_000546,Air quality alert for Fordham - staying indoors today. #AirPollution #EnvironmentalHealth,environmental_concern,bronx,Fordham,2025-04-20T10:59:15.595341,190,2,39,274,0.0,0.0,neutral
post_000547,Chemical smell in Brooklyn - anyone else notice this? Worried about health impacts. #Environmental,environmental_concern,brooklyn,Brooklyn,2025-06-19T10:59:15.595341,235,61,28,474,0.0,0.0,neutral
post_000548,"Green space in Harlem being destroyed for development. We need more trees, not less! #Environment",environmental_concern,manhattan,Harlem,2025-06-16T10:59:15.595341,399,85,44,742,0.135,0.289,positive
post_000549,Air quality alert for Huntspoint - staying indoors today. #AirPollution #EnvironmentalHealth,environmental_concern,bronx,Huntspoint,2025-05-16T10:59:15.595341,290,32,3,392,0.0,0.0,neutral
post_000550,Subway station at Elmhurst completely flooded. How are we supposed to get to work? #MTAFlooding,flood_concern,queens,Elmhurst,2025-05-23T10:59:15.595341,345,95,31,692,0.1,0.4,neutral
post_000551,Another trip to the ER because of allergies. When will Jackson Heights address the air pollution? #PublicHealth,health_concern,queens,Jackson Heights,2025-06-07T10:59:15.595341,140,90,16,442,0.0,0.0,neutral
post_000552,Subway station at Tottenville completely flooded. How are we supposed to get to work? #MTAFlooding,flood_concern,staten_island,Tottenville,2025-05-11T10:59:15.596393,24,60,7,218,0.1,0.4,neutral
post_000553,"Green space in Flushing being destroyed for development. We need more trees, not less! #Environment",environmental_concern,queens,Flushing,2025-06-13T10:59:15.596393,204,89,40,551,0.135,0.289,positive
post_000554,Asthma attacks increasing in our neighborhood. Something needs to be done about Flushing air quality.,health_concern,queens,Flushing,2025-05-01T10:59:15.596393,145,44,15,307,0.0,0.0,neutral
post_000555,Hospital wait times are crazy in Mott Haven. So many people with respiratory issues today.,health_concern,bronx,Mott Haven,2025-05-05T10:59:15.597352,347,72,11,585,-0.05,0.7,neutral
post_000556,Street flooding again in Parkslope! This happens every time it rains. #Flooding #NYC,flood_concern,brooklyn,Parkslope,2025-07-28T10:59:15.597352,445,93,30,784,0.0,0.0,neutral
post_000557,Kids can't play outside in Southbronx - air quality index is through the roof! #HealthAlert,health_concern,bronx,Southbronx,2025-06-27T10:59:15.597352,211,83,13,486,0.0,0.05,neutral
post_000558,Air quality alert for Williamsburg - staying indoors today. #AirPollution #EnvironmentalHealth,environmental_concern,brooklyn,Williamsburg,2025-05-13T10:59:15.598364,16,98,24,358,0.0,0.0,neutral
post_000559,Asthma attacks increasing in our neighborhood. Something needs to be done about Chinatown air quality.,health_concern,manhattan,Chinatown,2025-10-08T10:59:15.598364,114,18,44,256,0.0,0.0,neutral
post_000560,Asthma attacks increasing in our neighborhood. Something needs to be done about Statenisland air quality.,health_concern,staten_island,Statenisland,2025-09-25T10:59:15.598796,145,85,34,468,0.0,0.0,neutral
post_000561,Asthma attacks increasing in our neighborhood. Something needs to be done about Southbronx air quality.,health_concern,bronx,Southbronx,2025-09-02T10:59:15.598796,372,99,7,683,0.0,0.0,neutral
post_000562,Construction dust in Bronx is making everyone sick. Where's the oversight? #Pollution,environmental_concern,bronx,Bronx,2025-09-25T10:59:15.598796,198,66,11,418,-0.714,0.857,negative
post_000563,Subway station at New Dorp completely flooded. How are we supposed to get to work? #MTAFlooding,flood_concern,staten_island,New Dorp,2025-09-28T10:59:15.598796,127,83,47,470,0.118,0.427,positive
post_000564,"Green space in Mott Haven being destroyed for development. We need more trees, not less! #Environment",environmental_concern,bronx,Mott Haven,2025-09-27T10:59:15.598796,40,41,20,203,0.135,0.289,positive
post_000565,Subway station at Manhattan completely flooded. How are we supposed to get to work? #MTAFlooding,flood_concern,manhattan,Manhattan,2025-05-04T10:59:15.598796,111,67,16,344,0.1,0.4,neutral
post_000566,Heat wave hitting Bronx hard. Elderly neighbors struggling without AC. #ClimateChange,environmental_concern,bronx,Bronx,2025-07-22T10:59:15.598796,328,34,5,440,-0.292,0.542,negative
post_000567,"Green space in Elmhurst being destroyed for development. We need more trees, not less! #Environment",environmental_concern,queens,Elmhurst,2025-08-14T10:59:15.598796,178,5,14,221,0.135,0.289,positive
post_000568,Air quality alert for New Dorp - staying indoors today. #AirPollution #EnvironmentalHealth,environmental_concern,staten_island,New Dorp,2025-08-21T10:59:15.598796,110,20,29,228,0.136,0.455,positive
post_000569,Chemical smell in Bronx - anyone else notice this? Worried about health impacts. #Environmental,environmental_concern,bronx,Bronx,2025-04-17T10:59:15.598796,485,76,25,763,0.0,0.0,neutral
post_000570,Heat wave hitting Huntspoint hard. Elderly neighbors struggling without AC. #ClimateChange,environmental_concern,bronx,Huntspoint,2025-04-20T10:59:15.598796,108,77,38,415,-0.292,0.542,negative
post_000571,Hospital wait times are crazy in Mott Haven. So many people with respiratory issues today.,health_concern,bronx,Mott Haven,2025-06-08T10:59:15.598796,244,29,13,357,-0.05,0.7,neutral
post_000572,Street flooding again in Flushing! This happens every time it rains. #Flooding #NYC,flood_concern,queens,Flushing,2025-06-14T10:59:15.598796,136,94,30,478,0.0,0.0,neutral
post_000573,Kids can't play outside in Flushing - air quality index is through the roof! #HealthAlert,health_concern,queens,Flushing,2025-07-13T10:59:15.598796,71,93,38,426,0.0,0.05,neutral
post_000574,Construction dust in Flushing is making everyone sick. Where's the oversight? #Pollution,environmental_concern,queens,Flushing,2025-08-13T10:59:15.598796,55,59,33,298,-0.714,0.857,negative
post_000575,Storm surge warnings for Bedstuy. Time to move everything upstairs again. #StormSurge,flood_concern,brooklyn,Bedstuy,2025-09-20T10:59:15.598796,320,91,13,619,0.0,0.0,neutral
post_000576,Kids can't play outside in Jackson Heights - air quality index is through the roof! #HealthAlert,health_concern,queens,Jackson Heights,2025-07-08T10:59:15.598796,363,63,16,584,0.0,0.05,neutral
post_000577,Kids can't play outside in Chinatown - air quality index is through the roof! #HealthAlert,health_concern,manhattan,Chinatown,2025-07-02T10:59:15.598796,442,35,25,597,0.0,0.05,neutral
post_000578,Street flooding again in Crownheights! This happens every time it rains. #Flooding #NYC,flood_concern,brooklyn,Crownheights,2025-08-28T10:59:15.598796,201,31,50,394,0.0,0.0,neutral
post_000579,"Green space in Midtown being destroyed for development. We need more trees, not less! #Environment",environmental_concern,manhattan,Midtown,2025-10-11T10:59:15.598796,392,58,1,568,0.135,0.289,positive
post_000580,Construction dust in Williamsburg is making everyone sick. Where's the oversight? #Pollution,environmental_concern,brooklyn,Williamsburg,2025-08-18T10:59:15.598796,27,83,45,366,-0.714,0.857,negative
post_000581,Storm surge warnings for Uppereastside. Time to move everything upstairs again. #StormSurge,flood_concern,manhattan,Uppereastside,2025-04-24T10:59:15.598796,343,8,6,379,0.0,0.0,neutral
post_000582,Construction dust in Crownheights is making everyone sick. Where's the oversight? #Pollution,environmental_concern,brooklyn,Crownheights,2025-06-27T10:59:15.598796,385,8,6,421,-0.714,0.857,negative
post_000583,Construction dust in Huntspoint is making everyone sick. Where's the oversight? #Pollution,environmental_concern,bronx,Huntspoint,2025-09-14T10:59:15.598796,196,85,41,533,-0.714,0.857,negative
post_000584,Heat wave hitting Manhattan hard. Elderly neighbors struggling without AC. #ClimateChange,environmental_concern,manhattan,Manhattan,2025-06-15T10:59:15.598796,358,52,44,602,-0.292,0.542,negative
post_000585,Hospital wait times are crazy in Brooklyn. So many people with respiratory issues today.,health_concern,brooklyn,Brooklyn,2025-07-24T10:59:15.598796,74,63,40,343,-0.05,0.7,neutral
post_000586,Heat wave hitting Mott Haven hard. Elderly neighbors struggling without AC. #ClimateChange,environmental_concern,bronx,Mott Haven,2025-08-22T10:59:15.598796,55,5,43,156,-0.292,0.542,negative
post_000587,Third time this month - Lowereastside streets are underwater after heavy rain. #UrbanFlooding,flood_concern,manhattan,Lowereastside,2025-07-23T10:59:15.598796,345,100,43,731,-0.1,0.25,neutral
post_000588,Basement flooded AGAIN in Jackson Heights. City needs better drainage infrastructure! #FloodDamage,flood_concern,queens,Jackson Heights,2025-06-19T10:59:15.598796,150,35,44,343,0.625,0.5,positive
post_000589,"Green space in Fordham being destroyed for development. We need more trees, not less! #Environment",environmental_concern,bronx,Fordham,2025-05-13T10:59:15.598796,376,28,18,496,0.135,0.289,positive
post_000590,Subway station at New Dorp completely flooded. How are we supposed to get to work? #MTAFlooding,flood_concern,staten_island,New Dorp,2025-09-21T10:59:15.598796,430,80,40,750,0.118,0.427,positive
post_000591,Air quality alert for Astoria - staying indoors today. #AirPollution #EnvironmentalHealth,environmental_concern,queens,Astoria,2025-07-20T10:59:15.598796,469,97,24,808,0.0,0.0,neutral
post_000592,Air quality alert for Tottenville - staying indoors today. #AirPollution #EnvironmentalHealth,environmental_concern,staten_island,Tottenville,2025-09-28T10:59:15.598796,200,18,34,322,0.0,0.0,neutral
post_000593,Storm surge warnings for Bronx. Time to move everything upstairs again. #StormSurge,flood_concern,bronx,Bronx,2025-07-03T10:59:15.598796,36,69,23,289,0.0,0.0,neutral
post_000594,Basement flooded AGAIN in Fordham. City needs better drainage infrastructure! #FloodDamage,flood_concern,bronx,Fordham,2025-05-22T10:59:15.598796,352,60,46,624,0.625,0.5,positive
post_000595,Kids can't play outside in Bronx - air quality index is through the roof! #HealthAlert,health_concern,bronx,Bronx,2025-05-01T10:59:15.598796,371,21,13,460,0.0,0.05,neutral
post_000596,Hospital wait times are crazy in St George. So many people with respiratory issues today.,health_concern,staten_island,St George,2025-09-06T10:59:15.598796,322,76,1,552,-0.05,0.7,neutral
post_000597,Air quality alert for Brooklyn - staying indoors today. #AirPollution #EnvironmentalHealth,environmental_concern,brooklyn,Brooklyn,2025-06-09T10:59:15.598796,191,37,40,382,0.0,0.0,neutral
post_000598,Basement flooded AGAIN in New Dorp. City needs better drainage infrastructure! #FloodDamage,flood_concern,staten_island,New Dorp,2025-05-16T10:59:15.598796,335,95,43,706,0.381,0.477,positive
post_000599,"Green space in Tottenville being destroyed for development. We need more trees, not less! #Environment",environmental_concern,staten_island,Tottenville,2025-07-14T10:59:15.598796,117,61,7,314,0.135,0.289,positive
post_000600,Air quality is terrible in Midtown today. My allergies is acting up again. #NYC #AirQuality,health_concern,manhattan,Midtown,2025-05-29T10:59:15.598796,166,66,9,382,-0.5,0.5,negative
post_000601,"Green space in Lowereastside being destroyed for development. We need more trees, not less! #Environment",environmental_concern,manhattan,Lowereastside,2025-09-17T10:59:15.598796,269,51,25,472,0.135,0.289,positive
post_000602,"Green space in Huntspoint being destroyed for development. We need more trees, not less! #Environment",environmental_concern,bronx,Huntspoint,2025-04-26T10:59:15.598796,294,100,23,640,0.135,0.289,positive
post_000603,Chemical smell in St George - anyone else notice this? Worried about health impacts. #Environmental,environmental_concern,staten_island,St George,2025-05-08T10:59:15.598796,274,73,26,545,0.0,0.0,neutral
post_000604,Street flooding again in Manhattan! This happens every time it rains. #Flooding #NYC,flood_concern,manhattan,Manhattan,2025-08-19T10:59:15.598796,470,71,38,759,0.0,0.0,neutral
post_000605,Another trip to the ER because of asthma. When will Chinatown address the air pollution? #PublicHealth,health_concern,manhattan,Chinatown,2025-07-21T10:59:15.598796,441,1,11,466,0.0,0.0,neutral
post_000606,Air quality alert for Statenisland - staying indoors today. #AirPollution #EnvironmentalHealth,environmental_concern,staten_island,Statenisland,2025-08-16T10:59:15.598796,296,70,27,560,0.0,0.0,neutral
post_000607,Air quality alert for Bronx - staying indoors today. #AirPollution #EnvironmentalHealth,environmental_concern,bronx,Bronx,2025-08-11T10:59:15.598796,95,26,43,259,0.0,0.0,neutral
post_000608,Heat wave hitting Bronx hard. Elderly neighbors struggling without AC. #ClimateChange,environmental_concern,bronx,Bronx,2025-10-03T10:59:15.598796,346,40,24,514,-0.292,0.542,negative
post_000609,Street flooding again in St George! This happens every time it rains. #Flooding #NYC,flood_concern,staten_island,St George,2025-08-13T10:59:15.598796,62,42,34,256,0.0,0.0,neutral
post_000610,Basement flooded AGAIN in Southbronx. City needs better drainage infrastructure! #FloodDamage,flood_concern,bronx,Southbronx,2025-04-19T10:59:15.598796,114,19,36,243,0.625,0.5,positive
post_000611,Chemical smell in Fordham - anyone else notice this? Worried about health impacts. #Environmental,environmental_concern,bronx,Fordham,2025-06-21T10:59:15.598796,337,95,35,692,0.0,0.0,neutral
post_000612,Air quality alert for Bronx - staying indoors today. #AirPollution #EnvironmentalHealth,environmental_concern,bronx,Bronx,2025-08-18T10:59:15.598796,107,87,26,420,0.0,0.0,neutral
post_000613,Street flooding again in Longislandcity! This happens every time it rains. #Flooding #NYC,flood_concern,queens,Longislandcity,2025-09-25T10:59:15.598796,355,15,41,482,0.0,0.0,neutral
post_000614,Basement flooded AGAIN in New Dorp. City needs better drainage infrastructure! #FloodDamage,flood_concern,staten_island,New Dorp,2025-10-11T10:59:15.598796,336,67,41,619,0.381,0.477,positive
post_000615,Construction dust in Bedstuy is making everyone sick. Where's the oversight? #Pollution,environmental_concern,brooklyn,Bedstuy,2025-08-17T10:59:15.598796,90,61,15,303,-0.714,0.857,negative
post_000616,Basement flooded AGAIN in Tottenville. City needs better drainage infrastructure! #FloodDamage,flood_concern,staten_island,Tottenville,2025-08-30T10:59:15.598796,285,98,47,673,0.625,0.5,positive
post_000617,Another trip to the ER because of cough. When will Statenisland address the air pollution? #PublicHealth,health_concern,staten_island,Statenisland,2025-08-13T10:59:15.598796,151,86,14,437,0.0,0.0,neutral
post_000618,Heat wave hitting Southbronx hard. Elderly neighbors struggling without AC. #ClimateChange,environmental_concern,bronx,Southbronx,2025-06-06T10:59:15.598796,468,53,8,643,-0.292,0.542,negative
post_000619,Storm surge warnings for Fordham. Time to move everything upstairs again. #StormSurge,flood_concern,bronx,Fordham,2025-06-09T10:59:15.598796,489,51,29,700,0.0,0.0,neutral
post_000620,Subway station at Tottenville completely flooded. How are we supposed to get to work? #MTAFlooding,flood_concern,staten_island,Tottenville,2025-07-06T10:59:15.598796,345,48,38,565,0.1,0.4,neutral
post_000621,Subway station at Chinatown completely flooded. How are we supposed to get to work? #MTAFlooding,flood_concern,manhattan,Chinatown,2025-07-07T10:59:15.598796,177,23,41,328,0.1,0.4,neutral
post_000622,Chemical smell in Bronx - anyone else notice this? Worried about health impacts. #Environmental,environmental_concern,bronx,Bronx,2025-09-07T10:59:15.598796,80,45,50,315,0.0,0.0,neutral
post_000623,Hospital wait times are crazy in Crownheights. So many people with respiratory issues today.,health_concern,brooklyn,Crownheights,2025-06-15T10:59:15.598796,130,97,31,483,-0.05,0.7,neutral
post_000624,Another trip to the ER because of cough. When will Southbronx address the air pollution? #PublicHealth,health_concern,bronx,Southbronx,2025-04-23T10:59:15.598796,420,83,8,685,0.0,0.0,neutral
post_000625,Kids can't play outside in Statenisland - air quality index is through the roof! #HealthAlert,health_concern,staten_island,Statenisland,2025-06-02T10:59:15.598796,376,61,23,605,0.0,0.05,neutral
post_000626,Air quality is terrible in Bedstuy today. My allergies is acting up again. #NYC #AirQuality,health_concern,brooklyn,Bedstuy,2025-06-18T10:59:15.598796,482,57,36,725,-0.5,0.5,negative
post_000627,Air quality is terrible in Queens today. My cough is acting up again. #NYC #AirQuality,health_concern,queens,Queens,2025-04-29T10:59:15.598796,500,84,48,848,-0.5,0.5,negative
post_000628,Subway station at Huntspoint completely flooded. How are we supposed to get to work? #MTAFlooding,flood_concern,bronx,Huntspoint,2025-07-07T10:59:15.598796,249,83,45,588,0.1,0.4,neutral
post_000629,"Green space in Elmhurst being destroyed for development. We need more trees, not less! #Environment",environmental_concern,queens,Elmhurst,2025-05-28T10:59:15.598796,403,5,39,496,0.135,0.289,positive
post_000630,Asthma attacks increasing in our neighborhood. Something needs to be done about Parkslope air quality.,health_concern,brooklyn,Parkslope,2025-06-17T10:59:15.598796,286,42,6,424,0.0,0.0,neutral
post_000631,Third time this month - Flushing streets are underwater after heavy rain. #UrbanFlooding,flood_concern,queens,Flushing,2025-08-16T10:59:15.598796,46,28,31,192,-0.1,0.25,neutral
post_000632,Storm surge warnings for Mott Haven. Time to move everything upstairs again. #StormSurge,flood_concern,bronx,Mott Haven,2025-09-22T10:59:15.598796,329,38,42,527,0.0,0.0,neutral
post_000633,Air quality is terrible in Uppereastside today. My breathing problems is acting up again. #NYC #AirQuality,health_concern,manhattan,Uppereastside,2025-10-06T10:59:15.598796,98,46,2,240,-0.5,0.5,negative
post_000634,Subway station at Mott Haven completely flooded. How are we supposed to get to work? #MTAFlooding,flood_concern,bronx,Mott Haven,2025-10-01T10:59:15.598796,431,18,7,499,0.1,0.4,neutral
post_000635,Another trip to the ER because of breathing problems. When will Parkslope address the air pollution? #PublicHealth,health_concern,brooklyn,Parkslope,2025-09-22T10:59:15.598796,312,81,35,625,0.0,0.0,neutral
post_000636,Storm surge warnings for Lowereastside. Time to move everything upstairs again. #StormSurge,flood_concern,manhattan,Lowereastside,2025-04-17T10:59:15.598796,227,44,1,361,0.0,0.0,neutral
post_000637,Storm surge warnings for Brooklyn. Time to move everything upstairs again. #StormSurge,flood_concern,brooklyn,Brooklyn,2025-04-23T10:59:15.598796,305,6,20,363,0.0,0.0,neutral
post_000638,Air quality is terrible in Queens today. My breathing problems is acting up again. #NYC #AirQuality,health_concern,queens,Queens,2025-04-14T10:59:15.598796,369,21,20,472,-0.5,0.5,negative
post_000639,Storm surge warnings for St George. Time to move everything upstairs again. #StormSurge,flood_concern,staten_island,St George,2025-08-26T10:59:15.598796,418,20,16,510,0.0,0.0,neutral
post_000640,Third time this month - St George streets are underwater after heavy rain. #UrbanFlooding,flood_concern,staten_island,St George,2025-07-04T10:59:15.598796,72,76,46,392,-0.1,0.25,neutral
post_000641,Air quality alert for Mott Haven - staying indoors today. #AirPollution #EnvironmentalHealth,environmental_concern,bronx,Mott Haven,2025-06-23T10:59:15.598796,22,30,25,162,0.0,0.0,neutral
post_000642,Air quality is terrible in Bronx today. My breathing problems is acting up again. #NYC #AirQuality,health_concern,bronx,Bronx,2025-10-05T10:59:15.598796,379,94,32,725,-0.5,0.5,negative
post_000643,"Green space in Longislandcity being destroyed for development. We need more trees, not less! #Environment",environmental_concern,queens,Longislandcity,2025-06-14T10:59:15.598796,289,67,46,582,0.135,0.289,positive
post_000644,Hospital wait times are crazy in Southbronx. So many people with respiratory issues today.,health_concern,bronx,Southbronx,2025-05-03T10:59:15.598796,432,89,30,759,-0.05,0.7,neutral
post_000645,Subway station at Mott Haven completely flooded. How are we supposed to get to work? #MTAFlooding,flood_concern,bronx,Mott Haven,2025-07-14T10:59:15.614216,400,48,47,638,0.1,0.4,neutral
post_000646,Construction dust in Crownheights is making everyone sick. Where's the oversight? #Pollution,environmental_concern,brooklyn,Crownheights,2025-08-22T10:59:15.614216,46,63,26,287,-0.714,0.857,negative
post_000647,Air quality alert for Southbronx - staying indoors today. #AirPollution #EnvironmentalHealth,environmental_concern,bronx,Southbronx,2025-07-22T10:59:15.614620,59,94,23,387,0.0,0.0,neutral
post_000648,Storm surge warnings for Elmhurst. Time to move everything upstairs again. #StormSurge,flood_concern,queens,Elmhurst,2025-10-06T10:59:15.614620,431,9,32,522,0.0,0.0,neutral
post_000649,Street flooding again in Astoria! This happens every time it rains. #Flooding #NYC,flood_concern,queens,Astoria,2025-05-05T10:59:15.615286,197,34,24,347,0.0,0.0,neutral
post_000650,Storm surge warnings for Harlem. Time to move everything upstairs again. #StormSurge,flood_concern,manhattan,Harlem,2025-08-21T10:59:15.615286,424,95,14,737,0.0,0.0,neutral
post_000651,Street flooding again in Tottenville! This happens every time it rains. #Flooding #NYC,flood_concern,staten_island,Tottenville,2025-09-03T10:59:15.615286,482,13,11,543,0.0,0.0,neutral
post_000652,Air quality is terrible in Midtown today. My breathing problems is acting up again. #NYC #AirQuality,health_concern,manhattan,Midtown,2025-09-30T10:59:15.615286,209,1,13,238,-0.5,0.5,negative
post_000653,Air quality is terrible in Mott Haven today. My asthma is acting up again. #NYC #AirQuality,health_concern,bronx,Mott Haven,2025-08-11T10:59:15.615286,356,63,39,623,-0.5,0.5,negative
post_000654,Basement flooded AGAIN in Mott Haven. City needs better drainage infrastructure! #FloodDamage,flood_concern,bronx,Mott Haven,2025-09-15T10:59:15.615286,207,92,12,507,0.625,0.5,positive
post_000655,Construction dust in Bedstuy is making everyone sick. Where's the oversight? #Pollution,environmental_concern,brooklyn,Bedstuy,2025-07-09T10:59:15.615286,194,26,47,366,-0.714,0.857,negative
post_000656,Street flooding again in Jackson Heights! This happens every time it rains. #Flooding #NYC,flood_concern,queens,Jackson Heights,2025-05-29T10:59:15.615286,457,62,27,697,0.0,0.0,neutral
post_000657,Kids can't play outside in Southbronx - air quality index is through the roof! #HealthAlert,health_concern,bronx,Southbronx,2025-09-06T10:59:15.615286,22,67,19,261,0.0,0.05,neutral
post_000658,Basement flooded AGAIN in Harlem. City needs better drainage infrastructure! #FloodDamage,flood_concern,manhattan,Harlem,2025-04-17T10:59:15.617352,365,9,43,478,0.625,0.5,positive
post_000659,Heat wave hitting Chinatown hard. Elderly neighbors struggling without AC. #ClimateChange,environmental_concern,manhattan,Chinatown,2025-05-10T10:59:15.617352,399,46,18,573,-0.292,0.542,negative
post_000660,Hospital wait times are crazy in Flushing. So many people with respiratory issues today.,health_concern,queens,Flushing,2025-07-28T10:59:15.617352,493,18,9,565,-0.05,0.7,neutral
post_000661,Street flooding again in Longislandcity! This happens every time it rains. #Flooding #NYC,flood_concern,queens,Longislandcity,2025-05-02T10:59:15.617352,211,27,22,336,0.0,0.0,neutral
post_000662,Construction dust in Bronx is making everyone sick. Where's the oversight? #Pollution,environmental_concern,bronx,Bronx,2025-09-06T10:59:15.617352,255,43,16,416,-0.714,0.857,negative
post_000663,Construction dust in Tottenville is making everyone sick. Where's the oversight? #Pollution,environmental_concern,staten_island,Tottenville,2025-05-07T10:59:15.617352,400,93,34,747,-0.714,0.857,negative
post_000664,Hospital wait times are crazy in Williamsburg. So many people with respiratory issues today.,health_concern,brooklyn,Williamsburg,2025-07-23T10:59:15.617352,482,82,28,784,-0.05,0.7,neutral
post_000665,Construction dust in New Dorp is making everyone sick. Where's the oversight? #Pollution,environmental_concern,staten_island,New Dorp,2025-08-30T10:59:15.617352,431,36,47,633,-0.289,0.656,negative
post_000666,Asthma attacks increasing in our neighborhood. Something needs to be done about Crownheights air quality.,health_concern,brooklyn,Crownheights,2025-04-30T10:59:15.617352,465,12,36,573,0.0,0.0,neutral
post_000667,Subway station at New Dorp completely flooded. How are we supposed to get to work? #MTAFlooding,flood_concern,staten_island,New Dorp,2025-09-04T10:59:15.617352,248,19,25,355,0.118,0.427,positive
post_000668,Another trip to the ER because of allergies. When will Flushing address the air pollution? #PublicHealth,health_concern,queens,Flushing,2025-04-24T10:59:15.617352,62,12,31,160,0.0,0.0,neutral
post_000669,Hospital wait times are crazy in Dumbo. So many people with respiratory issues today.,health_concern,brooklyn,Dumbo,2025-07-07T10:59:15.617352,332,26,32,474,-0.05,0.7,neutral
post_000670,Chemical smell in Elmhurst - anyone else notice this? Worried about health impacts. #Environmental,environmental_concern,queens,Elmhurst,2025-05-21T10:59:15.617352,193,65,29,446,0.0,0.0,neutral
post_000671,Hospital wait times are crazy in Longislandcity. So many people with respiratory issues today.,health_concern,queens,Longislandcity,2025-10-03T10:59:15.617352,5,98,48,395,-0.05,0.7,neutral
post_000672,Asthma attacks increasing in our neighborhood. Something needs to be done about Flushing air quality.,health_concern,queens,Flushing,2025-07-31T10:59:15.617352,219,2,29,283,0.0,0.0,neutral
post_000673,Basement flooded AGAIN in St George. City needs better drainage infrastructure! #FloodDamage,flood_concern,staten_island,St George,2025-07-20T10:59:15.617352,493,57,17,698,0.625,0.5,positive
post_000674,Kids can't play outside in Astoria - air quality index is through the roof! #HealthAlert,health_concern,queens,Astoria,2025-10-11T10:59:15.617352,231,28,35,385,0.0,0.05,neutral
post_000675,Hospital wait times are crazy in Fordham. So many people with respiratory issues today.,health_concern,bronx,Fordham,2025-07-08T10:59:15.617352,153,21,17,250,-0.05,0.7,neutral
post_000676,Subway station at Mott Haven completely flooded. How are we supposed to get to work? #MTAFlooding,flood_concern,bronx,Mott Haven,2025-06-10T10:59:15.617352,477,56,12,669,0.1,0.4,neutral
post_000677,Heat wave hitting New Dorp hard. Elderly neighbors struggling without AC. #ClimateChange,environmental_concern,staten_island,New Dorp,2025-05-30T10:59:15.617352,400,96,5,698,-0.078,0.498,neutral
post_000678,Kids can't play outside in Bronx - air quality index is through the roof! #HealthAlert,health_concern,bronx,Bronx,2025-06-30T10:59:15.617352,202,55,37,441,0.0,0.05,neutral
post_000679,Third time this month - Queens streets are underwater after heavy rain. #UrbanFlooding,flood_concern,queens,Queens,2025-08-25T10:59:15.617352,236,85,21,533,-0.1,0.25,neutral
post_000680,Air quality alert for Tottenville - staying indoors today. #AirPollution #EnvironmentalHealth,environmental_concern,staten_island,Tottenville,2025-08-13T10:59:15.617352,229,11,14,290,0.0,0.0,neutral
post_000681,Basement flooded AGAIN in Fordham. City needs better drainage infrastructure! #FloodDamage,flood_concern,bronx,Fordham,2025-08-13T10:59:15.617352,277,17,18,364,0.625,0.5,positive
post_000682,Another trip to the ER because of allergies. When will Southbronx address the air pollution? #PublicHealth,health_concern,bronx,Southbronx,2025-06-05T10:59:15.617352,46,88,15,340,0.0,0.0,neutral
post_000683,"Green space in Tottenville being destroyed for development. We need more trees, not less! #Environment",environmental_concern,staten_island,Tottenville,2025-05-29T10:59:15.617352,337,35,46,534,0.135,0.289,positive
post_000684,Street flooding again in St George! This happens every time it rains. #Flooding #NYC,flood_concern,staten_island,St George,2025-06-01T10:59:15.617352,367,68,22,615,0.0,0.0,neutral
post_000685,Air quality is terrible in Midtown today. My allergies is acting up again. #NYC #AirQuality,health_concern,manhattan,Midtown,2025-05-08T10:59:15.617352,252,82,34,566,-0.5,0.5,negative
post_000686,Third time this month - Elmhurst streets are underwater after heavy rain. #UrbanFlooding,flood_concern,queens,Elmhurst,2025-07-28T10:59:15.617352,491,54,49,751,-0.1,0.25,neutral
post_000687,Subway station at Crownheights completely flooded. How are we supposed to get to work? #MTAFlooding,flood_concern,brooklyn,Crownheights,2025-09-14T10:59:15.617352,308,95,2,597,0.1,0.4,neutral
post_000688,Air quality is terrible in Parkslope today. My cough is acting up again. #NYC #AirQuality,health_concern,brooklyn,Parkslope,2025-10-06T10:59:15.617352,320,21,2,387,-0.5,0.5,negative
post_000689,Street flooding again in Lowereastside! This happens every time it rains. #Flooding #NYC,flood_concern,manhattan,Lowereastside,2025-06-21T10:59:15.617352,162,83,45,501,0.0,0.0,neutral
post_000690,Hospital wait times are crazy in Bedstuy. So many people with respiratory issues today.,health_concern,brooklyn,Bedstuy,2025-04-29T10:59:15.617352,291,95,21,618,-0.05,0.7,neutral
post_000691,Subway station at Brooklyn completely flooded. How are we supposed to get to work? #MTAFlooding,flood_concern,brooklyn,Brooklyn,2025-04-19T10:59:15.617352,30,29,25,167,0.1,0.4,neutral
post_000692,Street flooding again in Midtown! This happens every time it rains. #Flooding #NYC,flood_concern,manhattan,Midtown,2025-07-02T10:59:15.617352,16,90,20,326,0.0,0.0,neutral
post_000693,Hospital wait times are crazy in New Dorp. So many people with respiratory issues today.,health_concern,staten_island,New Dorp,2025-04-21T10:59:15.617352,200,45,50,435,0.012,0.618,neutral
post_000694,"Green space in Jackson Heights being destroyed for development. We need more trees, not less! #Environment",environmental_concern,queens,Jackson Heights,2025-04-18T10:59:15.617352,67,27,6,160,0.135,0.289,positive
post_000695,Third time this month - Queens streets are underwater after heavy rain. #UrbanFlooding,flood_concern,queens,Queens,2025-06-16T10:59:15.617352,194,34,22,340,-0.1,0.25,neutral
post_000696,Basement flooded AGAIN in Statenisland. City needs better drainage infrastructure! #FloodDamage,flood_concern,staten_island,Statenisland,2025-10-08T10:59:15.617352,434,86,26,744,0.625,0.5,positive
post_000697,"Green space in Southbronx being destroyed for development. We need more trees, not less! #Environment",environmental_concern,bronx,Southbronx,2025-10-10T10:59:15.617352,225,4,25,287,0.135,0.289,positive
post_000698,Kids can't play outside in Huntspoint - air quality index is through the roof! #HealthAlert,health_concern,bronx,Huntspoint,2025-09-18T10:59:15.617352,310,4,1,324,0.0,0.05,neutral
post_000699,Street flooding again in Elmhurst! This happens every time it rains. #Flooding #NYC,flood_concern,queens,Elmhurst,2025-06-29T10:59:15.617352,83,26,32,225,0.0,0.0,neutral
post_000700,Construction dust in Parkslope is making everyone sick. Where's the oversight? #Pollution,environmental_concern,brooklyn,Parkslope,2025-06-26T10:59:15.617352,52,21,45,205,-0.714,0.857,negative
post_000701,Hospital wait times are crazy in Williamsburg. So many people with respiratory issues today.,health_concern,brooklyn,Williamsburg,2025-09-13T10:59:15.617352,484,4,35,566,-0.05,0.7,neutral
post_000702,Chemical smell in Jackson Heights - anyone else notice this? Worried about health impacts. #Environmental,environmental_concern,queens,Jackson Heights,2025-08-24T10:59:15.617352,246,64,30,498,0.0,0.0,neutral
post_000703,Third time this month - Harlem streets are underwater after heavy rain. #UrbanFlooding,flood_concern,manhattan,Harlem,2025-06-09T10:59:15.617352,376,96,34,732,-0.1,0.25,neutral
post_000704,Storm surge warnings for St George. Time to move everything upstairs again. #StormSurge,flood_concern,staten_island,St George,2025-08-08T10:59:15.617352,333,71,31,608,0.0,0.0,neutral
post_000705,Street flooding again in Statenisland! This happens every time it rains. #Flooding #NYC,flood_concern,staten_island,Statenisland,2025-06-04T10:59:15.617352,444,5,27,513,0.0,0.0,neutral
post_000706,Storm surge warnings for Huntspoint. Time to move everything upstairs again. #StormSurge,flood_concern,bronx,Huntspoint,2025-04-17T10:59:15.617352,484,97,45,865,0.0,0.0,neutral
post_000707,Air quality alert for Elmhurst - staying indoors today. #AirPollution #EnvironmentalHealth,environmental_concern,queens,Elmhurst,2025-09-20T10:59:15.617352,237,36,22,389,0.0,0.0,neutral
post_000708,Basement flooded AGAIN in Harlem. City needs better drainage infrastructure! #FloodDamage,flood_concern,manhattan,Harlem,2025-07-04T10:59:15.617352,481,19,16,570,0.625,0.5,positive
post_000709,Street flooding again in Huntspoint! This happens every time it rains. #Flooding #NYC,flood_concern,bronx,Huntspoint,2025-10-07T10:59:15.617352,110,22,37,250,0.0,0.0,neutral
post_000710,Chemical smell in Crownheights - anyone else notice this? Worried about health impacts. #Environmental,environmental_concern,brooklyn,Crownheights,2025-09-04T10:59:15.617352,6,98,43,386,0.0,0.0,neutral
post_000711,Street flooding again in Astoria! This happens every time it rains. #Flooding #NYC,flood_concern,queens,Astoria,2025-04-16T10:59:15.617352,160,23,0,229,0.0,0.0,neutral
post_000712,Construction dust in Mott Haven is making everyone sick. Where's the oversight? #Pollution,environmental_concern,bronx,Mott Haven,2025-07-08T10:59:15.617352,297,68,48,597,-0.714,0.857,negative
post_000713,Kids can't play outside in Lowereastside - air quality index is through the roof! #HealthAlert,health_concern,manhattan,Lowereastside,2025-04-25T10:59:15.617352,444,94,29,784,0.0,0.05,neutral
post_000714,Third time this month - Crownheights streets are underwater after heavy rain. #UrbanFlooding,flood_concern,brooklyn,Crownheights,2025-04-15T10:59:15.617352,22,83,10,291,-0.1,0.25,neutral
post_000715,Storm surge warnings for Mott Haven. Time to move everything upstairs again. #StormSurge,flood_concern,bronx,Mott Haven,2025-04-27T10:59:15.617352,124,45,28,315,0.0,0.0,neutral
post_000716,Storm surge warnings for Mott Haven. Time to move everything upstairs again. #StormSurge,flood_concern,bronx,Mott Haven,2025-06-24T10:59:15.617352,480,78,47,808,0.0,0.0,neutral
post_000717,Heat wave hitting Bedstuy hard. Elderly neighbors struggling without AC. #ClimateChange,environmental_concern,brooklyn,Bedstuy,2025-04-22T10:59:15.617352,47,66,6,257,-0.292,0.542,negative
post_000718,Basement flooded AGAIN in New Dorp. City needs better drainage infrastructure! #FloodDamage,flood_concern,staten_island,New Dorp,2025-07-10T10:59:15.617352,442,55,30,667,0.381,0.477,positive
post_000719,Hospital wait times are crazy in New Dorp. So many people with respiratory issues today.,health_concern,staten_island,New Dorp,2025-08-24T10:59:15.617352,227,45,14,390,0.012,0.618,neutral
post_000720,Kids can't play outside in Lowereastside - air quality index is through the roof! #HealthAlert,health_concern,manhattan,Lowereastside,2025-05-31T10:59:15.617352,211,75,27,490,0.0,0.05,neutral
post_000721,Kids can't play outside in Midtown - air quality index is through the roof! #HealthAlert,health_concern,manhattan,Midtown,2025-06-17T10:59:15.617352,401,39,46,610,0.0,0.05,neutral
post_000722,Air quality alert for Dumbo - staying indoors today. #AirPollution #EnvironmentalHealth,environmental_concern,brooklyn,Dumbo,2025-06-10T10:59:15.617352,359,37,10,490,0.0,0.0,neutral
post_000723,Heat wave hitting Fordham hard. Elderly neighbors struggling without AC. #ClimateChange,environmental_concern,bronx,Fordham,2025-05-18T10:59:15.617352,169,72,45,475,-0.292,0.542,negative
post_000724,Kids can't play outside in Flushing - air quality index is through the roof! #HealthAlert,health_concern,queens,Flushing,2025-05-08T10:59:15.617352,150,86,1,410,0.0,0.05,neutral
post_000725,Hospital wait times are crazy in Manhattan. So many people with respiratory issues today.,health_concern,manhattan,Manhattan,2025-08-26T10:59:15.617352,295,11,32,392,-0.05,0.7,neutral
post_000726,Basement flooded AGAIN in Parkslope. City needs better drainage infrastructure! #FloodDamage,flood_concern,brooklyn,Parkslope,2025-06-21T10:59:15.617352,27,32,22,167,0.625,0.5,positive
post_000727,Hospital wait times are crazy in Brooklyn. So many people with respiratory issues today.,health_concern,brooklyn,Brooklyn,2025-05-31T10:59:15.617352,464,67,2,669,-0.05,0.7,neutral
post_000728,Third time this month - Harlem streets are underwater after heavy rain. #UrbanFlooding,flood_concern,manhattan,Harlem,2025-09-25T10:59:15.629898,206,37,49,415,-0.1,0.25,neutral
post_000729,Construction dust in Queens is making everyone sick. Where's the oversight? #Pollution,environmental_concern,queens,Queens,2025-04-17T10:59:15.629898,489,70,3,705,-0.714,0.857,negative
post_000730,"Green space in Tottenville being destroyed for development. We need more trees, not less! #Environment",environmental_concern,staten_island,Tottenville,2025-08-31T10:59:15.629898,214,90,5,494,0.135,0.289,positive
post_000731,Kids can't play outside in Mott Haven - air quality index is through the roof! #HealthAlert,health_concern,bronx,Mott Haven,2025-09-14T10:59:15.629898,252,24,36,396,0.0,0.05,neutral
post_000732,Hospital wait times are crazy in Southbronx. So many people with respiratory issues today.,health_concern,bronx,Southbronx,2025-08-30T10:59:15.629898,1,29,28,144,-0.05,0.7,neutral
post_000733,Kids can't play outside in Flushing - air quality index is through the roof! #HealthAlert,health_concern,queens,Flushing,2025-07-02T10:59:15.631369,194,49,37,415,0.0,0.05,neutral
post_000734,Kids can't play outside in Brooklyn - air quality index is through the roof! #HealthAlert,health_concern,brooklyn,Brooklyn,2025-08-23T10:59:15.631369,89,78,39,401,0.0,0.05,neutral
post_000735,Chemical smell in Statenisland - anyone else notice this? Worried about health impacts. #Environmental,environmental_concern,staten_island,Statenisland,2025-07-09T10:59:15.632063,104,1,27,161,0.0,0.0,neutral
post_000736,Chemical smell in Flushing - anyone else notice this? Worried about health impacts. #Environmental,environmental_concern,queens,Flushing,2025-09-17T10:59:15.632063,343,88,10,627,0.0,0.0,neutral
post_000737,Subway station at Brooklyn completely flooded. How are we supposed to get to work? #MTAFlooding,flood_concern,brooklyn,Brooklyn,2025-06-01T10:59:15.632063,43,35,38,224,0.1,0.4,neutral
post_000738,Asthma attacks increasing in our neighborhood. Something needs to be done about Jackson Heights air quality.,health_concern,queens,Jackson Heights,2025-06-30T10:59:15.632063,158,59,21,377,0.0,0.0,neutral
post_000739,Air quality is terrible in Fordham today. My cough is acting up again. #NYC #AirQuality,health_concern,bronx,Fordham,2025-06-14T10:59:15.632063,450,29,2,541,-0.5,0.5,negative
post_000740,Hospital wait times are crazy in Williamsburg. So many people with respiratory issues today.,health_concern,brooklyn,Williamsburg,2025-09-11T10:59:15.632063,42,57,21,255,-0.05,0.7,neutral
post_000741,Asthma attacks increasing in our neighborhood. Something needs to be done about Elmhurst air quality.,health_concern,queens,Elmhurst,2025-04-22T10:59:15.633532,388,34,14,518,0.0,0.0,neutral
post_000742,Another trip to the ER because of asthma. When will Parkslope address the air pollution? #PublicHealth,health_concern,brooklyn,Parkslope,2025-06-17T10:59:15.633532,420,22,7,500,0.0,0.0,neutral
post_000743,Street flooding again in Jackson Heights! This happens every time it rains. #Flooding #NYC,flood_concern,queens,Jackson Heights,2025-08-16T10:59:15.633532,79,84,37,405,0.0,0.0,neutral
post_000744,Heat wave hitting Southbronx hard. Elderly neighbors struggling without AC. #ClimateChange,environmental_concern,bronx,Southbronx,2025-04-17T10:59:15.633532,137,43,36,338,-0.292,0.542,negative
post_000745,Chemical smell in Uppereastside - anyone else notice this? Worried about health impacts. #Environmental,environmental_concern,manhattan,Uppereastside,2025-04-15T10:59:15.633532,108,97,36,471,0.0,0.0,neutral
post_000746,Kids can't play outside in Crownheights - air quality index is through the roof! #HealthAlert,health_concern,brooklyn,Crownheights,2025-04-25T10:59:15.633532,378,76,41,688,0.0,0.05,neutral
post_000747,Another trip to the ER because of breathing problems. When will Elmhurst address the air pollution? #PublicHealth,health_concern,queens,Elmhurst,2025-04-18T10:59:15.633532,268,72,28,540,0.0,0.0,neutral
post_000748,Street flooding again in New Dorp! This happens every time it rains. #Flooding #NYC,flood_concern,staten_island,New Dorp,2025-04-15T10:59:15.633532,399,23,17,502,0.17,0.455,positive
post_000749,Street flooding again in Chinatown! This happens every time it rains. #Flooding #NYC,flood_concern,manhattan,Chinatown,2025-05-15T10:59:15.633532,468,55,26,685,0.0,0.0,neutral
post_000750,Air quality alert for Jackson Heights - staying indoors today. #AirPollution #EnvironmentalHealth,environmental_concern,queens,Jackson Heights,2025-04-24T10:59:15.633532,207,76,35,505,0.0,0.0,neutral
post_000751,Hospital wait times are crazy in Lowereastside. So many people with respiratory issues today.,health_concern,manhattan,Lowereastside,2025-06-15T10:59:15.633532,227,20,1,289,-0.05,0.7,neutral
post_000752,Storm surge warnings for Jackson Heights. Time to move everything upstairs again. #StormSurge,flood_concern,queens,Jackson Heights,2025-08-17T10:59:15.633532,388,83,15,667,0.0,0.0,neutral
post_000753,Hospital wait times are crazy in Huntspoint. So many people with respiratory issues today.,health_concern,bronx,Huntspoint,2025-04-24T10:59:15.633532,286,82,23,578,-0.05,0.7,neutral
post_000754,Air quality is terrible in Longislandcity today. My breathing problems is acting up again. #NYC #AirQuality,health_concern,queens,Longislandcity,2025-07-26T10:59:15.633532,280,79,26,569,-0.5,0.5,negative
post_000755,Subway station at Tottenville completely flooded. How are we supposed to get to work? #MTAFlooding,flood_concern,staten_island,Tottenville,2025-06-05T10:59:15.633532,56,88,18,356,0.1,0.4,neutral
post_000756,Subway station at Manhattan completely flooded. How are we supposed to get to work? #MTAFlooding,flood_concern,manhattan,Manhattan,2025-06-10T10:59:15.636207,338,42,8,480,0.1,0.4,neutral
post_000757,Construction dust in Brooklyn is making everyone sick. Where's the oversight? #Pollution,environmental_concern,brooklyn,Brooklyn,2025-07-22T10:59:15.636207,135,15,3,186,-0.714,0.857,negative
post_000758,Construction dust in Tottenville is making everyone sick. Where's the oversight? #Pollution,environmental_concern,staten_island,Tottenville,2025-08-30T10:59:15.636207,459,74,46,773,-0.714,0.857,negative
post_000759,Kids can't play outside in St George - air quality index is through the roof! #HealthAlert,health_concern,staten_island,St George,2025-08-28T10:59:15.636207,396,55,24,609,0.0,0.05,neutral
post_000760,Asthma attacks increasing in our neighborhood. Something needs to be done about Bronx air quality.,health_concern,bronx,Bronx,2025-08-23T10:59:15.636207,208,74,23,476,0.0,0.0,neutral
post_000761,Subway station at St George completely flooded. How are we supposed to get to work? #MTAFlooding,flood_concern,staten_island,St George,2025-06-23T10:59:15.636207,98,98,49,490,0.1,0.4,neutral
post_000762,Storm surge warnings for Huntspoint. Time to move everything upstairs again. #StormSurge,flood_concern,bronx,Huntspoint,2025-07-06T10:59:15.636207,260,73,43,565,0.0,0.0,neutral
post_000763,Hospital wait times are crazy in Jackson Heights. So many people with respiratory issues today.,health_concern,queens,Jackson Heights,2025-09-21T10:59:15.636207,113,96,42,485,-0.05,0.7,neutral
post_000764,Chemical smell in Jackson Heights - anyone else notice this? Worried about health impacts. #Environmental,environmental_concern,queens,Jackson Heights,2025-05-25T10:59:15.636207,107,42,13,259,0.0,0.0,neutral
post_000765,Street flooding again in Uppereastside! This happens every time it rains. #Flooding #NYC,flood_concern,manhattan,Uppereastside,2025-09-26T10:59:15.636207,133,97,38,500,0.0,0.0,neutral
post_000766,Heat wave hitting Elmhurst hard. Elderly neighbors struggling without AC. #ClimateChange,environmental_concern,queens,Elmhurst,2025-09-28T10:59:15.638212,420,64,34,680,-0.292,0.542,negative
post_000767,Street flooding again in Statenisland! This happens every time it rains. #Flooding #NYC,flood_concern,staten_island,Statenisland,2025-09-27T10:59:15.638212,238,6,43,342,0.0,0.0,neutral
post_000768,Street flooding again in Jackson Heights! This happens every time it rains. #Flooding #NYC,flood_concern,queens,Jackson Heights,2025-09-22T10:59:15.638212,113,80,32,417,0.0,0.0,neutral
post_000769,Basement flooded AGAIN in Bedstuy. City needs better drainage infrastructure! #FloodDamage,flood_concern,brooklyn,Bedstuy,2025-06-05T10:59:15.638212,177,94,50,559,0.625,0.5,positive
post_000770,Hospital wait times are crazy in Longislandcity. So many people with respiratory issues today.,health_concern,queens,Longislandcity,2025-09-06T10:59:15.638212,129,73,5,358,-0.05,0.7,neutral
post_000771,Construction dust in Bronx is making everyone sick. Where's the oversight? #Pollution,environmental_concern,bronx,Bronx,2025-06-09T10:59:15.638212,380,74,31,664,-0.714,0.857,negative
post_000772,Chemical smell in Mott Haven - anyone else notice this? Worried about health impacts. #Environmental,environmental_concern,bronx,Mott Haven,2025-08-06T10:59:15.638212,86,83,26,387,0.0,0.0,neutral
post_000773,Kids can't play outside in Brooklyn - air quality index is through the roof! #HealthAlert,health_concern,brooklyn,Brooklyn,2025-06-26T10:59:15.638212,132,95,50,517,0.0,0.05,neutral
post_000774,Heat wave hitting Midtown hard. Elderly neighbors struggling without AC. #ClimateChange,environmental_concern,manhattan,Midtown,2025-06-18T10:59:15.638212,363,69,45,660,-0.292,0.542,negative
post_000775,Another trip to the ER because of cough. When will Huntspoint address the air pollution? #PublicHealth,health_concern,bronx,Huntspoint,2025-04-21T10:59:15.638212,367,49,15,544,0.0,0.0,neutral
post_000776,Street flooding again in Huntspoint! This happens every time it rains. #Flooding #NYC,flood_concern,bronx,Huntspoint,2025-06-10T10:59:15.638212,446,100,0,746,0.0,0.0,neutral
post_000777,Subway station at Jackson Heights completely flooded. How are we supposed to get to work? #MTAFlooding,flood_concern,queens,Jackson Heights,2025-05-16T10:59:15.640217,260,98,2,558,0.1,0.4,neutral
post_000778,Third time this month - Longislandcity streets are underwater after heavy rain. #UrbanFlooding,flood_concern,queens,Longislandcity,2025-06-29T10:59:15.640217,465,77,39,774,-0.1,0.25,neutral
post_000779,Third time this month - Crownheights streets are underwater after heavy rain. #UrbanFlooding,flood_concern,brooklyn,Crownheights,2025-05-12T10:59:15.640217,83,46,38,297,-0.1,0.25,neutral
post_000780,Third time this month - St George streets are underwater after heavy rain. #UrbanFlooding,flood_concern,staten_island,St George,2025-05-02T10:59:15.640217,169,99,44,554,-0.1,0.25,neutral
post_000781,Construction dust in Elmhurst is making everyone sick. Where's the oversight? #Pollution,environmental_concern,queens,Elmhurst,2025-04-18T10:59:15.640217,500,46,40,718,-0.714,0.857,negative
post_000782,Street flooding again in Mott Haven! This happens every time it rains. #Flooding #NYC,flood_concern,bronx,Mott Haven,2025-09-05T10:59:15.640217,200,37,14,339,0.0,0.0,neutral
post_000783,Chemical smell in Huntspoint - anyone else notice this? Worried about health impacts. #Environmental,environmental_concern,bronx,Huntspoint,2025-07-02T10:59:15.640217,85,49,40,312,0.0,0.0,neutral
post_000784,Air quality is terrible in Williamsburg today. My cough is acting up again. #NYC #AirQuality,health_concern,brooklyn,Williamsburg,2025-07-08T10:59:15.640217,176,8,13,226,-0.5,0.5,negative
post_000785,Third time this month - Midtown streets are underwater after heavy rain. #UrbanFlooding,flood_concern,manhattan,Midtown,2025-05-23T10:59:15.640217,298,79,17,569,-0.1,0.25,neutral
post_000786,"Green space in Astoria being destroyed for development. We need more trees, not less! #Environment",environmental_concern,queens,Astoria,2025-04-29T10:59:15.640217,184,59,17,395,0.135,0.289,positive
post_000787,Kids can't play outside in Bronx - air quality index is through the roof! #HealthAlert,health_concern,bronx,Bronx,2025-07-01T10:59:15.640217,125,6,37,217,0.0,0.05,neutral
post_000788,Air quality alert for Harlem - staying indoors today. #AirPollution #EnvironmentalHealth,environmental_concern,manhattan,Harlem,2025-07-09T10:59:15.642221,13,90,24,331,0.0,0.0,neutral
post_000789,Air quality is terrible in Parkslope today. My cough is acting up again. #NYC #AirQuality,health_concern,brooklyn,Parkslope,2025-07-14T10:59:15.642221,11,63,47,294,-0.5,0.5,negative
post_000790,Asthma attacks increasing in our neighborhood. Something needs to be done about Statenisland air quality.,health_concern,staten_island,Statenisland,2025-09-09T10:59:15.642221,71,56,9,257,0.0,0.0,neutral
post_000791,Construction dust in Queens is making everyone sick. Where's the oversight? #Pollution,environmental_concern,queens,Queens,2025-10-08T10:59:15.642221,185,62,6,383,-0.714,0.857,negative
post_000792,Heat wave hitting Longislandcity hard. Elderly neighbors struggling without AC. #ClimateChange,environmental_concern,queens,Longislandcity,2025-06-13T10:59:15.642221,418,68,26,674,-0.292,0.542,negative
post_000793,Another trip to the ER because of cough. When will Bronx address the air pollution? #PublicHealth,health_concern,bronx,Bronx,2025-07-05T10:59:15.642221,38,16,5,96,0.0,0.0,neutral
post_000794,Asthma attacks increasing in our neighborhood. Something needs to be done about Southbronx air quality.,health_concern,bronx,Southbronx,2025-09-04T10:59:15.642221,135,84,34,455,0.0,0.0,neutral
post_000795,Third time this month - St George streets are underwater after heavy rain. #UrbanFlooding,flood_concern,staten_island,St George,2025-05-11T10:59:15.642221,444,94,24,774,-0.1,0.25,neutral
post_000796,Hospital wait times are crazy in Flushing. So many people with respiratory issues today.,health_concern,queens,Flushing,2025-06-13T10:59:15.642221,258,7,21,321,-0.05,0.7,neutral
post_000797,Third time this month - Mott Haven streets are underwater after heavy rain. #UrbanFlooding,flood_concern,bronx,Mott Haven,2025-06-02T10:59:15.642221,409,98,9,721,-0.1,0.25,neutral
post_000798,Subway station at Fordham completely flooded. How are we supposed to get to work? #MTAFlooding,flood_concern,bronx,Fordham,2025-04-19T10:59:15.642221,425,51,18,614,0.1,0.4,neutral
post_000799,Air quality alert for Queens - staying indoors today. #AirPollution #EnvironmentalHealth,environmental_concern,queens,Queens,2025-05-25T10:59:15.644226,386,26,37,538,0.0,0.0,neutral
post_000800,Heat wave hitting Mott Haven hard. Elderly neighbors struggling without AC. #ClimateChange,environmental_concern,bronx,Mott Haven,2025-04-22T10:59:15.644226,112,84,1,366,-0.292,0.542,negative
post_000801,Asthma attacks increasing in our neighborhood. Something needs to be done about Jackson Heights air quality.,health_concern,queens,Jackson Heights,2025-07-31T10:59:15.644226,418,48,13,588,0.0,0.0,neutral
post_000802,Construction dust in Brooklyn is making everyone sick. Where's the oversight? #Pollution,environmental_concern,brooklyn,Brooklyn,2025-08-13T10:59:15.644226,496,82,15,772,-0.714,0.857,negative
post_000803,Kids can't play outside in Dumbo - air quality index is through the roof! #HealthAlert,health_concern,brooklyn,Dumbo,2025-05-15T10:59:15.644226,137,44,49,367,0.0,0.05,neutral
post_000804,Air quality is terrible in Bedstuy today. My breathing problems is acting up again. #NYC #AirQuality,health_concern,brooklyn,Bedstuy,2025-04-19T10:59:15.644226,462,93,28,797,-0.5,0.5,negative
post_000805,Street flooding again in Parkslope! This happens every time it rains. #Flooding #NYC,flood_concern,brooklyn,Parkslope,2025-08-25T10:59:15.644226,15,2,17,55,0.0,0.0,neutral
post_000806,Third time this month - Mott Haven streets are underwater after heavy rain. #UrbanFlooding,flood_concern,bronx,Mott Haven,2025-08-20T10:59:15.644226,419,100,47,813,-0.1,0.25,neutral
post_000807,Another trip to the ER because of breathing problems. When will Huntspoint address the air pollution? #PublicHealth,health_concern,bronx,Huntspoint,2025-09-18T10:59:15.644226,161,32,21,299,0.0,0.0,neutral
post_000808,Heat wave hitting New Dorp hard. Elderly neighbors struggling without AC. #ClimateChange,environmental_concern,staten_island,New Dorp,2025-09-04T10:59:15.644226,214,96,29,560,-0.078,0.498,neutral
post_000809,Basement flooded AGAIN in Crownheights. City needs better drainage infrastructure! #FloodDamage,flood_concern,brooklyn,Crownheights,2025-09-21T10:59:15.644226,425,71,34,706,0.625,0.5,positive
post_000810,Chemical smell in Fordham - anyone else notice this? Worried about health impacts. #Environmental,environmental_concern,bronx,Fordham,2025-05-30T10:59:15.646230,104,85,41,441,0.0,0.0,neutral
post_000811,Heat wave hitting Jackson Heights hard. Elderly neighbors struggling without AC. #ClimateChange,environmental_concern,queens,Jackson Heights,2025-05-26T10:59:15.646230,140,44,12,296,-0.292,0.542,negative
post_000812,Kids can't play outside in Uppereastside - air quality index is through the roof! #HealthAlert,health_concern,manhattan,Uppereastside,2025-09-11T10:59:15.646230,28,13,17,101,0.0,0.05,neutral
post_000813,Heat wave hitting Tottenville hard. Elderly neighbors struggling without AC. #ClimateChange,environmental_concern,staten_island,Tottenville,2025-05-15T10:59:15.646230,470,66,29,726,-0.292,0.542,negative
post_000814,Basement flooded AGAIN in Longislandcity. City needs better drainage infrastructure! #FloodDamage,flood_concern,queens,Longislandcity,2025-05-18T10:59:15.646230,277,97,5,578,0.625,0.5,positive
post_000815,Storm surge warnings for Flushing. Time to move everything upstairs again. #StormSurge,flood_concern,queens,Flushing,2025-08-31T10:59:15.646230,17,49,2,168,0.0,0.0,neutral
post_000816,Subway station at Manhattan completely flooded. How are we supposed to get to work? #MTAFlooding,flood_concern,manhattan,Manhattan,2025-08-09T10:59:15.647234,112,1,41,197,0.1,0.4,neutral
post_000817,Hospital wait times are crazy in New Dorp. So many people with respiratory issues today.,health_concern,staten_island,New Dorp,2025-04-14T10:59:15.647234,445,38,39,637,0.012,0.618,neutral
post_000818,Third time this month - New Dorp streets are underwater after heavy rain. #UrbanFlooding,flood_concern,staten_island,New Dorp,2025-05-06T10:59:15.647234,231,4,4,251,-0.021,0.318,neutral
post_000819,Storm surge warnings for Midtown. Time to move everything upstairs again. #StormSurge,flood_concern,manhattan,Midtown,2025-09-08T10:59:15.647982,395,63,6,596,0.0,0.0,neutral
post_000820,Heat wave hitting Harlem hard. Elderly neighbors struggling without AC. #ClimateChange,environmental_concern,manhattan,Harlem,2025-04-17T10:59:15.647982,62,60,35,312,-0.292,0.542,negative
post_000821,Construction dust in Williamsburg is making everyone sick. Where's the oversight? #Pollution,environmental_concern,brooklyn,Williamsburg,2025-04-20T10:59:15.647982,228,17,0,279,-0.714,0.857,negative
post_000822,Basement flooded AGAIN in Elmhurst. City needs better drainage infrastructure! #FloodDamage,flood_concern,queens,Elmhurst,2025-04-25T10:59:15.648727,277,43,50,506,0.625,0.5,positive
post_000823,Street flooding again in Flushing! This happens every time it rains. #Flooding #NYC,flood_concern,queens,Flushing,2025-06-06T10:59:15.649110,117,53,15,306,0.0,0.0,neutral
post_000824,Air quality is terrible in Harlem today. My asthma is acting up again. #NYC #AirQuality,health_concern,manhattan,Harlem,2025-05-29T10:59:15.649110,500,92,46,868,-0.5,0.5,negative
post_000825,Air quality is terrible in St George today. My allergies is acting up again. #NYC #AirQuality,health_concern,staten_island,St George,2025-04-18T10:59:15.649110,152,68,29,414,-0.5,0.5,negative
post_000826,Hospital wait times are crazy in Chinatown. So many people with respiratory issues today.,health_concern,manhattan,Chinatown,2025-06-06T10:59:15.649110,191,22,0,257,-0.05,0.7,neutral
post_000827,Kids can't play outside in Midtown - air quality index is through the roof! #HealthAlert,health_concern,manhattan,Midtown,2025-06-05T10:59:15.650217,342,18,12,420,0.0,0.05,neutral
post_000828,Another trip to the ER because of allergies. When will Elmhurst address the air pollution? #PublicHealth,health_concern,queens,Elmhurst,2025-05-06T10:59:15.650217,256,93,22,579,0.0,0.0,neutral
post_000829,Air quality alert for Tottenville - staying indoors today. #AirPollution #EnvironmentalHealth,environmental_concern,staten_island,Tottenville,2025-06-06T10:59:15.650217,301,60,1,483,0.0,0.0,neutral
post_000830,Storm surge warnings for Harlem. Time to move everything upstairs again. #StormSurge,flood_concern,manhattan,Harlem,2025-10-01T10:59:15.650217,350,90,28,676,0.0,0.0,neutral
post_000831,Air quality is terrible in Huntspoint today. My asthma is acting up again. #NYC #AirQuality,health_concern,bronx,Huntspoint,2025-05-06T10:59:15.650217,496,58,39,748,-0.5,0.5,negative
post_000832,Street flooding again in New Dorp! This happens every time it rains. #Flooding #NYC,flood_concern,staten_island,New Dorp,2025-08-03T10:59:15.650217,383,67,19,622,0.17,0.455,positive
post_000833,Heat wave hitting Brooklyn hard. Elderly neighbors struggling without AC. #ClimateChange,environmental_concern,brooklyn,Brooklyn,2025-05-23T10:59:15.650217,200,81,27,497,-0.292,0.542,negative
post_000834,Hospital wait times are crazy in Tottenville. So many people with respiratory issues today.,health_concern,staten_island,Tottenville,2025-06-29T10:59:15.651272,253,25,13,354,-0.05,0.7,neutral
post_000835,Third time this month - Brooklyn streets are underwater after heavy rain. #UrbanFlooding,flood_concern,brooklyn,Brooklyn,2025-04-22T10:59:15.651272,248,81,15,521,-0.1,0.25,neutral
post_000836,Hospital wait times are crazy in Elmhurst. So many people with respiratory issues today.,health_concern,queens,Elmhurst,2025-05-09T10:59:15.651272,296,6,23,360,-0.05,0.7,neutral
post_000837,Air quality is terrible in Harlem today. My allergies is acting up again. #NYC #AirQuality,health_concern,manhattan,Harlem,2025-07-12T10:59:15.651272,206,10,26,288,-0.5,0.5,negative
post_000838,Street flooding again in Manhattan! This happens every time it rains. #Flooding #NYC,flood_concern,manhattan,Manhattan,2025-09-18T10:59:15.652266,176,29,50,363,0.0,0.0,neutral
post_000839,Air quality is terrible in Flushing today. My asthma is acting up again. #NYC #AirQuality,health_concern,queens,Flushing,2025-08-02T10:59:15.652266,428,88,37,766,-0.5,0.5,negative
post_000840,Subway station at Elmhurst completely flooded. How are we supposed to get to work? #MTAFlooding,flood_concern,queens,Elmhurst,2025-10-11T10:59:15.652266,95,54,22,301,0.1,0.4,neutral
post_000841,Another trip to the ER because of cough. When will Lowereastside address the air pollution? #PublicHealth,health_concern,manhattan,Lowereastside,2025-05-04T10:59:15.652266,473,83,6,734,0.0,0.0,neutral
post_000842,Subway station at Midtown completely flooded. How are we supposed to get to work? #MTAFlooding,flood_concern,manhattan,Midtown,2025-05-25T10:59:15.652266,186,67,0,387,0.1,0.4,neutral
post_000843,Asthma attacks increasing in our neighborhood. Something needs to be done about Astoria air quality.,health_concern,queens,Astoria,2025-06-11T10:59:15.652266,70,49,23,263,0.0,0.0,neutral
post_000844,Kids can't play outside in Astoria - air quality index is through the roof! #HealthAlert,health_concern,queens,Astoria,2025-05-28T10:59:15.653271,97,9,15,154,0.0,0.05,neutral
post_000845,Kids can't play outside in Harlem - air quality index is through the roof! #HealthAlert,health_concern,manhattan,Harlem,2025-05-07T10:59:15.653271,301,66,25,549,0.0,0.05,neutral
post_000846,Air quality alert for New Dorp - staying indoors today. #AirPollution #EnvironmentalHealth,environmental_concern,staten_island,New Dorp,2025-10-09T10:59:15.653271,118,33,49,315,0.136,0.455,positive
post_000847,Hospital wait times are crazy in Dumbo. So many people with respiratory issues today.,health_concern,brooklyn,Dumbo,2025-10-07T10:59:15.653271,48,82,3,300,-0.05,0.7,neutral
post_000848,Construction dust in Astoria is making everyone sick. Where's the oversight? #Pollution,environmental_concern,queens,Astoria,2025-06-10T10:59:15.653271,314,9,20,381,-0.714,0.857,negative
post_000849,Street flooding again in Fordham! This happens every time it rains. #Flooding #NYC,flood_concern,bronx,Fordham,2025-08-25T10:59:15.654266,211,77,43,528,0.0,0.0,neutral
post_000850,"Green space in Huntspoint being destroyed for development. We need more trees, not less! #Environment",environmental_concern,bronx,Huntspoint,2025-09-09T10:59:15.654266,282,48,16,458,0.135,0.289,positive
post_000851,Another trip to the ER because of allergies. When will Manhattan address the air pollution? #PublicHealth,health_concern,manhattan,Manhattan,2025-07-30T10:59:15.654266,115,86,16,405,0.0,0.0,neutral
post_000852,Subway station at Lowereastside completely flooded. How are we supposed to get to work? #MTAFlooding,flood_concern,manhattan,Lowereastside,2025-04-15T10:59:15.654266,103,46,13,267,0.1,0.4,neutral
post_000853,Subway station at Uppereastside completely flooded. How are we supposed to get to work? #MTAFlooding,flood_concern,manhattan,Uppereastside,2025-07-20T10:59:15.654266,146,4,12,182,0.1,0.4,neutral
post_000854,Heat wave hitting Parkslope hard. Elderly neighbors struggling without AC. #ClimateChange,environmental_concern,brooklyn,Parkslope,2025-08-16T10:59:15.654266,318,94,36,672,-0.292,0.542,negative
post_000855,"Green space in Queens being destroyed for development. We need more trees, not less! #Environment",environmental_concern,queens,Queens,2025-07-21T10:59:15.655270,396,42,30,582,0.135,0.289,positive
post_000856,Air quality alert for Mott Haven - staying indoors today. #AirPollution #EnvironmentalHealth,environmental_concern,bronx,Mott Haven,2025-06-07T10:59:15.655270,353,61,37,610,0.0,0.0,neutral
post_000857,Asthma attacks increasing in our neighborhood. Something needs to be done about Fordham air quality.,health_concern,bronx,Fordham,2025-07-26T10:59:15.655270,95,56,47,357,0.0,0.0,neutral
post_000858,Heat wave hitting Flushing hard. Elderly neighbors struggling without AC. #ClimateChange,environmental_concern,queens,Flushing,2025-04-30T10:59:15.655270,279,14,8,337,-0.292,0.542,negative
post_000859,Kids can't play outside in Crownheights - air quality index is through the roof! #HealthAlert,health_concern,brooklyn,Crownheights,2025-05-02T10:59:15.655270,172,65,40,447,0.0,0.05,neutral
post_000860,Chemical smell in Elmhurst - anyone else notice this? Worried about health impacts. #Environmental,environmental_concern,queens,Elmhurst,2025-05-02T10:59:15.656269,182,56,47,444,0.0,0.0,neutral
post_000861,Storm surge warnings for Bronx. Time to move everything upstairs again. #StormSurge,flood_concern,bronx,Bronx,2025-06-30T10:59:15.656269,399,77,3,636,0.0,0.0,neutral
post_000862,Air quality is terrible in Flushing today. My asthma is acting up again. #NYC #AirQuality,health_concern,queens,Flushing,2025-09-13T10:59:15.656269,172,72,9,406,-0.5,0.5,negative
post_000863,Storm surge warnings for Crownheights. Time to move everything upstairs again. #StormSurge,flood_concern,brooklyn,Crownheights,2025-06-13T10:59:15.656269,117,42,50,343,0.0,0.0,neutral
post_000864,Street flooding again in Williamsburg! This happens every time it rains. #Flooding #NYC,flood_concern,brooklyn,Williamsburg,2025-09-08T10:59:15.656269,312,59,30,549,0.0,0.0,neutral
post_000865,Subway station at Jackson Heights completely flooded. How are we supposed to get to work? #MTAFlooding,flood_concern,queens,Jackson Heights,2025-05-22T10:59:15.656269,108,21,28,227,0.1,0.4,neutral
post_000866,Asthma attacks increasing in our neighborhood. Something needs to be done about Crownheights air quality.,health_concern,brooklyn,Crownheights,2025-09-13T10:59:15.657266,24,49,4,179,0.0,0.0,neutral
post_000867,Asthma attacks increasing in our neighborhood. Something needs to be done about Harlem air quality.,health_concern,manhattan,Harlem,2025-04-16T10:59:15.657266,116,66,26,366,0.0,0.0,neutral
post_000868,Air quality alert for Southbronx - staying indoors today. #AirPollution #EnvironmentalHealth,environmental_concern,bronx,Southbronx,2025-05-09T10:59:15.657266,391,86,26,701,0.0,0.0,neutral
post_000869,Storm surge warnings for Jackson Heights. Time to move everything upstairs again. #StormSurge,flood_concern,queens,Jackson Heights,2025-04-14T10:59:15.657266,31,45,14,194,0.0,0.0,neutral
post_000870,Air quality is terrible in Midtown today. My cough is acting up again. #NYC #AirQuality,health_concern,manhattan,Midtown,2025-07-15T10:59:15.657266,445,74,44,755,-0.5,0.5,negative
post_000871,Construction dust in Parkslope is making everyone sick. Where's the oversight? #Pollution,environmental_concern,brooklyn,Parkslope,2025-06-04T10:59:15.657266,22,95,49,405,-0.714,0.857,negative
post_000872,Hospital wait times are crazy in Mott Haven. So many people with respiratory issues today.,health_concern,bronx,Mott Haven,2025-05-14T10:59:15.658269,315,66,50,613,-0.05,0.7,neutral
post_000873,Subway station at Flushing completely flooded. How are we supposed to get to work? #MTAFlooding,flood_concern,queens,Flushing,2025-09-10T10:59:15.658269,23,30,34,181,0.1,0.4,neutral
post_000874,Subway station at Williamsburg completely flooded. How are we supposed to get to work? #MTAFlooding,flood_concern,brooklyn,Williamsburg,2025-04-21T10:59:15.658269,175,90,23,491,0.1,0.4,neutral
post_000875,Air quality alert for St George - staying indoors today. #AirPollution #EnvironmentalHealth,environmental_concern,staten_island,St George,2025-04-14T10:59:15.658269,174,76,14,430,0.0,0.0,neutral
post_000876,Chemical smell in Astoria - anyone else notice this? Worried about health impacts. #Environmental,environmental_concern,queens,Astoria,2025-07-09T10:59:15.658269,217,34,3,325,0.0,0.0,neutral
post_000877,Asthma attacks increasing in our neighborhood. Something needs to be done about Manhattan air quality.,health_concern,manhattan,Manhattan,2025-07-01T10:59:15.659265,276,11,5,319,0.0,0.0,neutral
post_000878,Air quality is terrible in Lowereastside today. My cough is acting up again. #NYC #AirQuality,health_concern,manhattan,Lowereastside,2025-06-26T10:59:15.659265,88,83,16,369,-0.5,0.5,negative
post_000879,Asthma attacks increasing in our neighborhood. Something needs to be done about Fordham air quality.,health_concern,bronx,Fordham,2025-08-13T10:59:15.659265,45,11,26,130,0.0,0.0,neutral
post_000880,Heat wave hitting Astoria hard. Elderly neighbors struggling without AC. #ClimateChange,environmental_concern,queens,Astoria,2025-09-30T10:59:15.659265,135,24,48,303,-0.292,0.542,negative
post_000881,Basement flooded AGAIN in Tottenville. City needs better drainage infrastructure! #FloodDamage,flood_concern,staten_island,Tottenville,2025-09-20T10:59:15.659265,363,16,31,473,0.625,0.5,positive
post_000882,"Green space in Manhattan being destroyed for development. We need more trees, not less! #Environment",environmental_concern,manhattan,Manhattan,2025-06-30T10:59:15.659265,229,77,0,460,0.135,0.289,positive
post_000883,Air quality is terrible in Southbronx today. My breathing problems is acting up again. #NYC #AirQuality,health_concern,bronx,Southbronx,2025-09-18T10:59:15.660264,201,14,31,305,-0.5,0.5,negative
post_000884,Another trip to the ER because of cough. When will Huntspoint address the air pollution? #PublicHealth,health_concern,bronx,Huntspoint,2025-04-21T10:59:15.660264,457,38,38,647,0.0,0.0,neutral
post_000885,Construction dust in New Dorp is making everyone sick. Where's the oversight? #Pollution,environmental_concern,staten_island,New Dorp,2025-08-03T10:59:15.660264,335,64,35,597,-0.289,0.656,negative
post_000886,Subway station at Fordham completely flooded. How are we supposed to get to work? #MTAFlooding,flood_concern,bronx,Fordham,2025-06-17T10:59:15.660264,4,65,36,271,0.1,0.4,neutral
post_000887,Kids can't play outside in St George - air quality index is through the roof! #HealthAlert,health_concern,staten_island,St George,2025-07-30T10:59:15.660264,276,19,45,423,0.0,0.05,neutral
post_000888,Chemical smell in Statenisland - anyone else notice this? Worried about health impacts. #Environmental,environmental_concern,staten_island,Statenisland,2025-09-10T10:59:15.661265,191,3,14,228,0.0,0.0,neutral
post_000889,Air quality alert for Queens - staying indoors today. #AirPollution #EnvironmentalHealth,environmental_concern,queens,Queens,2025-08-21T10:59:15.661265,242,86,33,566,0.0,0.0,neutral
post_000890,Asthma attacks increasing in our neighborhood. Something needs to be done about Huntspoint air quality.,health_concern,bronx,Huntspoint,2025-08-09T10:59:15.661265,376,85,31,693,0.0,0.0,neutral
post_000891,Chemical smell in New Dorp - anyone else notice this? Worried about health impacts. #Environmental,environmental_concern,staten_island,New Dorp,2025-07-13T10:59:15.661265,86,47,8,243,0.136,0.455,positive
post_000892,Third time this month - Manhattan streets are underwater after heavy rain. #UrbanFlooding,flood_concern,manhattan,Manhattan,2025-06-04T10:59:15.661265,449,27,22,574,-0.1,0.25,neutral
post_000893,Construction dust in Longislandcity is making everyone sick. Where's the oversight? #Pollution,environmental_concern,queens,Longislandcity,2025-09-19T10:59:15.661265,297,71,19,548,-0.714,0.857,negative
post_000894,Chemical smell in Tottenville - anyone else notice this? Worried about health impacts. #Environmental,environmental_concern,staten_island,Tottenville,2025-05-19T10:59:15.662267,121,100,47,515,0.0,0.0,neutral
post_000895,Chemical smell in Manhattan - anyone else notice this? Worried about health impacts. #Environmental,environmental_concern,manhattan,Manhattan,2025-09-04T10:59:15.662267,6,66,5,214,0.0,0.0,neutral
post_000896,Storm surge warnings for Queens. Time to move everything upstairs again. #StormSurge,flood_concern,queens,Queens,2025-04-15T10:59:15.662267,183,97,8,490,0.0,0.0,neutral
post_000897,Another trip to the ER because of allergies. When will Midtown address the air pollution? #PublicHealth,health_concern,manhattan,Midtown,2025-10-01T10:59:15.662267,310,55,6,487,0.0,0.0,neutral
post_000898,"Green space in Manhattan being destroyed for development. We need more trees, not less! #Environment",environmental_concern,manhattan,Manhattan,2025-07-28T10:59:15.662267,189,15,29,292,0.135,0.289,positive
post_000899,Street flooding again in St George! This happens every time it rains. #Flooding #NYC,flood_concern,staten_island,St George,2025-05-26T10:59:15.662267,341,74,7,577,0.0,0.0,neutral
post_000900,Chemical smell in New Dorp - anyone else notice this? Worried about health impacts. #Environmental,environmental_concern,staten_island,New Dorp,2025-08-10T10:59:15.663264,17,30,25,157,0.136,0.455,positive
post_000901,Hospital wait times are crazy in Manhattan. So many people with respiratory issues today.,health_concern,manhattan,Manhattan,2025-07-20T10:59:15.663264,255,67,35,526,-0.05,0.7,neutral
post_000902,Air quality alert for Jackson Heights - staying indoors today. #AirPollution #EnvironmentalHealth,environmental_concern,queens,Jackson Heights,2025-08-13T10:59:15.663264,59,5,5,84,0.0,0.0,neutral
post_000903,Third time this month - Chinatown streets are underwater after heavy rain. #UrbanFlooding,flood_concern,manhattan,Chinatown,2025-08-28T10:59:15.663264,108,100,4,416,-0.1,0.25,neutral
post_000904,Construction dust in New Dorp is making everyone sick. Where's the oversight? #Pollution,environmental_concern,staten_island,New Dorp,2025-06-19T10:59:15.663264,255,16,45,393,-0.289,0.656,negative
post_000905,Asthma attacks increasing in our neighborhood. Something needs to be done about Jackson Heights air quality.,health_concern,queens,Jackson Heights,2025-06-14T10:59:15.664264,298,100,10,618,0.0,0.0,neutral
post_000906,Air quality alert for Dumbo - staying indoors today. #AirPollution #EnvironmentalHealth,environmental_concern,brooklyn,Dumbo,2025-04-16T10:59:15.664264,303,56,12,495,0.0,0.0,neutral
post_000907,Another trip to the ER because of asthma. When will Parkslope address the air pollution? #PublicHealth,health_concern,brooklyn,Parkslope,2025-04-15T10:59:15.664264,31,95,31,378,0.0,0.0,neutral
post_000908,"Green space in Lowereastside being destroyed for development. We need more trees, not less! #Environment",environmental_concern,manhattan,Lowereastside,2025-04-14T10:59:15.664264,455,21,44,606,0.135,0.289,positive
post_000909,Storm surge warnings for Southbronx. Time to move everything upstairs again. #StormSurge,flood_concern,bronx,Southbronx,2025-08-16T10:59:15.664264,4,0,25,54,0.0,0.0,neutral
post_000910,Another trip to the ER because of breathing problems. When will Jackson Heights address the air pollution? #PublicHealth,health_concern,queens,Jackson Heights,2025-08-06T10:59:15.665749,288,73,40,587,0.0,0.0,neutral
post_000911,Air quality is terrible in St George today. My cough is acting up again. #NYC #AirQuality,health_concern,staten_island,St George,2025-06-01T10:59:15.665749,448,11,19,519,-0.5,0.5,negative
post_000912,Basement flooded AGAIN in Elmhurst. City needs better drainage infrastructure! #FloodDamage,flood_concern,queens,Elmhurst,2025-04-21T10:59:15.665749,298,55,37,537,0.625,0.5,positive
post_000913,Another trip to the ER because of asthma. When will Williamsburg address the air pollution? #PublicHealth,health_concern,brooklyn,Williamsburg,2025-08-20T10:59:15.665749,331,2,4,345,0.0,0.0,neutral
post_000914,Construction dust in New Dorp is making everyone sick. Where's the oversight? #Pollution,environmental_concern,staten_island,New Dorp,2025-09-13T10:59:15.666791,205,91,50,578,-0.289,0.656,negative
post_000915,Air quality is terrible in Astoria today. My breathing problems is acting up again. #NYC #AirQuality,health_concern,queens,Astoria,2025-07-15T10:59:15.666791,294,22,39,438,-0.5,0.5,negative
post_000916,Street flooding again in St George! This happens every time it rains. #Flooding #NYC,flood_concern,staten_island,St George,2025-07-07T10:59:15.666791,152,60,50,432,0.0,0.0,neutral
post_000917,Air quality is terrible in New Dorp today. My allergies is acting up again. #NYC #AirQuality,health_concern,staten_island,New Dorp,2025-07-20T10:59:15.666791,48,6,39,144,-0.288,0.485,negative
post_000918,Another trip to the ER because of allergies. When will Statenisland address the air pollution? #PublicHealth,health_concern,staten_island,Statenisland,2025-04-27T10:59:15.666791,283,74,6,517,0.0,0.0,neutral
post_000919,Storm surge warnings for Fordham. Time to move everything upstairs again. #StormSurge,flood_concern,bronx,Fordham,2025-05-22T10:59:15.667789,346,39,4,471,0.0,0.0,neutral
post_000920,Another trip to the ER because of breathing problems. When will Southbronx address the air pollution? #PublicHealth,health_concern,bronx,Southbronx,2025-06-25T10:59:15.667789,484,11,43,603,0.0,0.0,neutral
post_000921,Asthma attacks increasing in our neighborhood. Something needs to be done about Tottenville air quality.,health_concern,staten_island,Tottenville,2025-09-13T10:59:15.667789,244,71,18,493,0.0,0.0,neutral
post_000922,Air quality is terrible in Bronx today. My cough is acting up again. #NYC #AirQuality,health_concern,bronx,Bronx,2025-08-29T10:59:15.667789,385,55,13,576,-0.5,0.5,negative
post_000923,Construction dust in Williamsburg is making everyone sick. Where's the oversight? #Pollution,environmental_concern,brooklyn,Williamsburg,2025-06-12T10:59:15.667789,454,72,32,734,-0.714,0.857,negative
post_000924,Kids can't play outside in Harlem - air quality index is through the roof! #HealthAlert,health_concern,manhattan,Harlem,2025-05-02T10:59:15.667789,110,53,46,361,0.0,0.05,neutral
post_000925,Storm surge warnings for Bedstuy. Time to move everything upstairs again. #StormSurge,flood_concern,brooklyn,Bedstuy,2025-06-24T10:59:15.668843,425,25,18,536,0.0,0.0,neutral
post_000926,Storm surge warnings for Chinatown. Time to move everything upstairs again. #StormSurge,flood_concern,manhattan,Chinatown,2025-04-21T10:59:15.668843,169,90,35,509,0.0,0.0,neutral
post_000927,Asthma attacks increasing in our neighborhood. Something needs to be done about Tottenville air quality.,health_concern,staten_island,Tottenville,2025-07-22T10:59:15.668843,168,40,2,292,0.0,0.0,neutral
post_000928,Storm surge warnings for Astoria. Time to move everything upstairs again. #StormSurge,flood_concern,queens,Astoria,2025-04-21T10:59:15.668843,360,59,28,593,0.0,0.0,neutral
post_000929,Air quality is terrible in Elmhurst today. My asthma is acting up again. #NYC #AirQuality,health_concern,queens,Elmhurst,2025-04-16T10:59:15.668843,294,45,4,437,-0.5,0.5,negative
post_000930,Subway station at Elmhurst completely flooded. How are we supposed to get to work? #MTAFlooding,flood_concern,queens,Elmhurst,2025-06-22T10:59:15.668843,345,71,30,618,0.1,0.4,neutral
post_000931,Air quality alert for Manhattan - staying indoors today. #AirPollution #EnvironmentalHealth,environmental_concern,manhattan,Manhattan,2025-06-23T10:59:15.669839,484,82,41,812,0.0,0.0,neutral
post_000932,"Green space in Chinatown being destroyed for development. We need more trees, not less! #Environment",environmental_concern,manhattan,Chinatown,2025-05-06T10:59:15.669839,79,100,0,379,0.135,0.289,positive
post_000933,Construction dust in Crownheights is making everyone sick. Where's the oversight? #Pollution,environmental_concern,brooklyn,Crownheights,2025-04-16T10:59:15.669839,235,94,25,567,-0.714,0.857,negative
post_000934,Another trip to the ER because of breathing problems. When will Elmhurst address the air pollution? #PublicHealth,health_concern,queens,Elmhurst,2025-09-09T10:59:15.669839,177,3,31,248,0.0,0.0,neutral
post_000935,Asthma attacks increasing in our neighborhood. Something needs to be done about St George air quality.,health_concern,staten_island,St George,2025-05-09T10:59:15.669839,57,100,22,401,0.0,0.0,neutral
post_000936,Another trip to the ER because of allergies. When will Chinatown address the air pollution? #PublicHealth,health_concern,manhattan,Chinatown,2025-04-27T10:59:15.669839,117,77,39,426,0.0,0.0,neutral
post_000937,Basement flooded AGAIN in Bronx. City needs better drainage infrastructure! #FloodDamage,flood_concern,bronx,Bronx,2025-05-10T10:59:15.670840,479,78,4,721,0.625,0.5,positive
post_000938,Air quality alert for Fordham - staying indoors today. #AirPollution #EnvironmentalHealth,environmental_concern,bronx,Fordham,2025-10-04T10:59:15.670840,493,86,3,757,0.0,0.0,neutral
post_000939,Third time this month - Brooklyn streets are underwater after heavy rain. #UrbanFlooding,flood_concern,brooklyn,Brooklyn,2025-04-20T10:59:15.670840,49,1,35,122,-0.1,0.25,neutral
post_000940,Third time this month - Huntspoint streets are underwater after heavy rain. #UrbanFlooding,flood_concern,bronx,Huntspoint,2025-09-15T10:59:15.670840,319,70,2,533,-0.1,0.25,neutral
post_000941,Storm surge warnings for Harlem. Time to move everything upstairs again. #StormSurge,flood_concern,manhattan,Harlem,2025-04-23T10:59:15.670840,319,68,16,555,0.0,0.0,neutral
post_000942,Hospital wait times are crazy in Flushing. So many people with respiratory issues today.,health_concern,queens,Flushing,2025-08-22T10:59:15.671842,444,54,11,628,-0.05,0.7,neutral
post_000943,Hospital wait times are crazy in Jackson Heights. So many people with respiratory issues today.,health_concern,queens,Jackson Heights,2025-08-07T10:59:15.671842,152,28,36,308,-0.05,0.7,neutral
post_000944,Street flooding again in Lowereastside! This happens every time it rains. #Flooding #NYC,flood_concern,manhattan,Lowereastside,2025-09-24T10:59:15.671842,118,50,21,310,0.0,0.0,neutral
post_000945,Air quality is terrible in New Dorp today. My cough is acting up again. #NYC #AirQuality,health_concern,staten_island,New Dorp,2025-09-25T10:59:15.671842,215,67,13,442,-0.288,0.485,negative
post_000946,Street flooding again in New Dorp! This happens every time it rains. #Flooding #NYC,flood_concern,staten_island,New Dorp,2025-06-02T10:59:15.671842,307,51,45,550,0.17,0.455,positive
post_000947,Construction dust in Queens is making everyone sick. Where's the oversight? #Pollution,environmental_concern,queens,Queens,2025-06-13T10:59:15.671842,479,59,2,660,-0.714,0.857,negative
post_000948,Subway station at New Dorp completely flooded. How are we supposed to get to work? #MTAFlooding,flood_concern,staten_island,New Dorp,2025-05-02T10:59:15.672839,315,5,35,400,0.118,0.427,positive
post_000949,Heat wave hitting Fordham hard. Elderly neighbors struggling without AC. #ClimateChange,environmental_concern,bronx,Fordham,2025-05-13T10:59:15.672839,471,87,36,804,-0.292,0.542,negative
post_000950,Hospital wait times are crazy in Fordham. So many people with respiratory issues today.,health_concern,bronx,Fordham,2025-04-29T10:59:15.672839,130,23,21,241,-0.05,0.7,neutral
post_000951,Air quality alert for Harlem - staying indoors today. #AirPollution #EnvironmentalHealth,environmental_concern,manhattan,Harlem,2025-06-29T10:59:15.672839,152,44,26,336,0.0,0.0,neutral
post_000952,Subway station at Statenisland completely flooded. How are we supposed to get to work? #MTAFlooding,flood_concern,staten_island,Statenisland,2025-09-18T10:59:15.672839,30,19,14,115,0.1,0.4,neutral
post_000953,Hospital wait times are crazy in Southbronx. So many people with respiratory issues today.,health_concern,bronx,Southbronx,2025-08-06T10:59:15.672839,47,97,40,418,-0.05,0.7,neutral
post_000954,Heat wave hitting New Dorp hard. Elderly neighbors struggling without AC. #ClimateChange,environmental_concern,staten_island,New Dorp,2025-08-02T10:59:15.673838,457,57,37,702,-0.078,0.498,neutral
post_000955,"Green space in Bronx being destroyed for development. We need more trees, not less! #Environment",environmental_concern,bronx,Bronx,2025-10-05T10:59:15.673838,196,47,47,431,0.135,0.289,positive
post_000956,Construction dust in New Dorp is making everyone sick. Where's the oversight? #Pollution,environmental_concern,staten_island,New Dorp,2025-04-17T10:59:15.673838,404,7,27,479,-0.289,0.656,negative
post_000957,Subway station at Williamsburg completely flooded. How are we supposed to get to work? #MTAFlooding,flood_concern,brooklyn,Williamsburg,2025-07-19T10:59:15.673838,185,97,22,520,0.1,0.4,neutral
post_000958,Air quality alert for Midtown - staying indoors today. #AirPollution #EnvironmentalHealth,environmental_concern,manhattan,Midtown,2025-05-08T10:59:15.673838,35,84,26,339,0.0,0.0,neutral
post_000959,"Green space in Fordham being destroyed for development. We need more trees, not less! #Environment",environmental_concern,bronx,Fordham,2025-09-14T10:59:15.674839,172,40,36,364,0.135,0.289,positive
post_000960,"Green space in Williamsburg being destroyed for development. We need more trees, not less! #Environment",environmental_concern,brooklyn,Williamsburg,2025-08-31T10:59:15.674839,484,99,3,787,0.135,0.289,positive
post_000961,Hospital wait times are crazy in New Dorp. So many people with respiratory issues today.,health_concern,staten_island,New Dorp,2025-05-26T10:59:15.674839,479,94,18,797,0.012,0.618,neutral
post_000962,Another trip to the ER because of allergies. When will Parkslope address the air pollution? #PublicHealth,health_concern,brooklyn,Parkslope,2025-08-07T10:59:15.674839,83,12,40,199,0.0,0.0,neutral
post_000963,"Green space in Longislandcity being destroyed for development. We need more trees, not less! #Environment",environmental_concern,queens,Longislandcity,2025-07-05T10:59:15.674839,214,52,41,452,0.135,0.289,positive
post_000964,Kids can't play outside in Chinatown - air quality index is through the roof! #HealthAlert,health_concern,manhattan,Chinatown,2025-06-23T10:59:15.675841,364,12,36,472,0.0,0.05,neutral
post_000965,"Green space in St George being destroyed for development. We need more trees, not less! #Environment",environmental_concern,staten_island,St George,2025-07-22T10:59:15.675841,134,38,31,310,0.135,0.289,positive
post_000966,Subway station at Tottenville completely flooded. How are we supposed to get to work? #MTAFlooding,flood_concern,staten_island,Tottenville,2025-10-08T10:59:15.675841,17,17,29,126,0.1,0.4,neutral
post_000967,Chemical smell in Fordham - anyone else notice this? Worried about health impacts. #Environmental,environmental_concern,bronx,Fordham,2025-10-09T10:59:15.675841,445,33,19,582,0.0,0.0,neutral
post_000968,Third time this month - Uppereastside streets are underwater after heavy rain. #UrbanFlooding,flood_concern,manhattan,Uppereastside,2025-07-27T10:59:15.675841,277,59,16,486,-0.1,0.25,neutral
post_000969,Air quality is terrible in Chinatown today. My cough is acting up again. #NYC #AirQuality,health_concern,manhattan,Chinatown,2025-07-26T10:59:15.675841,115,61,47,392,-0.5,0.5,negative
post_000970,Chemical smell in Mott Haven - anyone else notice this? Worried about health impacts. #Environmental,environmental_concern,bronx,Mott Haven,2025-06-01T10:59:15.676838,359,32,24,503,0.0,0.0,neutral
post_000971,Third time this month - Parkslope streets are underwater after heavy rain. #UrbanFlooding,flood_concern,brooklyn,Parkslope,2025-06-19T10:59:15.676838,96,42,31,284,-0.1,0.25,neutral
post_000972,Asthma attacks increasing in our neighborhood. Something needs to be done about Southbronx air quality.,health_concern,bronx,Southbronx,2025-05-24T10:59:15.676838,387,23,15,486,0.0,0.0,neutral
post_000973,Kids can't play outside in Bronx - air quality index is through the roof! #HealthAlert,health_concern,bronx,Bronx,2025-04-19T10:59:15.676838,462,56,41,712,0.0,0.05,neutral
post_000974,Asthma attacks increasing in our neighborhood. Something needs to be done about Huntspoint air quality.,health_concern,bronx,Huntspoint,2025-06-17T10:59:15.676838,432,18,36,558,0.0,0.0,neutral
post_000975,Third time this month - Longislandcity streets are underwater after heavy rain. #UrbanFlooding,flood_concern,queens,Longislandcity,2025-05-05T10:59:15.677841,470,28,31,616,-0.1,0.25,neutral
post_000976,Kids can't play outside in Huntspoint - air quality index is through the roof! #HealthAlert,health_concern,bronx,Huntspoint,2025-04-17T10:59:15.677841,229,68,41,515,0.0,0.05,neutral
post_000977,Third time this month - Williamsburg streets are underwater after heavy rain. #UrbanFlooding,flood_concern,brooklyn,Williamsburg,2025-04-16T10:59:15.677841,289,67,14,518,-0.1,0.25,neutral
post_000978,Another trip to the ER because of asthma. When will St George address the air pollution? #PublicHealth,health_concern,staten_island,St George,2025-05-10T10:59:15.677841,459,99,28,812,0.0,0.0,neutral
post_000979,Another trip to the ER because of breathing problems. When will Bedstuy address the air pollution? #PublicHealth,health_concern,brooklyn,Bedstuy,2025-09-01T10:59:15.677841,366,100,22,710,0.0,0.0,neutral
post_000980,Asthma attacks increasing in our neighborhood. Something needs to be done about Elmhurst air quality.,health_concern,queens,Elmhurst,2025-09-06T10:59:15.677841,158,63,6,359,0.0,0.0,neutral
post_000981,Basement flooded AGAIN in St George. City needs better drainage infrastructure! #FloodDamage,flood_concern,staten_island,St George,2025-07-13T10:59:15.678839,344,88,43,694,0.625,0.5,positive
post_000982,Air quality is terrible in Parkslope today. My breathing problems is acting up again. #NYC #AirQuality,health_concern,brooklyn,Parkslope,2025-08-23T10:59:15.678839,405,47,20,586,-0.5,0.5,negative
post_000983,Heat wave hitting Astoria hard. Elderly neighbors struggling without AC. #ClimateChange,environmental_concern,queens,Astoria,2025-05-02T10:59:15.678839,459,18,32,577,-0.292,0.542,negative
post_000984,"Green space in Queens being destroyed for development. We need more trees, not less! #Environment",environmental_concern,queens,Queens,2025-06-14T10:59:15.678839,179,94,14,489,0.135,0.289,positive
post_000985,Street flooding again in Parkslope! This happens every time it rains. #Flooding #NYC,flood_concern,brooklyn,Parkslope,2025-04-23T10:59:15.678839,13,82,15,289,0.0,0.0,neutral
post_000986,Kids can't play outside in New Dorp - air quality index is through the roof! #HealthAlert,health_concern,staten_island,New Dorp,2025-09-04T10:59:15.678839,439,74,36,733,0.085,0.252,neutral
post_000987,Air quality is terrible in Midtown today. My allergies is acting up again. #NYC #AirQuality,health_concern,manhattan,Midtown,2025-09-27T10:59:15.679839,108,15,43,239,-0.5,0.5,negative
post_000988,Asthma attacks increasing in our neighborhood. Something needs to be done about Longislandcity air quality.,health_concern,queens,Longislandcity,2025-09-24T10:59:15.679839,120,13,14,187,0.0,0.0,neutral
post_000989,Chemical smell in Mott Haven - anyone else notice this? Worried about health impacts. #Environmental,environmental_concern,bronx,Mott Haven,2025-08-29T10:59:15.679839,380,48,23,570,0.0,0.0,neutral
post_000990,Air quality alert for New Dorp - staying indoors today. #AirPollution #EnvironmentalHealth,environmental_concern,staten_island,New Dorp,2025-08-06T10:59:15.680840,331,29,49,516,0.136,0.455,positive
post_000991,Hospital wait times are crazy in Mott Haven. So many people with respiratory issues today.,health_concern,bronx,Mott Haven,2025-06-03T10:59:15.680840,178,38,4,300,-0.05,0.7,neutral
post_000992,Basement flooded AGAIN in Elmhurst. City needs better drainage infrastructure! #FloodDamage,flood_concern,queens,Elmhurst,2025-09-08T10:59:15.680840,447,36,8,571,0.625,0.5,positive
post_000993,Construction dust in Dumbo is making everyone sick. Where's the oversight? #Pollution,environmental_concern,brooklyn,Dumbo,2025-08-05T10:59:15.680840,96,26,3,180,-0.714,0.857,negative
post_000994,Subway station at Huntspoint completely flooded. How are we supposed to get to work? #MTAFlooding,flood_concern,bronx,Huntspoint,2025-05-17T10:59:15.680840,134,90,41,486,0.1,0.4,neutral
post_000995,Air quality is terrible in St George today. My asthma is acting up again. #NYC #AirQuality,health_concern,staten_island,St George,2025-08-01T10:59:15.681906,43,46,16,213,-0.5,0.5,negative
post_000996,Street flooding again in St George! This happens every time it rains. #Flooding #NYC,flood_concern,staten_island,St George,2025-09-05T10:59:15.681906,429,25,23,550,0.0,0.0,neutral
post_000997,Basement flooded AGAIN in Flushing. City needs better drainage infrastructure! #FloodDamage,flood_concern,queens,Flushing,2025-04-21T10:59:15.681906,125,1,29,186,0.625,0.5,positive
post_000998,Street flooding again in Dumbo! This happens every time it rains. #Flooding #NYC,flood_concern,brooklyn,Dumbo,2025-06-13T10:59:15.681906,407,58,18,617,0.0,0.0,neutral
post_000999,Subway station at St George completely flooded. How are we supposed to get to work? #MTAFlooding,flood_concern,staten_island,St George,2025-05-30T10:59:15.681906,190,28,38,350,0.1,0.4,neutral
